num_pairs,num_failures,failure_rate,failure_num_spans_mean,failure_num_services_mean,failure_delta_mean,failure_delta_min,experiment_key,train_dataset,test_dataset,seed,method
85,3,0.03529411764705882,49.666666666666664,7.0,-0.18619809548060098,-0.558594286441803,train_dataset_1_test_dataset_2_seed_0,dataset_1,dataset_2,0,Global Weighted Residual STV k=1 clip=5.0
152,12,0.07894736842105263,41.0,5.166666666666667,-0.38893546598653,-0.8796322643756866,train_dataset_1_test_dataset_3_seed_0,dataset_1,dataset_3,0,Global Weighted Residual STV k=1 clip=5.0
269,121,0.44981412639405205,21.50413223140496,3.231404958677686,-0.43985927628337845,-2.0099456906318665,train_dataset_2_test_dataset_1_seed_0,dataset_2,dataset_1,0,Global Weighted Residual STV k=1 clip=5.0
153,36,0.23529411764705882,18.916666666666668,3.111111111111111,-0.37180452121214735,-1.6233147084712982,train_dataset_2_test_dataset_3_seed_0,dataset_2,dataset_3,0,Global Weighted Residual STV k=1 clip=5.0
244,94,0.38524590163934425,24.617021276595743,4.042553191489362,-0.21650047005808098,-1.411028802394867,train_dataset_3_test_dataset_1_seed_0,dataset_3,dataset_1,0,Global Weighted Residual STV k=1 clip=5.0
79,13,0.16455696202531644,62.53846153846154,8.384615384615385,-0.21486948315913862,-1.1398948431015015,train_dataset_3_test_dataset_2_seed_0,dataset_3,dataset_2,0,Global Weighted Residual STV k=1 clip=5.0
85,3,0.03529411764705882,49.666666666666664,7.0,-0.18619809548060098,-0.558594286441803,train_dataset_1_test_dataset_2_seed_1,dataset_1,dataset_2,1,Global Weighted Residual STV k=1 clip=5.0
152,12,0.07894736842105263,41.0,5.166666666666667,-0.38893546598653,-0.8796322643756866,train_dataset_1_test_dataset_3_seed_1,dataset_1,dataset_3,1,Global Weighted Residual STV k=1 clip=5.0
269,121,0.44981412639405205,21.50413223140496,3.231404958677686,-0.43985927628337845,-2.0099456906318665,train_dataset_2_test_dataset_1_seed_1,dataset_2,dataset_1,1,Global Weighted Residual STV k=1 clip=5.0
153,36,0.23529411764705882,18.916666666666668,3.111111111111111,-0.37180452121214735,-1.6233147084712982,train_dataset_2_test_dataset_3_seed_1,dataset_2,dataset_3,1,Global Weighted Residual STV k=1 clip=5.0
244,94,0.38524590163934425,24.617021276595743,4.042553191489362,-0.21650047005808098,-1.411028802394867,train_dataset_3_test_dataset_1_seed_1,dataset_3,dataset_1,1,Global Weighted Residual STV k=1 clip=5.0
79,13,0.16455696202531644,62.53846153846154,8.384615384615385,-0.21486948315913862,-1.1398948431015015,train_dataset_3_test_dataset_2_seed_1,dataset_3,dataset_2,1,Global Weighted Residual STV k=1 clip=5.0
85,3,0.03529411764705882,49.666666666666664,7.0,-0.18619809548060098,-0.558594286441803,train_dataset_1_test_dataset_2_seed_2,dataset_1,dataset_2,2,Global Weighted Residual STV k=1 clip=5.0
152,12,0.07894736842105263,41.0,5.166666666666667,-0.38893546598653,-0.8796322643756866,train_dataset_1_test_dataset_3_seed_2,dataset_1,dataset_3,2,Global Weighted Residual STV k=1 clip=5.0
269,121,0.44981412639405205,21.50413223140496,3.231404958677686,-0.43985927628337845,-2.0099456906318665,train_dataset_2_test_dataset_1_seed_2,dataset_2,dataset_1,2,Global Weighted Residual STV k=1 clip=5.0
153,36,0.23529411764705882,18.916666666666668,3.111111111111111,-0.37180452121214735,-1.6233147084712982,train_dataset_2_test_dataset_3_seed_2,dataset_2,dataset_3,2,Global Weighted Residual STV k=1 clip=5.0
244,94,0.38524590163934425,24.617021276595743,4.042553191489362,-0.21650047005808098,-1.411028802394867,train_dataset_3_test_dataset_1_seed_2,dataset_3,dataset_1,2,Global Weighted Residual STV k=1 clip=5.0
79,13,0.16455696202531644,62.53846153846154,8.384615384615385,-0.21486948315913862,-1.1398948431015015,train_dataset_3_test_dataset_2_seed_2,dataset_3,dataset_2,2,Global Weighted Residual STV k=1 clip=5.0
85,3,0.03529411764705882,49.666666666666664,7.0,-0.18619809548060098,-0.558594286441803,train_dataset_1_test_dataset_2_seed_3,dataset_1,dataset_2,3,Global Weighted Residual STV k=1 clip=5.0
152,12,0.07894736842105263,41.0,5.166666666666667,-0.38893546598653,-0.8796322643756866,train_dataset_1_test_dataset_3_seed_3,dataset_1,dataset_3,3,Global Weighted Residual STV k=1 clip=5.0
269,121,0.44981412639405205,21.50413223140496,3.231404958677686,-0.43985927628337845,-2.0099456906318665,train_dataset_2_test_dataset_1_seed_3,dataset_2,dataset_1,3,Global Weighted Residual STV k=1 clip=5.0
153,36,0.23529411764705882,18.916666666666668,3.111111111111111,-0.37180452121214735,-1.6233147084712982,train_dataset_2_test_dataset_3_seed_3,dataset_2,dataset_3,3,Global Weighted Residual STV k=1 clip=5.0
244,94,0.38524590163934425,24.617021276595743,4.042553191489362,-0.21650047005808098,-1.411028802394867,train_dataset_3_test_dataset_1_seed_3,dataset_3,dataset_1,3,Global Weighted Residual STV k=1 clip=5.0
79,13,0.16455696202531644,62.53846153846154,8.384615384615385,-0.21486948315913862,-1.1398948431015015,train_dataset_3_test_dataset_2_seed_3,dataset_3,dataset_2,3,Global Weighted Residual STV k=1 clip=5.0
85,3,0.03529411764705882,49.666666666666664,7.0,-0.18619809548060098,-0.558594286441803,train_dataset_1_test_dataset_2_seed_4,dataset_1,dataset_2,4,Global Weighted Residual STV k=1 clip=5.0
152,12,0.07894736842105263,41.0,5.166666666666667,-0.38893546598653,-0.8796322643756866,train_dataset_1_test_dataset_3_seed_4,dataset_1,dataset_3,4,Global Weighted Residual STV k=1 clip=5.0
269,121,0.44981412639405205,21.50413223140496,3.231404958677686,-0.43985927628337845,-2.0099456906318665,train_dataset_2_test_dataset_1_seed_4,dataset_2,dataset_1,4,Global Weighted Residual STV k=1 clip=5.0
153,36,0.23529411764705882,18.916666666666668,3.111111111111111,-0.37180452121214735,-1.6233147084712982,train_dataset_2_test_dataset_3_seed_4,dataset_2,dataset_3,4,Global Weighted Residual STV k=1 clip=5.0
244,94,0.38524590163934425,24.617021276595743,4.042553191489362,-0.21650047005808098,-1.411028802394867,train_dataset_3_test_dataset_1_seed_4,dataset_3,dataset_1,4,Global Weighted Residual STV k=1 clip=5.0
79,13,0.16455696202531644,62.53846153846154,8.384615384615385,-0.21486948315913862,-1.1398948431015015,train_dataset_3_test_dataset_2_seed_4,dataset_3,dataset_2,4,Global Weighted Residual STV k=1 clip=5.0
