stage,time_mean_sec,time_std_sec,memory_mean_mb,memory_std_mb,num_features_mean,num_train_traces_mean,num_test_traces_mean,runs
baseline_if_train,0.424608478407444,0.09749557594770414,0.06918631659613715,0.027286132881197668,168.22222222222223,111.0,60.666666666666664,9
enhanced_if_train,0.38740038066663585,0.09200144918090473,0.06918631659613715,0.027286132881197668,168.22222222222223,111.0,60.666666666666664,9
build_train_stv_matrix,0.11634566551856551,0.057899051809055274,0.06918631659613715,0.027286132881197668,168.22222222222223,111.0,60.666666666666664,9
build_test_stv_matrix,0.047069402185183275,0.021163481272184956,0.03781170315212674,0.0145996212217229,168.22222222222223,111.0,60.666666666666664,9
enhanced_if_score,0.018626090629671428,0.004868828422830042,0.03781170315212674,0.0145996212217229,168.22222222222223,111.0,60.666666666666664,9
baseline_if_score,0.01811327818517451,0.0043771356867458745,0.03781170315212674,0.0145996212217229,168.22222222222223,111.0,60.666666666666664,9
wrstv_compute_feature_stats,0.005019219555564363,0.0014795342911835757,0.0019251505533854167,0.00017097122481570375,168.22222222222223,111.0,60.666666666666664,9
wrstv_score,0.0013241262962832546,0.0006725979512224562,0.03845342000325521,0.014560418879559153,168.22222222222223,111.0,60.666666666666664,9
build_stv_vocab,0.0012959273333897862,0.000507357636628077,0.0,0.0,168.22222222222223,111.0,60.666666666666664,9
residual_transform_train,0.00022244303697031378,6.826605480704805e-05,0.06918631659613715,0.027286132881197668,168.22222222222223,111.0,60.666666666666664,9
residual_transform_test,0.00011995974067826023,3.579240549455082e-05,0.03781170315212674,0.0145996212217229,168.22222222222223,111.0,60.666666666666664,9
wrstv_build_feature_weights,2.2377777895599138e-05,5.297164481099249e-06,0.0006417168511284722,5.6990408271901246e-05,168.22222222222223,111.0,60.666666666666664,9
