dataset,random_seed,stage,time_mean_sec,time_std_sec,num_train_traces,num_test_traces,num_features,memory_mb
dataset_1,0,build_stv_vocab,0.0016105070005020632,0.0007732271086159418,174,95,150,0.0
dataset_1,0,build_train_stv_matrix,0.1520246606666357,0.008332965956156293,174,95,150,0.0995635986328125
dataset_1,0,build_test_stv_matrix,0.07822929466662269,0.0013036794359091112,174,95,150,0.05435943603515625
dataset_1,0,baseline_if_train,0.36237283399987064,0.018585506135018963,174,95,150,0.0995635986328125
dataset_1,0,baseline_if_score,0.015049413666626302,0.0003765368830574644,174,95,150,0.05435943603515625
dataset_1,0,wrstv_compute_feature_stats,0.004411423333294806,0.00019952692748753255,174,95,150,0.00171661376953125
dataset_1,0,residual_transform_train,0.0002873489999425753,7.556609655187876e-05,174,95,150,0.0995635986328125
dataset_1,0,residual_transform_test,0.00015534999965893803,2.423831175714535e-05,174,95,150,0.05435943603515625
dataset_1,0,enhanced_if_train,0.3331450266665949,0.007233802854106678,174,95,150,0.0995635986328125
dataset_1,0,enhanced_if_score,0.01623325733362435,0.000984904579729914,174,95,150,0.05435943603515625
dataset_1,0,wrstv_build_feature_weights,2.0871999974284943e-05,7.129455455740051e-06,174,95,150,0.00057220458984375
dataset_1,0,wrstv_score,0.0017594926663756876,0.0002964985687941928,174,95,150,0.054931640625
dataset_2,0,build_stv_vocab,0.0006479079999432239,0.00015032264228269831,55,31,162,0.0
dataset_2,0,build_train_stv_matrix,0.04614997899989248,0.0011303429366033694,55,31,162,0.03398895263671875
dataset_2,0,build_test_stv_matrix,0.029721527000219794,0.0006006724152555992,55,31,162,0.01915740966796875
dataset_2,0,baseline_if_train,0.5483059026667737,0.005482989592539217,55,31,162,0.03398895263671875
dataset_2,0,baseline_if_score,0.02209094499994535,0.0008555435727277937,55,31,162,0.01915740966796875
dataset_2,0,wrstv_compute_feature_stats,0.006242773333118142,0.00011031758749753399,55,31,162,0.00185394287109375
dataset_2,0,residual_transform_train,0.00016593833333899966,4.660393901733509e-05,55,31,162,0.03398895263671875
dataset_2,0,residual_transform_test,9.633933374667929e-05,1.819914550219985e-05,55,31,162,0.01915740966796875
dataset_2,0,enhanced_if_train,0.555865493333234,0.031402662442130545,55,31,162,0.03398895263671875
dataset_2,0,enhanced_if_score,0.026694763333277177,0.00137992073390098,55,31,162,0.01915740966796875
dataset_2,0,wrstv_build_feature_weights,2.898733328038361e-05,1.4988025976103792e-05,55,31,162,0.00061798095703125
dataset_2,0,wrstv_score,0.001056678666524628,0.00012150281734958736,55,31,162,0.019775390625
dataset_3,0,build_stv_vocab,0.001613452666788362,0.0002630545516139592,104,56,181,0.0
dataset_3,0,build_train_stv_matrix,0.13431062299999516,0.010800590919719947,104,56,181,0.071807861328125
dataset_3,0,build_test_stv_matrix,0.05835342466646883,0.0006006878452978412,104,56,181,0.038665771484375
dataset_3,0,baseline_if_train,0.5096921450000688,0.1341062402751267,104,56,181,0.071807861328125
dataset_3,0,baseline_if_score,0.020920664666543114,0.004749315184374017,104,56,181,0.038665771484375
dataset_3,0,wrstv_compute_feature_stats,0.004716594333331159,0.00017227661115819416,104,56,181,0.002071380615234375
dataset_3,0,residual_transform_train,0.00021839233340870123,5.355483740761587e-05,104,56,181,0.071807861328125
dataset_3,0,residual_transform_test,0.00011008266665157862,2.3443445701387485e-05,104,56,181,0.038665771484375
dataset_3,0,enhanced_if_train,0.35970450866655784,0.011919520949526852,104,56,181,0.071807861328125
dataset_3,0,enhanced_if_score,0.017704725999768318,0.0032908094827184915,104,56,181,0.038665771484375
dataset_3,0,wrstv_build_feature_weights,2.3882333759199053e-05,1.1200121326780927e-05,104,56,181,0.000690460205078125
dataset_3,0,wrstv_score,0.0016239680001793506,0.0005825679634849263,104,56,181,0.039356231689453125
dataset_1,1,build_stv_vocab,0.0020114320001691035,0.0009218479735652797,174,95,150,0.0
dataset_1,1,build_train_stv_matrix,0.19086771000002045,0.014118767306006273,174,95,150,0.0995635986328125
dataset_1,1,build_test_stv_matrix,0.05544380633333882,0.0025891036292876477,174,95,150,0.05435943603515625
dataset_1,1,baseline_if_train,0.3622522580002017,0.015091017211351823,174,95,150,0.0995635986328125
dataset_1,1,baseline_if_score,0.016300446333237534,0.0018161520684435205,174,95,150,0.05435943603515625
dataset_1,1,wrstv_compute_feature_stats,0.004428386666707714,0.00023443603095185436,174,95,150,0.00171661376953125
dataset_1,1,residual_transform_train,0.00027554066643157665,4.5707693411065046e-05,174,95,150,0.0995635986328125
dataset_1,1,residual_transform_test,0.0001411346665918245,1.91141385624125e-05,174,95,150,0.05435943603515625
dataset_1,1,enhanced_if_train,0.3470853623333217,0.002494485028488676,174,95,150,0.0995635986328125
dataset_1,1,enhanced_if_score,0.02200205933362061,0.004662180989133687,174,95,150,0.05435943603515625
dataset_1,1,wrstv_build_feature_weights,1.908933336380869e-05,1.2037145785439883e-05,174,95,150,0.00057220458984375
dataset_1,1,wrstv_score,0.0015950173337841989,6.467011264883572e-05,174,95,150,0.054931640625
dataset_2,1,build_stv_vocab,0.0007694246669416316,0.00016527379494776757,55,31,182,0.0
dataset_2,1,build_train_stv_matrix,0.045222287666547345,0.003058802486122789,55,31,182,0.03818511962890625
dataset_2,1,build_test_stv_matrix,0.03635409266644274,0.004294357264983458,55,31,182,0.02152252197265625
dataset_2,1,baseline_if_train,0.3278492233336389,0.01287228942893213,55,31,182,0.03818511962890625
dataset_2,1,baseline_if_score,0.01586134366668072,9.965251155198036e-05,55,31,182,0.02152252197265625
dataset_2,1,wrstv_compute_feature_stats,0.0036522713335216395,0.00012039103854172559,55,31,182,0.00208282470703125
dataset_2,1,residual_transform_train,0.00013948066649997296,5.276139496161965e-05,55,31,182,0.03818511962890625
dataset_2,1,residual_transform_test,8.876033340735982e-05,1.6905557698322238e-05,55,31,182,0.02152252197265625
dataset_2,1,enhanced_if_train,0.35014262733329815,0.011879206608737803,55,31,182,0.03818511962890625
dataset_2,1,enhanced_if_score,0.015126627000123941,0.0007372672683431508,55,31,182,0.02152252197265625
dataset_2,1,wrstv_build_feature_weights,2.0250000185721245e-05,9.84139417893419e-06,55,31,182,0.00069427490234375
dataset_2,1,wrstv_score,0.000728697999875294,2.4617919559409783e-05,55,31,182,0.022216796875
dataset_3,1,build_stv_vocab,0.0010367553331889212,0.00046506761845436633,104,56,180,0.0
dataset_3,1,build_train_stv_matrix,0.0798951903334455,0.0013376899320493084,104,56,180,0.0714111328125
dataset_3,1,build_test_stv_matrix,0.03584692100018098,0.0013782798275631164,104,56,180,0.0384521484375
dataset_3,1,baseline_if_train,0.34286475699961255,0.007511447845663817,104,56,180,0.0714111328125
dataset_3,1,baseline_if_score,0.014656992333281474,0.00024090489054103402,104,56,180,0.0384521484375
dataset_3,1,wrstv_compute_feature_stats,0.0046640176666793804,0.00017436461734613047,104,56,180,0.0020599365234375
dataset_3,1,residual_transform_train,0.000219701000181279,4.58688040151276e-05,104,56,180,0.0714111328125
dataset_3,1,residual_transform_test,0.00011276233362877974,2.5113663928932324e-05,104,56,180,0.0384521484375
dataset_3,1,enhanced_if_train,0.33830384700013383,0.0009685751497666224,104,56,180,0.0714111328125
dataset_3,1,enhanced_if_score,0.015151873333100715,0.0009381502373923878,104,56,180,0.0384521484375
dataset_3,1,wrstv_build_feature_weights,2.123233358967506e-05,1.2390127538343352e-05,104,56,180,0.0006866455078125
dataset_3,1,wrstv_score,0.0009738010000243472,6.146051288228281e-05,104,56,180,0.0391387939453125
dataset_1,2,build_stv_vocab,0.0018846613332546742,0.0003938490275009279,174,95,150,0.0
dataset_1,2,build_train_stv_matrix,0.202226971666884,0.02150951700428866,174,95,150,0.0995635986328125
dataset_1,2,build_test_stv_matrix,0.07710092966681259,0.0008831039484472325,174,95,150,0.05435943603515625
dataset_1,2,baseline_if_train,0.5720326363334607,0.013856606333257504,174,95,150,0.0995635986328125
dataset_1,2,baseline_if_score,0.027291289333334134,0.002619398659800393,174,95,150,0.05435943603515625
dataset_1,2,wrstv_compute_feature_stats,0.008480978333561021,0.0008731778193182304,174,95,150,0.00171661376953125
dataset_1,2,residual_transform_train,0.0003387616664743594,4.1247236207774836e-05,174,95,150,0.0995635986328125
dataset_1,2,residual_transform_test,0.0001907793330246932,2.0536661294339324e-05,174,95,150,0.05435943603515625
dataset_1,2,enhanced_if_train,0.5412961559998924,0.01313703645423757,174,95,150,0.0995635986328125
dataset_1,2,enhanced_if_score,0.02555066333358506,0.0009587341315194637,174,95,150,0.05435943603515625
dataset_1,2,wrstv_build_feature_weights,3.258933338656789e-05,1.3021191330088572e-05,174,95,150,0.00057220458984375
dataset_1,2,wrstv_score,0.0027170459998160368,0.00012040754578779713,174,95,150,0.054931640625
dataset_2,2,build_stv_vocab,0.001279468666628721,0.0002257852396675718,55,31,181,0.0
dataset_2,2,build_train_stv_matrix,0.11087352866676763,0.009348201848935204,55,31,181,0.037975311279296875
dataset_2,2,build_test_stv_matrix,0.018960958999741706,0.00189939939266273,55,31,181,0.021404266357421875
dataset_2,2,baseline_if_train,0.45529230166660756,0.0873017991589715,55,31,181,0.037975311279296875
dataset_2,2,baseline_if_score,0.014655305333690194,0.00025305098534130014,55,31,181,0.021404266357421875
dataset_2,2,wrstv_compute_feature_stats,0.004007257666671649,0.00024542655626434153,55,31,181,0.002071380615234375
dataset_2,2,residual_transform_train,0.00014137866673991084,4.208012091427558e-05,55,31,181,0.037975311279296875
dataset_2,2,residual_transform_test,7.97199997274826e-05,1.9044244491269155e-05,55,31,181,0.021404266357421875
dataset_2,2,enhanced_if_train,0.32569906766669493,0.001881440141615104,55,31,181,0.037975311279296875
dataset_2,2,enhanced_if_score,0.013677517333538466,0.00039428482552740756,55,31,181,0.021404266357421875
dataset_2,2,wrstv_build_feature_weights,1.608299983975788e-05,8.074504725830718e-06,55,31,181,0.000690460205078125
dataset_2,2,wrstv_score,0.0005386360001769693,3.487608723773191e-05,55,31,181,0.0220947265625
dataset_3,2,build_stv_vocab,0.0008097363330913746,0.00019066454188662469,104,56,178,0.0
dataset_3,2,build_train_stv_matrix,0.08554003866690134,0.00342151248469619,104,56,178,0.07061767578125
dataset_3,2,build_test_stv_matrix,0.03361366466682133,0.0022560947673812104,104,56,178,0.03802490234375
dataset_3,2,baseline_if_train,0.3408142476667611,0.01016291440566024,104,56,178,0.07061767578125
dataset_3,2,baseline_if_score,0.0161931033332318,0.0022195823600277744,104,56,178,0.03802490234375
dataset_3,2,wrstv_compute_feature_stats,0.004569273333193753,0.00011728617034263986,104,56,178,0.00203704833984375
dataset_3,2,residual_transform_train,0.00021544499971544914,4.1487232903897046e-05,104,56,178,0.07061767578125
dataset_3,2,residual_transform_test,0.00010470899966700624,2.030830317541076e-05,104,56,178,0.03802490234375
dataset_3,2,enhanced_if_train,0.3353613369999948,0.004322181132654849,104,56,178,0.07061767578125
dataset_3,2,enhanced_if_score,0.015493328666404219,0.002045515348826056,104,56,178,0.03802490234375
dataset_3,2,wrstv_build_feature_weights,1.8414333680993877e-05,1.1303913720192726e-05,104,56,178,0.00067901611328125
dataset_3,2,wrstv_score,0.0009237989997927798,4.994269519236925e-05,104,56,178,0.03870391845703125
