dataset,random_seed,total_time_sec,max_memory_mb,num_features,num_train_traces,num_test_traces,method
dataset_1,0,0.6092867100002574,0.0995635986328125,150,174,95,Baseline STV + IF
dataset_1,1,0.6268756526669677,0.0995635986328125,150,174,95,Baseline STV + IF
dataset_1,2,0.8805364883337461,0.0995635986328125,150,174,95,Baseline STV + IF
dataset_2,0,0.6469162616667745,0.03398895263671875,162,55,31,Baseline STV + IF
dataset_2,1,0.42605637200025137,0.03818511962890625,182,55,31,Baseline STV + IF
dataset_2,2,0.6010615633334357,0.037975311279296875,181,55,31,Baseline STV + IF
dataset_3,0,0.7248903099998643,0.071807861328125,181,104,56,Baseline STV + IF
dataset_3,1,0.4743006159997094,0.0714111328125,180,104,56,Baseline STV + IF
dataset_3,2,0.476970790666807,0.07061767578125,178,104,56,Baseline STV + IF
dataset_1,0,0.5860968686668759,0.0995635986328125,150,174,95,Enhanced STV + IF
dataset_1,1,0.6222554320002018,0.0995635986328125,150,174,95,Enhanced STV + IF
dataset_1,2,0.8570699013334888,0.0995635986328125,150,174,95,Enhanced STV + IF
dataset_2,0,0.6655847216667704,0.03398895263671875,162,55,31,Enhanced STV + IF
dataset_2,1,0.4514955716667828,0.03818511962890625,182,55,31,Enhanced STV + IF
dataset_2,2,0.47471889766651043,0.037975311279296875,181,55,31,Enhanced STV + IF
dataset_3,0,0.57673180433297,0.071807861328125,181,104,56,Enhanced STV + IF
dataset_3,1,0.4752310680005394,0.0714111328125,180,104,56,Enhanced STV + IF
dataset_3,2,0.4757075326657893,0.07061767578125,178,104,56,Enhanced STV + IF
dataset_1,0,0.23821160033306416,0.0995635986328125,150,174,95,WR-STV
dataset_1,1,0.2545065763339759,0.0995635986328125,150,174,95,WR-STV
dataset_1,2,0.2926339556667396,0.0995635986328125,150,174,95,WR-STV
dataset_2,0,0.08394419266672533,0.03398895263671875,162,55,31,WR-STV
dataset_2,1,0.08683578466692173,0.03818511962890625,182,55,31,WR-STV
dataset_2,2,0.13575565299955392,0.037975311279296875,181,55,31,WR-STV
dataset_3,0,0.20075202766717365,0.071807861328125,181,104,56,WR-STV
dataset_3,1,0.12255068000073759,0.0714111328125,180,104,56,WR-STV
dataset_3,2,0.1255796353331486,0.07061767578125,178,104,56,WR-STV
