method,roc_auc,average_precision,precision_at_k,precision,recall,f1,dataset,seed,strategy,mode,magnitude,modified_spans,pairwise_win_rate
Raw STV + IF,0.5133116883116883,0.5022516007181734,0.509090909090909,0.509090909090909,0.509090909090909,0.509090909090909,dataset_3,3,random_visible,multiplicative,1.1,1,0.2
WR-STV k=1,0.5030844155844156,0.5010564043106033,0.4727272727272727,0.4727272727272727,0.4727272727272727,0.4727272727272727,dataset_3,3,random_visible,multiplicative,1.1,1,0.2545454545454545
Max-Z Residual STV,0.5042207792207792,0.5000465897856436,0.4909090909090909,0.4909090909090909,0.4909090909090909,0.4909090909090909,dataset_3,3,random_visible,multiplicative,1.1,1,0.23636363636363636
Raw STV + IF,0.5149350649350649,0.5055720466262615,0.509090909090909,0.509090909090909,0.509090909090909,0.509090909090909,dataset_3,3,random_visible,multiplicative,1.1,3,0.2909090909090909
WR-STV k=1,0.5097402597402597,0.520500041577358,0.4909090909090909,0.4909090909090909,0.4909090909090909,0.4909090909090909,dataset_3,3,random_visible,multiplicative,1.1,3,0.4909090909090909
Max-Z Residual STV,0.5089285714285714,0.5057246940046145,0.4909090909090909,0.4909090909090909,0.4909090909090909,0.4909090909090909,dataset_3,3,random_visible,multiplicative,1.1,3,0.4727272727272727
Raw STV + IF,0.5202922077922078,0.50773374735787,0.509090909090909,0.509090909090909,0.509090909090909,0.509090909090909,dataset_3,3,random_visible,multiplicative,1.25,1,0.4
WR-STV k=1,0.5068181818181818,0.5074577768975126,0.4909090909090909,0.4909090909090909,0.4909090909090909,0.4909090909090909,dataset_3,3,random_visible,multiplicative,1.25,1,0.34545454545454546
Max-Z Residual STV,0.509577922077922,0.5049748576493639,0.4909090909090909,0.4909090909090909,0.4909090909090909,0.4909090909090909,dataset_3,3,random_visible,multiplicative,1.25,1,0.2909090909090909
Raw STV + IF,0.5228896103896103,0.511506551922651,0.509090909090909,0.509090909090909,0.509090909090909,0.509090909090909,dataset_3,3,random_visible,multiplicative,1.25,3,0.4909090909090909
WR-STV k=1,0.5149350649350649,0.5255168382680331,0.509090909090909,0.509090909090909,0.509090909090909,0.509090909090909,dataset_3,3,random_visible,multiplicative,1.25,3,0.4909090909090909
Max-Z Residual STV,0.5160714285714285,0.5137369494939734,0.509090909090909,0.509090909090909,0.509090909090909,0.509090909090909,dataset_3,3,random_visible,multiplicative,1.25,3,0.4727272727272727
Raw STV + IF,0.5264610389610389,0.5118913558095387,0.509090909090909,0.509090909090909,0.509090909090909,0.509090909090909,dataset_3,3,random_visible,multiplicative,1.5,1,0.5272727272727272
WR-STV k=1,0.5191558441558441,0.5215359051954994,0.5272727272727272,0.5272727272727272,0.5272727272727272,0.5272727272727272,dataset_3,3,random_visible,multiplicative,1.5,1,0.38181818181818183
Max-Z Residual STV,0.5167207792207792,0.5098524938533581,0.509090909090909,0.509090909090909,0.509090909090909,0.509090909090909,dataset_3,3,random_visible,multiplicative,1.5,1,0.32727272727272727
Raw STV + IF,0.5303571428571427,0.5170208425274341,0.5272727272727272,0.5272727272727272,0.5272727272727272,0.5272727272727272,dataset_3,3,random_visible,multiplicative,1.5,3,0.6363636363636364
WR-STV k=1,0.5256493506493507,0.5387930314504417,0.5272727272727272,0.5272727272727272,0.5272727272727272,0.5272727272727272,dataset_3,3,random_visible,multiplicative,1.5,3,0.4909090909090909
Max-Z Residual STV,0.5258116883116883,0.52582002148876,0.5272727272727272,0.5272727272727272,0.5272727272727272,0.5272727272727272,dataset_3,3,random_visible,multiplicative,1.5,3,0.4727272727272727
Raw STV + IF,0.5288961038961039,0.5138346426482643,0.5272727272727272,0.5272727272727272,0.5272727272727272,0.5272727272727272,dataset_3,3,random_visible,multiplicative,2.0,1,0.5272727272727272
WR-STV k=1,0.5415584415584416,0.5445583726591343,0.5454545454545454,0.5454545454545454,0.5454545454545454,0.5454545454545454,dataset_3,3,random_visible,multiplicative,2.0,1,0.41818181818181815
Max-Z Residual STV,0.5425324675324675,0.529835377224612,0.5454545454545454,0.5454545454545454,0.5454545454545454,0.5454545454545454,dataset_3,3,random_visible,multiplicative,2.0,1,0.34545454545454546
Raw STV + IF,0.5360389610389611,0.523129247998631,0.5272727272727272,0.5272727272727272,0.5272727272727272,0.5272727272727272,dataset_3,3,random_visible,multiplicative,2.0,3,0.6727272727272727
WR-STV k=1,0.5496753246753247,0.5648193326128995,0.5636363636363636,0.5636363636363636,0.5636363636363636,0.5636363636363636,dataset_3,3,random_visible,multiplicative,2.0,3,0.5272727272727272
Max-Z Residual STV,0.5628246753246753,0.5582412737948718,0.6,0.6,0.6,0.6,dataset_3,3,random_visible,multiplicative,2.0,3,0.4909090909090909
Raw STV + IF,0.5370129870129869,0.5204796683186192,0.5272727272727272,0.5272727272727272,0.5272727272727272,0.5272727272727272,dataset_3,3,random_visible,multiplicative,3.0,1,0.6545454545454545
WR-STV k=1,0.5827922077922078,0.5809362091880373,0.5818181818181818,0.5818181818181818,0.5818181818181818,0.5818181818181818,dataset_3,3,random_visible,multiplicative,3.0,1,0.45454545454545453
Max-Z Residual STV,0.5839285714285715,0.553277920666625,0.5818181818181818,0.5818181818181818,0.5818181818181818,0.5818181818181818,dataset_3,3,random_visible,multiplicative,3.0,1,0.4
Raw STV + IF,0.5493506493506493,0.5322944421728195,0.5636363636363636,0.5636363636363636,0.5636363636363636,0.5636363636363636,dataset_3,3,random_visible,multiplicative,3.0,3,0.7818181818181819
WR-STV k=1,0.5814935064935064,0.5988606333757293,0.5818181818181818,0.5818181818181818,0.5818181818181818,0.5818181818181818,dataset_3,3,random_visible,multiplicative,3.0,3,0.5454545454545454
Max-Z Residual STV,0.6034090909090909,0.5960196246082788,0.6,0.6,0.6,0.6,dataset_3,3,random_visible,multiplicative,3.0,3,0.5272727272727272
Raw STV + IF,0.5478896103896104,0.5257993019147195,0.5272727272727272,0.5272727272727272,0.5272727272727272,0.5272727272727272,dataset_3,3,random_visible,multiplicative,5.0,1,0.6909090909090909
WR-STV k=1,0.6375000000000001,0.6277441839455633,0.6,0.6,0.6,0.6,dataset_3,3,random_visible,multiplicative,5.0,1,0.5818181818181818
Max-Z Residual STV,0.6423701298701299,0.5878914617792184,0.6363636363636364,0.6363636363636364,0.6363636363636364,0.6363636363636364,dataset_3,3,random_visible,multiplicative,5.0,1,0.5454545454545454
Raw STV + IF,0.5636363636363636,0.5451620414291389,0.5636363636363636,0.5636363636363636,0.5636363636363636,0.5636363636363636,dataset_3,3,random_visible,multiplicative,5.0,3,0.8
WR-STV k=1,0.6331168831168832,0.6474155927073088,0.5818181818181818,0.5818181818181818,0.5818181818181818,0.5818181818181818,dataset_3,3,random_visible,multiplicative,5.0,3,0.6363636363636364
Max-Z Residual STV,0.661525974025974,0.6334777096706294,0.6363636363636364,0.6363636363636364,0.6363636363636364,0.6363636363636364,dataset_3,3,random_visible,multiplicative,5.0,3,0.6181818181818182
Raw STV + IF,0.5514610389610389,0.5280909774000169,0.5272727272727272,0.5272727272727272,0.5272727272727272,0.5272727272727272,dataset_3,3,random_visible,multiplicative,10.0,1,0.7272727272727273
WR-STV k=1,0.7001623376623376,0.6946326442374431,0.6181818181818182,0.6181818181818182,0.6181818181818182,0.6181818181818182,dataset_3,3,random_visible,multiplicative,10.0,1,0.6545454545454545
Max-Z Residual STV,0.7128246753246753,0.642803816364671,0.6545454545454545,0.6545454545454545,0.6545454545454545,0.6545454545454545,dataset_3,3,random_visible,multiplicative,10.0,1,0.6545454545454545
Raw STV + IF,0.5683441558441559,0.5491752783996826,0.5636363636363636,0.5636363636363636,0.5636363636363636,0.5636363636363636,dataset_3,3,random_visible,multiplicative,10.0,3,0.8181818181818182
WR-STV k=1,0.7012987012987013,0.7111738701863232,0.6181818181818182,0.6181818181818182,0.6181818181818182,0.6181818181818182,dataset_3,3,random_visible,multiplicative,10.0,3,0.7090909090909091
Max-Z Residual STV,0.7284090909090909,0.6878362899693864,0.6727272727272727,0.6727272727272727,0.6727272727272727,0.6727272727272727,dataset_3,3,random_visible,multiplicative,10.0,3,0.7090909090909091
Raw STV + IF,0.5532467532467532,0.5418104394012283,0.5272727272727272,0.5272727272727272,0.5272727272727272,0.5272727272727272,dataset_3,3,random_visible,multiplicative,20.0,1,0.7818181818181819
WR-STV k=1,0.7443181818181819,0.7408905600617176,0.6545454545454545,0.6545454545454545,0.6545454545454545,0.6545454545454545,dataset_3,3,random_visible,multiplicative,20.0,1,0.6545454545454545
Max-Z Residual STV,0.7673701298701299,0.6961223092080389,0.6727272727272727,0.6727272727272727,0.6727272727272727,0.6727272727272727,dataset_3,3,random_visible,multiplicative,20.0,1,0.6545454545454545
Raw STV + IF,0.5694805194805195,0.5611697168243719,0.5818181818181818,0.5818181818181818,0.5818181818181818,0.5818181818181818,dataset_3,3,random_visible,multiplicative,20.0,3,0.8363636363636363
WR-STV k=1,0.7681818181818182,0.7739843480720391,0.6727272727272727,0.6727272727272727,0.6727272727272727,0.6727272727272727,dataset_3,3,random_visible,multiplicative,20.0,3,0.7818181818181819
Max-Z Residual STV,0.8001623376623377,0.7542693715554438,0.7090909090909091,0.7090909090909091,0.7090909090909091,0.7090909090909091,dataset_3,3,random_visible,multiplicative,20.0,3,0.7636363636363637
Raw STV + IF,0.5538961038961039,0.5422038872133245,0.5272727272727272,0.5272727272727272,0.5272727272727272,0.5272727272727272,dataset_3,3,random_visible,multiplicative,30.0,1,0.7818181818181819
WR-STV k=1,0.7771103896103896,0.7720462377143286,0.6909090909090909,0.6909090909090909,0.6909090909090909,0.6909090909090909,dataset_3,3,random_visible,multiplicative,30.0,1,0.6909090909090909
Max-Z Residual STV,0.7891233766233766,0.7234912699165026,0.7090909090909091,0.7090909090909091,0.7090909090909091,0.7090909090909091,dataset_3,3,random_visible,multiplicative,30.0,1,0.6909090909090909
Raw STV + IF,0.5698051948051948,0.5614555686641816,0.5818181818181818,0.5818181818181818,0.5818181818181818,0.5818181818181818,dataset_3,3,random_visible,multiplicative,30.0,3,0.8363636363636363
WR-STV k=1,0.8024350649350649,0.8037782642623162,0.6909090909090909,0.6909090909090909,0.6909090909090909,0.6909090909090909,dataset_3,3,random_visible,multiplicative,30.0,3,0.8
Max-Z Residual STV,0.8222402597402597,0.7789573977424193,0.7454545454545455,0.7454545454545455,0.7454545454545455,0.7454545454545455,dataset_3,3,random_visible,multiplicative,30.0,3,0.7818181818181819
Raw STV + IF,0.5136363636363637,0.5024219195136778,0.509090909090909,0.509090909090909,0.509090909090909,0.509090909090909,dataset_3,3,largest_visible,multiplicative,1.1,1,0.21818181818181817
WR-STV k=1,0.5008116883116883,0.5100679809765086,0.4727272727272727,0.4727272727272727,0.4727272727272727,0.4727272727272727,dataset_3,3,largest_visible,multiplicative,1.1,1,0.2
Max-Z Residual STV,0.5050324675324676,0.5008688164927094,0.4909090909090909,0.4909090909090909,0.4909090909090909,0.4909090909090909,dataset_3,3,largest_visible,multiplicative,1.1,1,0.16363636363636364
Raw STV + IF,0.5149350649350649,0.5055720466262615,0.509090909090909,0.509090909090909,0.509090909090909,0.509090909090909,dataset_3,3,largest_visible,multiplicative,1.1,3,0.2909090909090909
WR-STV k=1,0.5107142857142857,0.5207020617793783,0.4909090909090909,0.4909090909090909,0.4909090909090909,0.4909090909090909,dataset_3,3,largest_visible,multiplicative,1.1,3,0.4909090909090909
Max-Z Residual STV,0.5099025974025975,0.5059948959965203,0.4909090909090909,0.4909090909090909,0.4909090909090909,0.4909090909090909,dataset_3,3,largest_visible,multiplicative,1.1,3,0.4727272727272727
Raw STV + IF,0.5199675324675325,0.5068799746059511,0.509090909090909,0.509090909090909,0.509090909090909,0.509090909090909,dataset_3,3,largest_visible,multiplicative,1.25,1,0.36363636363636365
WR-STV k=1,0.5061688311688312,0.5184107661596781,0.4909090909090909,0.4909090909090909,0.4909090909090909,0.4909090909090909,dataset_3,3,largest_visible,multiplicative,1.25,1,0.32727272727272727
Max-Z Residual STV,0.5086038961038961,0.5044496630038525,0.4909090909090909,0.4909090909090909,0.4909090909090909,0.4909090909090909,dataset_3,3,largest_visible,multiplicative,1.25,1,0.23636363636363636
Raw STV + IF,0.5228896103896103,0.511506551922651,0.509090909090909,0.509090909090909,0.509090909090909,0.509090909090909,dataset_3,3,largest_visible,multiplicative,1.25,3,0.4909090909090909
WR-STV k=1,0.5165584415584416,0.5262045426202284,0.509090909090909,0.509090909090909,0.509090909090909,0.509090909090909,dataset_3,3,largest_visible,multiplicative,1.25,3,0.4909090909090909
Max-Z Residual STV,0.5167207792207792,0.5138948539596302,0.509090909090909,0.509090909090909,0.509090909090909,0.509090909090909,dataset_3,3,largest_visible,multiplicative,1.25,3,0.4727272727272727
Raw STV + IF,0.5267857142857143,0.5113066289320992,0.509090909090909,0.509090909090909,0.509090909090909,0.509090909090909,dataset_3,3,largest_visible,multiplicative,1.5,1,0.509090909090909
WR-STV k=1,0.5163961038961039,0.5309355987620884,0.509090909090909,0.509090909090909,0.509090909090909,0.509090909090909,dataset_3,3,largest_visible,multiplicative,1.5,1,0.38181818181818183
Max-Z Residual STV,0.5176948051948053,0.5141361971217093,0.509090909090909,0.509090909090909,0.509090909090909,0.509090909090909,dataset_3,3,largest_visible,multiplicative,1.5,1,0.2727272727272727
Raw STV + IF,0.5303571428571429,0.5178472888084258,0.5272727272727272,0.5272727272727272,0.5272727272727272,0.5272727272727272,dataset_3,3,largest_visible,multiplicative,1.5,3,0.6545454545454545
WR-STV k=1,0.5272727272727273,0.5399357387263921,0.5272727272727272,0.5272727272727272,0.5272727272727272,0.5272727272727272,dataset_3,3,largest_visible,multiplicative,1.5,3,0.4909090909090909
Max-Z Residual STV,0.5258116883116883,0.5257469258834979,0.5272727272727272,0.5272727272727272,0.5272727272727272,0.5272727272727272,dataset_3,3,largest_visible,multiplicative,1.5,3,0.4727272727272727
Raw STV + IF,0.5293831168831169,0.5140603939770149,0.5272727272727272,0.5272727272727272,0.5272727272727272,0.5272727272727272,dataset_3,3,largest_visible,multiplicative,2.0,1,0.5272727272727272
WR-STV k=1,0.5441558441558442,0.5587044197779443,0.5454545454545454,0.5454545454545454,0.5454545454545454,0.5454545454545454,dataset_3,3,largest_visible,multiplicative,2.0,1,0.43636363636363634
Max-Z Residual STV,0.5422077922077921,0.53322470515644,0.5272727272727272,0.5272727272727272,0.5272727272727272,0.5272727272727272,dataset_3,3,largest_visible,multiplicative,2.0,1,0.32727272727272727
Raw STV + IF,0.5358766233766235,0.523129247998631,0.5272727272727272,0.5272727272727272,0.5272727272727272,0.5272727272727272,dataset_3,3,largest_visible,multiplicative,2.0,3,0.6727272727272727
WR-STV k=1,0.5503246753246753,0.5658536597677208,0.5636363636363636,0.5636363636363636,0.5636363636363636,0.5636363636363636,dataset_3,3,largest_visible,multiplicative,2.0,3,0.5272727272727272
Max-Z Residual STV,0.5612012987012986,0.5578543812258734,0.6,0.6,0.6,0.6,dataset_3,3,largest_visible,multiplicative,2.0,3,0.4909090909090909
Raw STV + IF,0.5389610389610389,0.5225373793986469,0.5272727272727272,0.5272727272727272,0.5272727272727272,0.5272727272727272,dataset_3,3,largest_visible,multiplicative,3.0,1,0.6909090909090909
WR-STV k=1,0.5909090909090908,0.5976958500469723,0.5818181818181818,0.5818181818181818,0.5818181818181818,0.5818181818181818,dataset_3,3,largest_visible,multiplicative,3.0,1,0.4727272727272727
Max-Z Residual STV,0.5834415584415584,0.5572184147708606,0.5636363636363636,0.5636363636363636,0.5636363636363636,0.5636363636363636,dataset_3,3,largest_visible,multiplicative,3.0,1,0.38181818181818183
Raw STV + IF,0.5488636363636363,0.530779290657668,0.5636363636363636,0.5636363636363636,0.5636363636363636,0.5636363636363636,dataset_3,3,largest_visible,multiplicative,3.0,3,0.7636363636363637
WR-STV k=1,0.5824675324675324,0.6005790930865447,0.5818181818181818,0.5818181818181818,0.5818181818181818,0.5818181818181818,dataset_3,3,largest_visible,multiplicative,3.0,3,0.5454545454545454
Max-Z Residual STV,0.6021103896103897,0.5964343647153252,0.6181818181818182,0.6181818181818182,0.6181818181818182,0.6181818181818182,dataset_3,3,largest_visible,multiplicative,3.0,3,0.5272727272727272
Raw STV + IF,0.5516233766233767,0.5497273133440392,0.5272727272727272,0.5272727272727272,0.5272727272727272,0.5272727272727272,dataset_3,3,largest_visible,multiplicative,5.0,1,0.7818181818181819
WR-STV k=1,0.6511363636363637,0.6515839883257009,0.6,0.6,0.6,0.6,dataset_3,3,largest_visible,multiplicative,5.0,1,0.6181818181818182
Max-Z Residual STV,0.6488636363636364,0.5937902534199406,0.6181818181818182,0.6181818181818182,0.6181818181818182,0.6181818181818182,dataset_3,3,largest_visible,multiplicative,5.0,1,0.5818181818181818
Raw STV + IF,0.5642857142857143,0.5633438596109572,0.5636363636363636,0.5636363636363636,0.5636363636363636,0.5636363636363636,dataset_3,3,largest_visible,multiplicative,5.0,3,0.8363636363636363
WR-STV k=1,0.6344155844155844,0.6492587379110613,0.5818181818181818,0.5818181818181818,0.5818181818181818,0.5818181818181818,dataset_3,3,largest_visible,multiplicative,5.0,3,0.6363636363636364
Max-Z Residual STV,0.6595779220779221,0.6336988668679789,0.6545454545454545,0.6545454545454545,0.6545454545454545,0.6545454545454545,dataset_3,3,largest_visible,multiplicative,5.0,3,0.6181818181818182
Raw STV + IF,0.5543831168831168,0.5528027314139797,0.5272727272727272,0.5272727272727272,0.5272727272727272,0.5272727272727272,dataset_3,3,largest_visible,multiplicative,10.0,1,0.8
WR-STV k=1,0.7233766233766235,0.7182622070798679,0.6545454545454545,0.6545454545454545,0.6545454545454545,0.6545454545454545,dataset_3,3,largest_visible,multiplicative,10.0,1,0.7090909090909091
Max-Z Residual STV,0.7282467532467533,0.6461877954878253,0.6727272727272727,0.6727272727272727,0.6727272727272727,0.6727272727272727,dataset_3,3,largest_visible,multiplicative,10.0,1,0.6727272727272727
Raw STV + IF,0.5689935064935064,0.5673570965815008,0.5636363636363636,0.5636363636363636,0.5636363636363636,0.5636363636363636,dataset_3,3,largest_visible,multiplicative,10.0,3,0.8545454545454545
WR-STV k=1,0.7053571428571428,0.7145512425479368,0.6363636363636364,0.6363636363636364,0.6363636363636364,0.6363636363636364,dataset_3,3,largest_visible,multiplicative,10.0,3,0.7272727272727273
Max-Z Residual STV,0.7277597402597402,0.6887186383510957,0.6727272727272727,0.6727272727272727,0.6727272727272727,0.6727272727272727,dataset_3,3,largest_visible,multiplicative,10.0,3,0.7090909090909091
Raw STV + IF,0.5553571428571429,0.5553046625640919,0.5272727272727272,0.5272727272727272,0.5272727272727272,0.5272727272727272,dataset_3,3,largest_visible,multiplicative,20.0,1,0.8
WR-STV k=1,0.7660714285714285,0.7700083409873455,0.6727272727272727,0.6727272727272727,0.6727272727272727,0.6727272727272727,dataset_3,3,largest_visible,multiplicative,20.0,1,0.7272727272727273
Max-Z Residual STV,0.7811688311688312,0.7067847150038291,0.7090909090909091,0.7090909090909091,0.7090909090909091,0.7090909090909091,dataset_3,3,largest_visible,multiplicative,20.0,1,0.7090909090909091
Raw STV + IF,0.5699675324675324,0.570260625915281,0.5818181818181818,0.5818181818181818,0.5818181818181818,0.5818181818181818,dataset_3,3,largest_visible,multiplicative,20.0,3,0.8545454545454545
WR-STV k=1,0.7650974025974026,0.7732057654029804,0.6727272727272727,0.6727272727272727,0.6727272727272727,0.6727272727272727,dataset_3,3,largest_visible,multiplicative,20.0,3,0.7818181818181819
Max-Z Residual STV,0.7944805194805193,0.7475464948153232,0.6909090909090909,0.6909090909090909,0.6909090909090909,0.6909090909090909,dataset_3,3,largest_visible,multiplicative,20.0,3,0.7636363636363637
Raw STV + IF,0.5563311688311688,0.5561095308988036,0.5272727272727272,0.5272727272727272,0.5272727272727272,0.5272727272727272,dataset_3,3,largest_visible,multiplicative,30.0,1,0.8
WR-STV k=1,0.7931818181818182,0.7957161614376607,0.6909090909090909,0.6909090909090909,0.6909090909090909,0.6909090909090909,dataset_3,3,largest_visible,multiplicative,30.0,1,0.7818181818181819
Max-Z Residual STV,0.800974025974026,0.7338991339188861,0.7272727272727273,0.7272727272727273,0.7272727272727273,0.7272727272727273,dataset_3,3,largest_visible,multiplicative,30.0,1,0.7636363636363637
Raw STV + IF,0.5702922077922078,0.5705464777550908,0.5818181818181818,0.5818181818181818,0.5818181818181818,0.5818181818181818,dataset_3,3,largest_visible,multiplicative,30.0,3,0.8545454545454545
WR-STV k=1,0.800974025974026,0.8039131502433752,0.6909090909090909,0.6909090909090909,0.6909090909090909,0.6909090909090909,dataset_3,3,largest_visible,multiplicative,30.0,3,0.8
Max-Z Residual STV,0.8194805194805195,0.7740986126499967,0.7272727272727273,0.7272727272727273,0.7272727272727273,0.7272727272727273,dataset_3,3,largest_visible,multiplicative,30.0,3,0.7818181818181819
Raw STV + IF,0.5107142857142857,0.5018231403933119,0.509090909090909,0.509090909090909,0.509090909090909,0.509090909090909,dataset_3,3,random_visible,additive_ms,10.0,1,0.10909090909090909
WR-STV k=1,0.5021103896103896,0.4988711028964177,0.4727272727272727,0.4727272727272727,0.4727272727272727,0.4727272727272727,dataset_3,3,random_visible,additive_ms,10.0,1,0.21818181818181817
Max-Z Residual STV,0.5042207792207791,0.4985668066963147,0.4909090909090909,0.4909090909090909,0.4909090909090909,0.4909090909090909,dataset_3,3,random_visible,additive_ms,10.0,1,0.2
Raw STV + IF,0.5113636363636364,0.5048077187821456,0.509090909090909,0.509090909090909,0.509090909090909,0.509090909090909,dataset_3,3,random_visible,additive_ms,10.0,3,0.16363636363636364
WR-STV k=1,0.5030844155844156,0.5124392663849914,0.4909090909090909,0.4909090909090909,0.4909090909090909,0.4909090909090909,dataset_3,3,random_visible,additive_ms,10.0,3,0.4727272727272727
Max-Z Residual STV,0.5064935064935064,0.5023823327707795,0.4909090909090909,0.4909090909090909,0.4909090909090909,0.4909090909090909,dataset_3,3,random_visible,additive_ms,10.0,3,0.45454545454545453
Raw STV + IF,0.5125,0.5023147375602793,0.509090909090909,0.509090909090909,0.509090909090909,0.509090909090909,dataset_3,3,random_visible,additive_ms,25.0,1,0.18181818181818182
WR-STV k=1,0.49740259740259735,0.4965931207620166,0.4727272727272727,0.4727272727272727,0.4727272727272727,0.4727272727272727,dataset_3,3,random_visible,additive_ms,25.0,1,0.23636363636363636
Max-Z Residual STV,0.49951298701298696,0.49583894523474503,0.4727272727272727,0.4727272727272727,0.4727272727272727,0.4727272727272727,dataset_3,3,random_visible,additive_ms,25.0,1,0.21818181818181817
Raw STV + IF,0.513961038961039,0.5070270831314256,0.509090909090909,0.509090909090909,0.509090909090909,0.509090909090909,dataset_3,3,random_visible,additive_ms,25.0,3,0.2727272727272727
WR-STV k=1,0.4982142857142857,0.5096169193575073,0.4727272727272727,0.4727272727272727,0.4727272727272727,0.4727272727272727,dataset_3,3,random_visible,additive_ms,25.0,3,0.4727272727272727
Max-Z Residual STV,0.4967532467532467,0.49693787181675775,0.4727272727272727,0.4727272727272727,0.4727272727272727,0.4727272727272727,dataset_3,3,random_visible,additive_ms,25.0,3,0.45454545454545453
Raw STV + IF,0.5157467532467532,0.5054710178769971,0.509090909090909,0.509090909090909,0.509090909090909,0.509090909090909,dataset_3,3,random_visible,additive_ms,50.0,1,0.2909090909090909
WR-STV k=1,0.4892857142857143,0.493850404344069,0.45454545454545453,0.45454545454545453,0.45454545454545453,0.45454545454545453,dataset_3,3,random_visible,additive_ms,50.0,1,0.2727272727272727
Max-Z Residual STV,0.4959415584415584,0.4935430787587,0.4909090909090909,0.4909090909090909,0.4909090909090909,0.4909090909090909,dataset_3,3,random_visible,additive_ms,50.0,1,0.2545454545454545
Raw STV + IF,0.5185064935064935,0.5106795415576847,0.509090909090909,0.509090909090909,0.509090909090909,0.509090909090909,dataset_3,3,random_visible,additive_ms,50.0,3,0.43636363636363634
WR-STV k=1,0.49009740259740264,0.5065866305835169,0.4727272727272727,0.4727272727272727,0.4727272727272727,0.4727272727272727,dataset_3,3,random_visible,additive_ms,50.0,3,0.4727272727272727
Max-Z Residual STV,0.4905844155844156,0.4937502076616831,0.4909090909090909,0.4909090909090909,0.4909090909090909,0.4909090909090909,dataset_3,3,random_visible,additive_ms,50.0,3,0.45454545454545453
Raw STV + IF,0.5224025974025974,0.5089155734802523,0.509090909090909,0.509090909090909,0.509090909090909,0.509090909090909,dataset_3,3,random_visible,additive_ms,100.0,1,0.43636363636363634
WR-STV k=1,0.48766233766233763,0.4973972349169743,0.4727272727272727,0.4727272727272727,0.4727272727272727,0.4727272727272727,dataset_3,3,random_visible,additive_ms,100.0,1,0.32727272727272727
Max-Z Residual STV,0.4939935064935065,0.4958887921972026,0.4909090909090909,0.4909090909090909,0.4909090909090909,0.4909090909090909,dataset_3,3,random_visible,additive_ms,100.0,1,0.2727272727272727
Raw STV + IF,0.5285714285714286,0.5258222724010568,0.5272727272727272,0.5272727272727272,0.5272727272727272,0.5272727272727272,dataset_3,3,random_visible,additive_ms,100.0,3,0.5636363636363636
WR-STV k=1,0.5037337662337662,0.5208183018248397,0.509090909090909,0.509090909090909,0.509090909090909,0.509090909090909,dataset_3,3,random_visible,additive_ms,100.0,3,0.4909090909090909
Max-Z Residual STV,0.5103896103896104,0.5141511195507215,0.509090909090909,0.509090909090909,0.509090909090909,0.509090909090909,dataset_3,3,random_visible,additive_ms,100.0,3,0.4909090909090909
Raw STV + IF,0.5334415584415584,0.516575104132944,0.5272727272727272,0.5272727272727272,0.5272727272727272,0.5272727272727272,dataset_3,3,random_visible,additive_ms,250.0,1,0.6363636363636364
WR-STV k=1,0.536525974025974,0.5339359327229077,0.4909090909090909,0.4909090909090909,0.4909090909090909,0.4909090909090909,dataset_3,3,random_visible,additive_ms,250.0,1,0.45454545454545453
Max-Z Residual STV,0.5313311688311688,0.5197424840383901,0.509090909090909,0.509090909090909,0.509090909090909,0.509090909090909,dataset_3,3,random_visible,additive_ms,250.0,1,0.36363636363636365
Raw STV + IF,0.5435064935064935,0.5352428567303452,0.5636363636363636,0.5636363636363636,0.5636363636363636,0.5636363636363636,dataset_3,3,random_visible,additive_ms,250.0,3,0.7636363636363637
WR-STV k=1,0.5547077922077922,0.5605360181164373,0.5636363636363636,0.5636363636363636,0.5636363636363636,0.5636363636363636,dataset_3,3,random_visible,additive_ms,250.0,3,0.5636363636363636
Max-Z Residual STV,0.5626623376623376,0.5533300039560821,0.5636363636363636,0.5636363636363636,0.5636363636363636,0.5636363636363636,dataset_3,3,random_visible,additive_ms,250.0,3,0.5454545454545454
Raw STV + IF,0.5428571428571428,0.5235430643283944,0.5272727272727272,0.5272727272727272,0.5272727272727272,0.5272727272727272,dataset_3,3,random_visible,additive_ms,500.0,1,0.7090909090909091
WR-STV k=1,0.584577922077922,0.5795415693319632,0.6,0.6,0.6,0.6,dataset_3,3,random_visible,additive_ms,500.0,1,0.4909090909090909
Max-Z Residual STV,0.5659090909090909,0.5487877209587939,0.5818181818181818,0.5818181818181818,0.5818181818181818,0.5818181818181818,dataset_3,3,random_visible,additive_ms,500.0,1,0.43636363636363634
Raw STV + IF,0.5563311688311688,0.5462772226852606,0.5818181818181818,0.5818181818181818,0.5818181818181818,0.5818181818181818,dataset_3,3,random_visible,additive_ms,500.0,3,0.8
WR-STV k=1,0.6011363636363636,0.6071226641467605,0.6181818181818182,0.6181818181818182,0.6181818181818182,0.6181818181818182,dataset_3,3,random_visible,additive_ms,500.0,3,0.5818181818181818
Max-Z Residual STV,0.6064935064935064,0.6041625373321535,0.6363636363636364,0.6363636363636364,0.6363636363636364,0.6363636363636364,dataset_3,3,random_visible,additive_ms,500.0,3,0.5636363636363636
