train_dataset,test_dataset,failure_category,count,mean_delta,mean_num_spans,mean_normal_score_percentile,pair_failure_total,pair_percentage
dataset_1,dataset_2,pre_existing_high_normal_score,5,0.0,141.0,0.9069767441860466,15,0.3333333333333333
dataset_1,dataset_2,score_unchanged_after_injection,5,0.0,7.0,0.686046511627907,15,0.3333333333333333
dataset_1,dataset_2,very_short_trace_limited_evidence,5,-0.558594286441803,1.0,0.5930232558139535,15,0.3333333333333333
dataset_1,dataset_3,pre_existing_high_normal_score,30,-0.20371095339457193,80.33333333333333,0.9270833333333334,60,0.5
dataset_1,dataset_3,very_short_trace_limited_evidence,30,-0.574159978578488,1.6666666666666667,0.5947916666666667,60,0.5
dataset_2,dataset_1,high_train_variance_path,10,-0.2952708303928375,3.0,0.6654275092936802,605,0.01652892561983471
dataset_2,dataset_1,low_reliability_weight,20,-0.35788626596331596,13.0,0.4228624535315985,605,0.03305785123966942
dataset_2,dataset_1,low_residual_after_injection,55,-0.43912450020963495,5.181818181818182,0.5498479215951335,605,0.09090909090909091
dataset_2,dataset_1,pre_existing_high_normal_score,220,-0.2557565745982257,48.40909090909091,0.880280500168976,605,0.36363636363636365
dataset_2,dataset_1,score_unchanged_after_injection,50,0.0,29.0,0.5364312267657992,605,0.08264462809917356
dataset_2,dataset_1,uncategorized_distribution_or_ranking_effect,10,-0.4975747764110565,3.0,0.7379182156133829,605,0.01652892561983471
dataset_2,dataset_1,very_short_trace_limited_evidence,240,-0.7108766118374964,1.2708333333333333,0.5927819083023544,605,0.39669421487603307
dataset_2,dataset_3,high_train_variance_path,5,-0.06420379877090454,3.0,0.5875,180,0.027777777777777776
dataset_2,dataset_3,low_reliability_weight,5,-0.0690608024597168,3.0,0.64375,180,0.027777777777777776
dataset_2,dataset_3,low_residual_after_injection,5,-0.03173273801803589,7.0,0.6875,180,0.027777777777777776
dataset_2,dataset_3,pre_existing_high_normal_score,90,-0.30867760214540696,34.5,0.9184027777777778,180,0.5
dataset_2,dataset_3,score_unchanged_after_injection,5,0.0,23.0,0.675,180,0.027777777777777776
dataset_2,dataset_3,uncategorized_distribution_or_ranking_effect,10,-0.1584455966949463,3.0,0.68125,180,0.05555555555555555
dataset_2,dataset_3,very_short_trace_limited_evidence,60,-0.6122397826984525,1.5,0.734375,180,0.3333333333333333
dataset_3,dataset_1,high_train_variance_path,5,-0.18036121129989624,23.0,0.6431226765799256,470,0.010638297872340425
dataset_3,dataset_1,pre_existing_high_normal_score,235,-0.07768342596419314,44.97872340425532,0.8917187376413825,470,0.5
dataset_3,dataset_1,score_unchanged_after_injection,30,0.0,19.666666666666668,0.6474597273853779,470,0.06382978723404255
dataset_3,dataset_1,uncategorized_distribution_or_ranking_effect,30,-0.48281145095825195,3.0,0.7131350681536556,470,0.06382978723404255
dataset_3,dataset_1,very_short_trace_limited_evidence,170,-0.4006674484733273,1.2058823529411764,0.535425322545375,470,0.3617021276595745
dataset_3,dataset_2,pre_existing_high_normal_score,40,-0.14248685538768768,82.5,0.9069767441860466,65,0.6153846153846154
dataset_3,dataset_2,score_unchanged_after_injection,5,0.0,149.0,0.5813953488372093,65,0.07692307692307693
dataset_3,dataset_2,very_short_trace_limited_evidence,20,-0.4133521094918251,1.0,0.6075581395348838,65,0.3076923076923077
