rank,traceID,is_injected,root_operation,service,service_path,observed_duration_approx,residual_clipped,feature_weight,weighted_contribution,feature_index,path_length,observed_log_duration,train_mean_log_duration,train_std_log_duration,residual,abs_residual,num_spans,num_services,anomaly_score,experiment_key
1,0915ee7798c08138_inj_latency_v2,True,deleteConfig,ts-admin-basic-info-service,ts-admin-basic-info-service,13169692.52147713,5.0,1.0,5.0,1,1,16.393428802490234,12.191496849060059,0.7605253458023071,5.52503868098886,5.0,3,2,5.0,train_dataset_1_test_dataset_2_seed_0
2,0915ee7798c08138_inj_latency_v2,True,deleteConfig,ts-admin-basic-info-service,ts-admin-basic-info-service -> ts-admin-basic-info-service,12247532.32586668,4.612200644676662,1.0,4.612200644676662,0,2,16.32083511352539,11.4307222366333,1.0602558851242065,4.612200644676662,4.612200644676662,3,2,5.0,train_dataset_1_test_dataset_2_seed_0
3,0915ee7798c08138_inj_latency_v2,True,deleteConfig,ts-config-service,ts-admin-basic-info-service -> ts-admin-basic-info-service -> ts-config-service,12054984.431379475,4.399771632366982,0.6048828959465027,2.6613466064894116,22,3,16.304988861083984,10.907726287841797,1.2267142534255981,4.399771632366982,4.399771632366982,3,2,5.0,train_dataset_1_test_dataset_2_seed_0
1,09bd020ecb37a825_inj_latency_v2,True,addStation,ts-admin-basic-info-service,ts-admin-basic-info-service,10925995.442293242,5.0,1.0,5.0,1,1,16.206655502319336,12.191496849060059,0.7605253458023071,5.279454097645535,5.0,3,2,5.0,train_dataset_1_test_dataset_2_seed_0
2,09bd020ecb37a825_inj_latency_v2,True,addStation,ts-admin-basic-info-service,ts-admin-basic-info-service -> ts-admin-basic-info-service,7529132.382109349,4.153307073892259,1.0,4.153307073892259,0,2,15.834290504455566,11.4307222366333,1.0602558851242065,4.153307073892259,4.153307073892259,3,2,5.0,train_dataset_1_test_dataset_2_seed_0
3,09bd020ecb37a825_inj_latency_v2,True,addStation,ts-station-service,ts-admin-basic-info-service -> ts-admin-basic-info-service -> ts-station-service,7375651.670124388,4.761906641320111,0.6048828959465027,2.880395879428593,94,3,15.813694953918457,10.693353652954102,1.0752712488174438,4.761906641320111,4.761906641320111,3,2,5.0,train_dataset_1_test_dataset_2_seed_0
1,2b0431b78df04d9b_inj_latency_v2,True,modifyContacts,ts-admin-basic-info-service,ts-admin-basic-info-service,15838696.145676106,5.0,1.0,5.0,1,1,16.577966690063477,12.191496849060059,0.7605253458023071,5.767683963742147,5.0,3,2,5.0,train_dataset_1_test_dataset_2_seed_0
2,2b0431b78df04d9b_inj_latency_v2,True,modifyContacts,ts-admin-basic-info-service,ts-admin-basic-info-service -> ts-admin-basic-info-service,7804079.078005199,4.187135452370462,1.0,4.187135452370462,0,2,15.870157241821289,11.4307222366333,1.0602558851242065,4.187135452370462,4.187135452370462,3,2,5.0,train_dataset_1_test_dataset_2_seed_0
3,2b0431b78df04d9b_inj_latency_v2,True,modifyContacts,ts-contacts-service,ts-admin-basic-info-service -> ts-admin-basic-info-service -> ts-contacts-service,10517191.753149746,5.0,0.5772050023078918,2.8860250115394592,30,3,16.168521881103516,11.813669204711914,0.5391069054603577,8.077901863773898,5.0,3,2,5.0,train_dataset_1_test_dataset_2_seed_0
1,20dc9250d40800fb_inj_latency_v2,True,deletePrice,ts-admin-basic-info-service,ts-admin-basic-info-service,11911540.25053623,5.0,1.0,5.0,1,1,16.293018341064453,12.191496849060059,0.7605253458023071,5.393010916260185,5.0,3,2,5.0,train_dataset_1_test_dataset_3_seed_0
2,20dc9250d40800fb_inj_latency_v2,True,deletePrice,ts-admin-basic-info-service,ts-admin-basic-info-service -> ts-admin-basic-info-service,7051440.072453657,4.09148431578745,1.0,4.09148431578745,0,2,15.768742561340332,11.4307222366333,1.0602558851242065,4.09148431578745,4.09148431578745,3,2,5.0,train_dataset_1_test_dataset_3_seed_0
3,20dc9250d40800fb_inj_latency_v2,True,deletePrice,ts-price-service,ts-admin-basic-info-service -> ts-admin-basic-info-service -> ts-price-service,4216079.511848599,4.3571675682376325,0.5772050023078918,2.5149789162804743,64,3,15.254416465759277,11.969368934631348,0.7539410591125488,4.3571675682376325,4.3571675682376325,3,2,5.0,train_dataset_1_test_dataset_3_seed_0
1,d699c7e6a30262d8_inj_latency_v2,True,modifyStation,ts-admin-basic-info-service,ts-admin-basic-info-service,12286160.997041725,5.0,1.0,5.0,1,1,16.323984146118164,12.191496849060059,0.7605253458023071,5.433727251652064,5.0,3,2,5.0,train_dataset_1_test_dataset_3_seed_0
2,d699c7e6a30262d8_inj_latency_v2,True,modifyStation,ts-admin-basic-info-service,ts-admin-basic-info-service -> ts-admin-basic-info-service,8762696.647644904,4.296408247696696,1.0,4.296408247696696,0,2,15.986014366149902,11.4307222366333,1.0602558851242065,4.296408247696696,4.296408247696696,3,2,5.0,train_dataset_1_test_dataset_3_seed_0
3,d699c7e6a30262d8_inj_latency_v2,True,modifyStation,ts-station-service,ts-admin-basic-info-service -> ts-admin-basic-info-service -> ts-station-service,5823241.426863481,4.542122869006297,0.6048828959465027,2.7474524347493663,94,3,15.577367782592773,10.693353652954102,1.0752712488174438,4.542122869006297,4.542122869006297,3,2,5.0,train_dataset_1_test_dataset_3_seed_0
1,dcb1d36e1e3013bc_inj_latency_v2,True,getAllStations,ts-admin-basic-info-service,ts-admin-basic-info-service,17935274.76363414,5.0,1.0,5.0,1,1,16.702280044555664,12.191496849060059,0.7605253458023071,5.93114117812472,5.0,3,2,5.0,train_dataset_1_test_dataset_3_seed_0
2,dcb1d36e1e3013bc_inj_latency_v2,True,getAllStations,ts-admin-basic-info-service,ts-admin-basic-info-service -> ts-admin-basic-info-service,5853932.786897619,3.9159435538573955,1.0,3.9159435538573955,0,2,15.582624435424805,11.4307222366333,1.0602558851242065,3.9159435538573955,3.9159435538573955,3,2,5.0,train_dataset_1_test_dataset_3_seed_0
3,dcb1d36e1e3013bc_inj_latency_v2,True,getAllStations,ts-station-service,ts-admin-basic-info-service -> ts-admin-basic-info-service -> ts-station-service,2946631.2828832334,3.908613597583777,0.6048828959465027,2.364253512042353,94,3,14.896173477172852,10.693353652954102,1.0752712488174438,3.908613597583777,3.908613597583777,3,2,5.0,train_dataset_1_test_dataset_3_seed_0
1,c53252161cdd3c91_inj_latency_v2,True,getAllStations,ts-admin-basic-info-service,ts-admin-basic-info-service,140761701.3357974,5.0,1.0,5.0,1,1,18.7625789642334,12.930994987487793,0.9768394827842712,5.969848761767826,5.0,3,2,5.0,train_dataset_2_test_dataset_1_seed_0
2,c53252161cdd3c91_inj_latency_v2,True,getAllStations,ts-admin-basic-info-service,ts-admin-basic-info-service -> ts-admin-basic-info-service,29583470.38380866,4.494929528101987,1.0,4.494929528101987,0,2,17.202726364135742,12.139059066772461,1.1265287399291992,4.494929528101987,4.494929528101987,3,2,5.0,train_dataset_2_test_dataset_1_seed_0
3,c53252161cdd3c91_inj_latency_v2,True,getAllStations,ts-station-service,ts-admin-basic-info-service -> ts-admin-basic-info-service -> ts-station-service,2511509.3977066474,3.0439624448272187,0.5286339521408081,1.6091418973772091,121,3,14.736394882202148,11.130006790161133,1.1847676038742065,3.0439624448272187,3.0439624448272187,3,2,5.0,train_dataset_2_test_dataset_1_seed_0
1,b542746d7df99038_inj_latency_v2,True,addContacts,ts-admin-basic-info-service,ts-admin-basic-info-service,17019914.46605628,3.8070735186376274,1.0,3.8070735186376274,1,1,16.64989471435547,12.930994987487793,0.9768394827842712,3.8070735186376274,3.8070735186376274,3,2,3.8070735931396484,train_dataset_2_test_dataset_1_seed_0
2,b542746d7df99038_inj_latency_v2,True,addContacts,ts-admin-basic-info-service,ts-admin-basic-info-service -> ts-admin-basic-info-service,9258862.981799662,3.4637668031603783,1.0,3.4637668031603783,0,2,16.041091918945312,12.139059066772461,1.1265287399291992,3.4637668031603783,3.4637668031603783,3,2,3.8070735931396484,train_dataset_2_test_dataset_1_seed_0
3,b542746d7df99038_inj_latency_v2,True,addContacts,ts-contacts-service,ts-admin-basic-info-service -> ts-admin-basic-info-service -> ts-contacts-service,8974134.618053902,3.409813103771025,0.5286339521408081,1.8025429771079924,35,3,16.009857177734375,12.42524528503418,1.051263451576233,3.409813103771025,3.409813103771025,3,2,3.8070735931396484,train_dataset_2_test_dataset_1_seed_0
1,cacd15af117359e4_inj_latency_v2,True,addTrain,ts-admin-basic-info-service,ts-admin-basic-info-service -> ts-admin-basic-info-service,11885418.833293568,3.6854487318952533,1.0,3.6854487318952533,0,2,16.290822982788086,12.139059066772461,1.1265287399291992,3.6854487318952533,3.6854487318952533,3,2,3.68544864654541,train_dataset_2_test_dataset_1_seed_0
2,cacd15af117359e4_inj_latency_v2,True,addTrain,ts-admin-basic-info-service,ts-admin-basic-info-service,14471638.795800108,3.641034674796522,1.0,3.641034674796522,1,1,16.487701416015625,12.930994987487793,0.9768394827842712,3.641034674796522,3.641034674796522,3,2,3.68544864654541,train_dataset_2_test_dataset_1_seed_0
3,cacd15af117359e4_inj_latency_v2,True,addTrain,ts-train-service,ts-admin-basic-info-service -> ts-admin-basic-info-service -> ts-train-service,11805416.110807735,3.689565322318552,0.5286339521408081,1.9504294980189305,145,3,16.284069061279297,11.410685539245605,1.320855736732483,3.689565322318552,3.689565322318552,3,2,3.68544864654541,train_dataset_2_test_dataset_1_seed_0
1,25c68af77d253c97_inj_latency_v2,True,getAllContacts,ts-admin-basic-info-service,ts-admin-basic-info-service,191921597.1564288,5.0,1.0,5.0,1,1,19.07259750366211,12.930994987487793,0.9768394827842712,6.287217730664405,5.0,3,2,5.0,train_dataset_2_test_dataset_3_seed_0
2,25c68af77d253c97_inj_latency_v2,True,getAllContacts,ts-admin-basic-info-service,ts-admin-basic-info-service -> ts-admin-basic-info-service,33178079.125077497,4.596723304361224,1.0,4.596723304361224,0,2,17.317399978637695,12.139059066772461,1.1265287399291992,4.596723304361224,4.596723304361224,3,2,5.0,train_dataset_2_test_dataset_3_seed_0
3,25c68af77d253c97_inj_latency_v2,True,getAllContacts,ts-contacts-service,ts-admin-basic-info-service -> ts-admin-basic-info-service -> ts-contacts-service,2307659.601058752,2.1179272942065763,0.5286339521408081,1.1196082758833106,35,3,14.651744842529297,12.42524528503418,1.051263451576233,2.1179272942065763,2.1179272942065763,3,2,5.0,train_dataset_2_test_dataset_3_seed_0
1,1963e957510a5bc9_inj_latency_v2,True,addContacts,ts-admin-basic-info-service,ts-admin-basic-info-service,48435036.45020975,4.877709306936686,1.0,4.877709306936686,1,1,17.69573402404785,12.930994987487793,0.9768394827842712,4.877709306936686,4.877709306936686,3,2,4.87770938873291,train_dataset_2_test_dataset_3_seed_0
2,1963e957510a5bc9_inj_latency_v2,True,addContacts,ts-admin-basic-info-service,ts-admin-basic-info-service -> ts-admin-basic-info-service,23632515.87341632,4.2955629243911755,1.0,4.2955629243911755,0,2,16.978134155273438,12.139059066772461,1.1265287399291992,4.2955629243911755,4.2955629243911755,3,2,4.87770938873291,train_dataset_2_test_dataset_3_seed_0
3,1963e957510a5bc9_inj_latency_v2,True,addContacts,ts-contacts-service,ts-admin-basic-info-service -> ts-admin-basic-info-service -> ts-contacts-service,17841684.997836586,4.06349416582177,0.5286339521408081,2.1481009803794784,35,3,16.69704818725586,12.42524528503418,1.051263451576233,4.06349416582177,4.06349416582177,3,2,4.87770938873291,train_dataset_2_test_dataset_3_seed_0
1,ce8afdadb7963df1_inj_latency_v2,True,addConfig,ts-admin-basic-info-service,ts-admin-basic-info-service -> ts-admin-basic-info-service,20912264.378794022,4.187010212054847,1.0,4.187010212054847,0,2,16.855846405029297,12.139059066772461,1.1265287399291992,4.187010212054847,4.187010212054847,3,2,4.187010288238525,train_dataset_2_test_dataset_3_seed_0
2,ce8afdadb7963df1_inj_latency_v2,True,addConfig,ts-admin-basic-info-service,ts-admin-basic-info-service,24299356.423348453,4.171581461239601,1.0,4.171581461239601,1,1,17.00596046447754,12.930994987487793,0.9768394827842712,4.171581461239601,4.171581461239601,3,2,4.187010288238525,train_dataset_2_test_dataset_3_seed_0
3,ce8afdadb7963df1_inj_latency_v2,True,addConfig,ts-config-service,ts-admin-basic-info-service -> ts-admin-basic-info-service -> ts-config-service,20914139.150921725,5.0,0.5286339521408081,2.6431697607040405,26,3,16.85593605041504,12.32963752746582,0.5064051747322083,8.93809690104918,5.0,3,2,4.187010288238525,train_dataset_2_test_dataset_3_seed_0
1,c53252161cdd3c91_inj_latency_v2,True,getAllStations,ts-admin-basic-info-service,ts-admin-basic-info-service -> ts-admin-basic-info-service,29583470.38380866,5.0,1.0,5.0,0,2,17.202726364135742,11.967796325683594,0.9930031895637512,5.271815935205577,5.0,3,2,5.0,train_dataset_3_test_dataset_1_seed_0
2,c53252161cdd3c91_inj_latency_v2,True,getAllStations,ts-admin-basic-info-service,ts-admin-basic-info-service,140761701.3357974,5.0,1.0,5.0,1,1,18.7625789642334,12.627050399780273,0.83769690990448,7.324282197904658,5.0,3,2,5.0,train_dataset_3_test_dataset_1_seed_0
3,c53252161cdd3c91_inj_latency_v2,True,getAllStations,ts-station-service,ts-admin-basic-info-service -> ts-admin-basic-info-service -> ts-station-service,2511509.3977066474,2.733983766871722,0.5916741490364075,1.617627518743178,112,3,14.736394882202148,11.286323547363281,1.2619209289550781,2.733983766871722,2.733983766871722,3,2,5.0,train_dataset_3_test_dataset_1_seed_0
1,b542746d7df99038_inj_latency_v2,True,addContacts,ts-admin-basic-info-service,ts-admin-basic-info-service,17019914.46605628,4.802267105215785,1.0,4.802267105215785,1,1,16.64989471435547,12.627050399780273,0.83769690990448,4.802267105215785,4.802267105215785,3,2,4.802267074584961,train_dataset_3_test_dataset_1_seed_0
2,b542746d7df99038_inj_latency_v2,True,addContacts,ts-admin-basic-info-service,ts-admin-basic-info-service -> ts-admin-basic-info-service,9258862.981799662,4.101996485077968,1.0,4.101996485077968,0,2,16.041091918945312,11.967796325683594,0.9930031895637512,4.101996485077968,4.101996485077968,3,2,4.802267074584961,train_dataset_3_test_dataset_1_seed_0
3,b542746d7df99038_inj_latency_v2,True,addContacts,ts-contacts-service,ts-admin-basic-info-service -> ts-admin-basic-info-service -> ts-contacts-service,8974134.618053902,5.0,0.5916741490364075,2.9583707451820374,36,3,16.009857177734375,12.374357223510742,0.6914390921592712,5.257874475784202,5.0,3,2,4.802267074584961,train_dataset_3_test_dataset_1_seed_0
1,cacd15af117359e4_inj_latency_v2,True,addTrain,ts-admin-basic-info-service,ts-admin-basic-info-service,14471638.795800108,4.608648988183052,1.0,4.608648988183052,1,1,16.487701416015625,12.627050399780273,0.83769690990448,4.608648988183052,4.608648988183052,3,2,4.608648777008057,train_dataset_3_test_dataset_1_seed_0
2,cacd15af117359e4_inj_latency_v2,True,addTrain,ts-admin-basic-info-service,ts-admin-basic-info-service -> ts-admin-basic-info-service,11885418.833293568,4.353487181651144,1.0,4.353487181651144,0,2,16.290822982788086,11.967796325683594,0.9930031895637512,4.353487181651144,4.353487181651144,3,2,4.608648777008057,train_dataset_3_test_dataset_1_seed_0
3,cacd15af117359e4_inj_latency_v2,True,addTrain,ts-train-service,ts-admin-basic-info-service -> ts-admin-basic-info-service -> ts-train-service,11805416.110807735,5.0,0.5916741490364075,2.9583707451820374,136,3,16.284069061279297,12.105148315429688,0.512783408164978,8.14948510288992,5.0,3,2,4.608648777008057,train_dataset_3_test_dataset_1_seed_0
1,2a43c7464ad87899_inj_latency_v2,True,addContacts,ts-admin-basic-info-service,ts-admin-basic-info-service,33198652.204798397,5.0,1.0,5.0,1,1,17.31801986694336,12.627050399780273,0.83769690990448,5.599840958823619,5.0,3,2,5.0,train_dataset_3_test_dataset_2_seed_0
2,2a43c7464ad87899_inj_latency_v2,True,addContacts,ts-admin-basic-info-service,ts-admin-basic-info-service -> ts-admin-basic-info-service,19622710.06406599,4.858395125184058,1.0,4.858395125184058,0,2,16.792198181152344,11.967796325683594,0.9930031895637512,4.858395125184058,4.858395125184058,3,2,5.0,train_dataset_3_test_dataset_2_seed_0
3,2a43c7464ad87899_inj_latency_v2,True,addContacts,ts-contacts-service,ts-admin-basic-info-service -> ts-admin-basic-info-service -> ts-contacts-service,19277116.35698546,5.0,0.5916741490364075,2.9583707451820374,36,3,16.774429321289062,12.374357223510742,0.6914390921592712,6.363643808505948,5.0,3,2,5.0,train_dataset_3_test_dataset_2_seed_0
1,de4ff8cd77f13dd7_inj_latency_v2,True,addTrain,ts-admin-basic-info-service,ts-admin-basic-info-service,21292370.170548707,5.0,1.0,5.0,1,1,16.873859405517578,12.627050399780273,0.83769690990448,5.069624771830131,5.0,3,2,5.0,train_dataset_3_test_dataset_2_seed_0
2,de4ff8cd77f13dd7_inj_latency_v2,True,addTrain,ts-admin-basic-info-service,ts-admin-basic-info-service -> ts-admin-basic-info-service,14997091.817271646,4.587669657353626,1.0,4.587669657353626,0,2,16.523366928100586,11.967796325683594,0.9930031895637512,4.587669657353626,4.587669657353626,3,2,5.0,train_dataset_3_test_dataset_2_seed_0
3,de4ff8cd77f13dd7_inj_latency_v2,True,addTrain,ts-train-service,ts-admin-basic-info-service -> ts-admin-basic-info-service -> ts-train-service,14923188.377474012,5.0,0.5916741490364075,2.9583707451820374,136,3,16.5184268951416,12.105148315429688,0.512783408164978,8.606515946966887,5.0,3,2,5.0,train_dataset_3_test_dataset_2_seed_0
1,d44b91c0fce82d26_inj_latency_v2,True,addPrice,ts-admin-basic-info-service,ts-admin-basic-info-service,42074828.71496622,5.0,1.0,5.0,1,1,17.554960250854492,12.627050399780273,0.83769690990448,5.882688348028087,5.0,3,2,5.0,train_dataset_3_test_dataset_2_seed_0
2,d44b91c0fce82d26_inj_latency_v2,True,addPrice,ts-admin-basic-info-service,ts-admin-basic-info-service -> ts-admin-basic-info-service,20211224.65524766,4.888153894016559,1.0,4.888153894016559,0,2,16.821748733520508,11.967796325683594,0.9930031895637512,4.888153894016559,4.888153894016559,3,2,5.0,train_dataset_3_test_dataset_2_seed_0
3,d44b91c0fce82d26_inj_latency_v2,True,addPrice,ts-price-service,ts-admin-basic-info-service -> ts-admin-basic-info-service -> ts-price-service,22549228.87753781,5.0,0.5916741490364075,2.9583707451820374,71,3,16.931211471557617,11.195579528808594,0.7666506767272949,7.4814150914644575,5.0,3,2,5.0,train_dataset_3_test_dataset_2_seed_0
1,0915ee7798c08138_inj_latency_v2,True,deleteConfig,ts-admin-basic-info-service,ts-admin-basic-info-service,13169692.52147713,5.0,1.0,5.0,1,1,16.393428802490234,12.191496849060059,0.7605253458023071,5.52503868098886,5.0,3,2,5.0,train_dataset_1_test_dataset_2_seed_1
2,0915ee7798c08138_inj_latency_v2,True,deleteConfig,ts-admin-basic-info-service,ts-admin-basic-info-service -> ts-admin-basic-info-service,12247532.32586668,4.612200644676662,1.0,4.612200644676662,0,2,16.32083511352539,11.4307222366333,1.0602558851242065,4.612200644676662,4.612200644676662,3,2,5.0,train_dataset_1_test_dataset_2_seed_1
3,0915ee7798c08138_inj_latency_v2,True,deleteConfig,ts-config-service,ts-admin-basic-info-service -> ts-admin-basic-info-service -> ts-config-service,12054984.431379475,4.399771632366982,0.6048828959465027,2.6613466064894116,22,3,16.304988861083984,10.907726287841797,1.2267142534255981,4.399771632366982,4.399771632366982,3,2,5.0,train_dataset_1_test_dataset_2_seed_1
1,09bd020ecb37a825_inj_latency_v2,True,addStation,ts-admin-basic-info-service,ts-admin-basic-info-service,10925995.442293242,5.0,1.0,5.0,1,1,16.206655502319336,12.191496849060059,0.7605253458023071,5.279454097645535,5.0,3,2,5.0,train_dataset_1_test_dataset_2_seed_1
2,09bd020ecb37a825_inj_latency_v2,True,addStation,ts-admin-basic-info-service,ts-admin-basic-info-service -> ts-admin-basic-info-service,7529132.382109349,4.153307073892259,1.0,4.153307073892259,0,2,15.834290504455566,11.4307222366333,1.0602558851242065,4.153307073892259,4.153307073892259,3,2,5.0,train_dataset_1_test_dataset_2_seed_1
3,09bd020ecb37a825_inj_latency_v2,True,addStation,ts-station-service,ts-admin-basic-info-service -> ts-admin-basic-info-service -> ts-station-service,7375651.670124388,4.761906641320111,0.6048828959465027,2.880395879428593,94,3,15.813694953918457,10.693353652954102,1.0752712488174438,4.761906641320111,4.761906641320111,3,2,5.0,train_dataset_1_test_dataset_2_seed_1
1,2b0431b78df04d9b_inj_latency_v2,True,modifyContacts,ts-admin-basic-info-service,ts-admin-basic-info-service,15838696.145676106,5.0,1.0,5.0,1,1,16.577966690063477,12.191496849060059,0.7605253458023071,5.767683963742147,5.0,3,2,5.0,train_dataset_1_test_dataset_2_seed_1
2,2b0431b78df04d9b_inj_latency_v2,True,modifyContacts,ts-admin-basic-info-service,ts-admin-basic-info-service -> ts-admin-basic-info-service,7804079.078005199,4.187135452370462,1.0,4.187135452370462,0,2,15.870157241821289,11.4307222366333,1.0602558851242065,4.187135452370462,4.187135452370462,3,2,5.0,train_dataset_1_test_dataset_2_seed_1
3,2b0431b78df04d9b_inj_latency_v2,True,modifyContacts,ts-contacts-service,ts-admin-basic-info-service -> ts-admin-basic-info-service -> ts-contacts-service,10517191.753149746,5.0,0.5772050023078918,2.8860250115394592,30,3,16.168521881103516,11.813669204711914,0.5391069054603577,8.077901863773898,5.0,3,2,5.0,train_dataset_1_test_dataset_2_seed_1
1,20dc9250d40800fb_inj_latency_v2,True,deletePrice,ts-admin-basic-info-service,ts-admin-basic-info-service,11911540.25053623,5.0,1.0,5.0,1,1,16.293018341064453,12.191496849060059,0.7605253458023071,5.393010916260185,5.0,3,2,5.0,train_dataset_1_test_dataset_3_seed_1
2,20dc9250d40800fb_inj_latency_v2,True,deletePrice,ts-admin-basic-info-service,ts-admin-basic-info-service -> ts-admin-basic-info-service,7051440.072453657,4.09148431578745,1.0,4.09148431578745,0,2,15.768742561340332,11.4307222366333,1.0602558851242065,4.09148431578745,4.09148431578745,3,2,5.0,train_dataset_1_test_dataset_3_seed_1
3,20dc9250d40800fb_inj_latency_v2,True,deletePrice,ts-price-service,ts-admin-basic-info-service -> ts-admin-basic-info-service -> ts-price-service,4216079.511848599,4.3571675682376325,0.5772050023078918,2.5149789162804743,64,3,15.254416465759277,11.969368934631348,0.7539410591125488,4.3571675682376325,4.3571675682376325,3,2,5.0,train_dataset_1_test_dataset_3_seed_1
1,d699c7e6a30262d8_inj_latency_v2,True,modifyStation,ts-admin-basic-info-service,ts-admin-basic-info-service,12286160.997041725,5.0,1.0,5.0,1,1,16.323984146118164,12.191496849060059,0.7605253458023071,5.433727251652064,5.0,3,2,5.0,train_dataset_1_test_dataset_3_seed_1
2,d699c7e6a30262d8_inj_latency_v2,True,modifyStation,ts-admin-basic-info-service,ts-admin-basic-info-service -> ts-admin-basic-info-service,8762696.647644904,4.296408247696696,1.0,4.296408247696696,0,2,15.986014366149902,11.4307222366333,1.0602558851242065,4.296408247696696,4.296408247696696,3,2,5.0,train_dataset_1_test_dataset_3_seed_1
3,d699c7e6a30262d8_inj_latency_v2,True,modifyStation,ts-station-service,ts-admin-basic-info-service -> ts-admin-basic-info-service -> ts-station-service,5823241.426863481,4.542122869006297,0.6048828959465027,2.7474524347493663,94,3,15.577367782592773,10.693353652954102,1.0752712488174438,4.542122869006297,4.542122869006297,3,2,5.0,train_dataset_1_test_dataset_3_seed_1
1,dcb1d36e1e3013bc_inj_latency_v2,True,getAllStations,ts-admin-basic-info-service,ts-admin-basic-info-service,17935274.76363414,5.0,1.0,5.0,1,1,16.702280044555664,12.191496849060059,0.7605253458023071,5.93114117812472,5.0,3,2,5.0,train_dataset_1_test_dataset_3_seed_1
2,dcb1d36e1e3013bc_inj_latency_v2,True,getAllStations,ts-admin-basic-info-service,ts-admin-basic-info-service -> ts-admin-basic-info-service,5853932.786897619,3.9159435538573955,1.0,3.9159435538573955,0,2,15.582624435424805,11.4307222366333,1.0602558851242065,3.9159435538573955,3.9159435538573955,3,2,5.0,train_dataset_1_test_dataset_3_seed_1
3,dcb1d36e1e3013bc_inj_latency_v2,True,getAllStations,ts-station-service,ts-admin-basic-info-service -> ts-admin-basic-info-service -> ts-station-service,2946631.2828832334,3.908613597583777,0.6048828959465027,2.364253512042353,94,3,14.896173477172852,10.693353652954102,1.0752712488174438,3.908613597583777,3.908613597583777,3,2,5.0,train_dataset_1_test_dataset_3_seed_1
1,c53252161cdd3c91_inj_latency_v2,True,getAllStations,ts-admin-basic-info-service,ts-admin-basic-info-service,140761701.3357974,5.0,1.0,5.0,1,1,18.7625789642334,12.930994987487793,0.9768394827842712,5.969848761767826,5.0,3,2,5.0,train_dataset_2_test_dataset_1_seed_1
2,c53252161cdd3c91_inj_latency_v2,True,getAllStations,ts-admin-basic-info-service,ts-admin-basic-info-service -> ts-admin-basic-info-service,29583470.38380866,4.494929528101987,1.0,4.494929528101987,0,2,17.202726364135742,12.139059066772461,1.1265287399291992,4.494929528101987,4.494929528101987,3,2,5.0,train_dataset_2_test_dataset_1_seed_1
3,c53252161cdd3c91_inj_latency_v2,True,getAllStations,ts-station-service,ts-admin-basic-info-service -> ts-admin-basic-info-service -> ts-station-service,2511509.3977066474,3.0439624448272187,0.5286339521408081,1.6091418973772091,121,3,14.736394882202148,11.130006790161133,1.1847676038742065,3.0439624448272187,3.0439624448272187,3,2,5.0,train_dataset_2_test_dataset_1_seed_1
1,b542746d7df99038_inj_latency_v2,True,addContacts,ts-admin-basic-info-service,ts-admin-basic-info-service,17019914.46605628,3.8070735186376274,1.0,3.8070735186376274,1,1,16.64989471435547,12.930994987487793,0.9768394827842712,3.8070735186376274,3.8070735186376274,3,2,3.8070735931396484,train_dataset_2_test_dataset_1_seed_1
2,b542746d7df99038_inj_latency_v2,True,addContacts,ts-admin-basic-info-service,ts-admin-basic-info-service -> ts-admin-basic-info-service,9258862.981799662,3.4637668031603783,1.0,3.4637668031603783,0,2,16.041091918945312,12.139059066772461,1.1265287399291992,3.4637668031603783,3.4637668031603783,3,2,3.8070735931396484,train_dataset_2_test_dataset_1_seed_1
3,b542746d7df99038_inj_latency_v2,True,addContacts,ts-contacts-service,ts-admin-basic-info-service -> ts-admin-basic-info-service -> ts-contacts-service,8974134.618053902,3.409813103771025,0.5286339521408081,1.8025429771079924,35,3,16.009857177734375,12.42524528503418,1.051263451576233,3.409813103771025,3.409813103771025,3,2,3.8070735931396484,train_dataset_2_test_dataset_1_seed_1
1,cacd15af117359e4_inj_latency_v2,True,addTrain,ts-admin-basic-info-service,ts-admin-basic-info-service -> ts-admin-basic-info-service,11885418.833293568,3.6854487318952533,1.0,3.6854487318952533,0,2,16.290822982788086,12.139059066772461,1.1265287399291992,3.6854487318952533,3.6854487318952533,3,2,3.68544864654541,train_dataset_2_test_dataset_1_seed_1
2,cacd15af117359e4_inj_latency_v2,True,addTrain,ts-admin-basic-info-service,ts-admin-basic-info-service,14471638.795800108,3.641034674796522,1.0,3.641034674796522,1,1,16.487701416015625,12.930994987487793,0.9768394827842712,3.641034674796522,3.641034674796522,3,2,3.68544864654541,train_dataset_2_test_dataset_1_seed_1
3,cacd15af117359e4_inj_latency_v2,True,addTrain,ts-train-service,ts-admin-basic-info-service -> ts-admin-basic-info-service -> ts-train-service,11805416.110807735,3.689565322318552,0.5286339521408081,1.9504294980189305,145,3,16.284069061279297,11.410685539245605,1.320855736732483,3.689565322318552,3.689565322318552,3,2,3.68544864654541,train_dataset_2_test_dataset_1_seed_1
1,25c68af77d253c97_inj_latency_v2,True,getAllContacts,ts-admin-basic-info-service,ts-admin-basic-info-service,191921597.1564288,5.0,1.0,5.0,1,1,19.07259750366211,12.930994987487793,0.9768394827842712,6.287217730664405,5.0,3,2,5.0,train_dataset_2_test_dataset_3_seed_1
2,25c68af77d253c97_inj_latency_v2,True,getAllContacts,ts-admin-basic-info-service,ts-admin-basic-info-service -> ts-admin-basic-info-service,33178079.125077497,4.596723304361224,1.0,4.596723304361224,0,2,17.317399978637695,12.139059066772461,1.1265287399291992,4.596723304361224,4.596723304361224,3,2,5.0,train_dataset_2_test_dataset_3_seed_1
3,25c68af77d253c97_inj_latency_v2,True,getAllContacts,ts-contacts-service,ts-admin-basic-info-service -> ts-admin-basic-info-service -> ts-contacts-service,2307659.601058752,2.1179272942065763,0.5286339521408081,1.1196082758833106,35,3,14.651744842529297,12.42524528503418,1.051263451576233,2.1179272942065763,2.1179272942065763,3,2,5.0,train_dataset_2_test_dataset_3_seed_1
1,1963e957510a5bc9_inj_latency_v2,True,addContacts,ts-admin-basic-info-service,ts-admin-basic-info-service,48435036.45020975,4.877709306936686,1.0,4.877709306936686,1,1,17.69573402404785,12.930994987487793,0.9768394827842712,4.877709306936686,4.877709306936686,3,2,4.87770938873291,train_dataset_2_test_dataset_3_seed_1
2,1963e957510a5bc9_inj_latency_v2,True,addContacts,ts-admin-basic-info-service,ts-admin-basic-info-service -> ts-admin-basic-info-service,23632515.87341632,4.2955629243911755,1.0,4.2955629243911755,0,2,16.978134155273438,12.139059066772461,1.1265287399291992,4.2955629243911755,4.2955629243911755,3,2,4.87770938873291,train_dataset_2_test_dataset_3_seed_1
3,1963e957510a5bc9_inj_latency_v2,True,addContacts,ts-contacts-service,ts-admin-basic-info-service -> ts-admin-basic-info-service -> ts-contacts-service,17841684.997836586,4.06349416582177,0.5286339521408081,2.1481009803794784,35,3,16.69704818725586,12.42524528503418,1.051263451576233,4.06349416582177,4.06349416582177,3,2,4.87770938873291,train_dataset_2_test_dataset_3_seed_1
1,ce8afdadb7963df1_inj_latency_v2,True,addConfig,ts-admin-basic-info-service,ts-admin-basic-info-service -> ts-admin-basic-info-service,20912264.378794022,4.187010212054847,1.0,4.187010212054847,0,2,16.855846405029297,12.139059066772461,1.1265287399291992,4.187010212054847,4.187010212054847,3,2,4.187010288238525,train_dataset_2_test_dataset_3_seed_1
2,ce8afdadb7963df1_inj_latency_v2,True,addConfig,ts-admin-basic-info-service,ts-admin-basic-info-service,24299356.423348453,4.171581461239601,1.0,4.171581461239601,1,1,17.00596046447754,12.930994987487793,0.9768394827842712,4.171581461239601,4.171581461239601,3,2,4.187010288238525,train_dataset_2_test_dataset_3_seed_1
3,ce8afdadb7963df1_inj_latency_v2,True,addConfig,ts-config-service,ts-admin-basic-info-service -> ts-admin-basic-info-service -> ts-config-service,20914139.150921725,5.0,0.5286339521408081,2.6431697607040405,26,3,16.85593605041504,12.32963752746582,0.5064051747322083,8.93809690104918,5.0,3,2,4.187010288238525,train_dataset_2_test_dataset_3_seed_1
1,c53252161cdd3c91_inj_latency_v2,True,getAllStations,ts-admin-basic-info-service,ts-admin-basic-info-service -> ts-admin-basic-info-service,29583470.38380866,5.0,1.0,5.0,0,2,17.202726364135742,11.967796325683594,0.9930031895637512,5.271815935205577,5.0,3,2,5.0,train_dataset_3_test_dataset_1_seed_1
2,c53252161cdd3c91_inj_latency_v2,True,getAllStations,ts-admin-basic-info-service,ts-admin-basic-info-service,140761701.3357974,5.0,1.0,5.0,1,1,18.7625789642334,12.627050399780273,0.83769690990448,7.324282197904658,5.0,3,2,5.0,train_dataset_3_test_dataset_1_seed_1
3,c53252161cdd3c91_inj_latency_v2,True,getAllStations,ts-station-service,ts-admin-basic-info-service -> ts-admin-basic-info-service -> ts-station-service,2511509.3977066474,2.733983766871722,0.5916741490364075,1.617627518743178,112,3,14.736394882202148,11.286323547363281,1.2619209289550781,2.733983766871722,2.733983766871722,3,2,5.0,train_dataset_3_test_dataset_1_seed_1
1,b542746d7df99038_inj_latency_v2,True,addContacts,ts-admin-basic-info-service,ts-admin-basic-info-service,17019914.46605628,4.802267105215785,1.0,4.802267105215785,1,1,16.64989471435547,12.627050399780273,0.83769690990448,4.802267105215785,4.802267105215785,3,2,4.802267074584961,train_dataset_3_test_dataset_1_seed_1
2,b542746d7df99038_inj_latency_v2,True,addContacts,ts-admin-basic-info-service,ts-admin-basic-info-service -> ts-admin-basic-info-service,9258862.981799662,4.101996485077968,1.0,4.101996485077968,0,2,16.041091918945312,11.967796325683594,0.9930031895637512,4.101996485077968,4.101996485077968,3,2,4.802267074584961,train_dataset_3_test_dataset_1_seed_1
3,b542746d7df99038_inj_latency_v2,True,addContacts,ts-contacts-service,ts-admin-basic-info-service -> ts-admin-basic-info-service -> ts-contacts-service,8974134.618053902,5.0,0.5916741490364075,2.9583707451820374,36,3,16.009857177734375,12.374357223510742,0.6914390921592712,5.257874475784202,5.0,3,2,4.802267074584961,train_dataset_3_test_dataset_1_seed_1
1,cacd15af117359e4_inj_latency_v2,True,addTrain,ts-admin-basic-info-service,ts-admin-basic-info-service,14471638.795800108,4.608648988183052,1.0,4.608648988183052,1,1,16.487701416015625,12.627050399780273,0.83769690990448,4.608648988183052,4.608648988183052,3,2,4.608648777008057,train_dataset_3_test_dataset_1_seed_1
2,cacd15af117359e4_inj_latency_v2,True,addTrain,ts-admin-basic-info-service,ts-admin-basic-info-service -> ts-admin-basic-info-service,11885418.833293568,4.353487181651144,1.0,4.353487181651144,0,2,16.290822982788086,11.967796325683594,0.9930031895637512,4.353487181651144,4.353487181651144,3,2,4.608648777008057,train_dataset_3_test_dataset_1_seed_1
3,cacd15af117359e4_inj_latency_v2,True,addTrain,ts-train-service,ts-admin-basic-info-service -> ts-admin-basic-info-service -> ts-train-service,11805416.110807735,5.0,0.5916741490364075,2.9583707451820374,136,3,16.284069061279297,12.105148315429688,0.512783408164978,8.14948510288992,5.0,3,2,4.608648777008057,train_dataset_3_test_dataset_1_seed_1
1,2a43c7464ad87899_inj_latency_v2,True,addContacts,ts-admin-basic-info-service,ts-admin-basic-info-service,33198652.204798397,5.0,1.0,5.0,1,1,17.31801986694336,12.627050399780273,0.83769690990448,5.599840958823619,5.0,3,2,5.0,train_dataset_3_test_dataset_2_seed_1
2,2a43c7464ad87899_inj_latency_v2,True,addContacts,ts-admin-basic-info-service,ts-admin-basic-info-service -> ts-admin-basic-info-service,19622710.06406599,4.858395125184058,1.0,4.858395125184058,0,2,16.792198181152344,11.967796325683594,0.9930031895637512,4.858395125184058,4.858395125184058,3,2,5.0,train_dataset_3_test_dataset_2_seed_1
3,2a43c7464ad87899_inj_latency_v2,True,addContacts,ts-contacts-service,ts-admin-basic-info-service -> ts-admin-basic-info-service -> ts-contacts-service,19277116.35698546,5.0,0.5916741490364075,2.9583707451820374,36,3,16.774429321289062,12.374357223510742,0.6914390921592712,6.363643808505948,5.0,3,2,5.0,train_dataset_3_test_dataset_2_seed_1
1,de4ff8cd77f13dd7_inj_latency_v2,True,addTrain,ts-admin-basic-info-service,ts-admin-basic-info-service,21292370.170548707,5.0,1.0,5.0,1,1,16.873859405517578,12.627050399780273,0.83769690990448,5.069624771830131,5.0,3,2,5.0,train_dataset_3_test_dataset_2_seed_1
2,de4ff8cd77f13dd7_inj_latency_v2,True,addTrain,ts-admin-basic-info-service,ts-admin-basic-info-service -> ts-admin-basic-info-service,14997091.817271646,4.587669657353626,1.0,4.587669657353626,0,2,16.523366928100586,11.967796325683594,0.9930031895637512,4.587669657353626,4.587669657353626,3,2,5.0,train_dataset_3_test_dataset_2_seed_1
3,de4ff8cd77f13dd7_inj_latency_v2,True,addTrain,ts-train-service,ts-admin-basic-info-service -> ts-admin-basic-info-service -> ts-train-service,14923188.377474012,5.0,0.5916741490364075,2.9583707451820374,136,3,16.5184268951416,12.105148315429688,0.512783408164978,8.606515946966887,5.0,3,2,5.0,train_dataset_3_test_dataset_2_seed_1
1,d44b91c0fce82d26_inj_latency_v2,True,addPrice,ts-admin-basic-info-service,ts-admin-basic-info-service,42074828.71496622,5.0,1.0,5.0,1,1,17.554960250854492,12.627050399780273,0.83769690990448,5.882688348028087,5.0,3,2,5.0,train_dataset_3_test_dataset_2_seed_1
2,d44b91c0fce82d26_inj_latency_v2,True,addPrice,ts-admin-basic-info-service,ts-admin-basic-info-service -> ts-admin-basic-info-service,20211224.65524766,4.888153894016559,1.0,4.888153894016559,0,2,16.821748733520508,11.967796325683594,0.9930031895637512,4.888153894016559,4.888153894016559,3,2,5.0,train_dataset_3_test_dataset_2_seed_1
3,d44b91c0fce82d26_inj_latency_v2,True,addPrice,ts-price-service,ts-admin-basic-info-service -> ts-admin-basic-info-service -> ts-price-service,22549228.87753781,5.0,0.5916741490364075,2.9583707451820374,71,3,16.931211471557617,11.195579528808594,0.7666506767272949,7.4814150914644575,5.0,3,2,5.0,train_dataset_3_test_dataset_2_seed_1
1,0915ee7798c08138_inj_latency_v2,True,deleteConfig,ts-admin-basic-info-service,ts-admin-basic-info-service,13169692.52147713,5.0,1.0,5.0,1,1,16.393428802490234,12.191496849060059,0.7605253458023071,5.52503868098886,5.0,3,2,5.0,train_dataset_1_test_dataset_2_seed_2
2,0915ee7798c08138_inj_latency_v2,True,deleteConfig,ts-admin-basic-info-service,ts-admin-basic-info-service -> ts-admin-basic-info-service,12247532.32586668,4.612200644676662,1.0,4.612200644676662,0,2,16.32083511352539,11.4307222366333,1.0602558851242065,4.612200644676662,4.612200644676662,3,2,5.0,train_dataset_1_test_dataset_2_seed_2
3,0915ee7798c08138_inj_latency_v2,True,deleteConfig,ts-config-service,ts-admin-basic-info-service -> ts-admin-basic-info-service -> ts-config-service,12054984.431379475,4.399771632366982,0.6048828959465027,2.6613466064894116,22,3,16.304988861083984,10.907726287841797,1.2267142534255981,4.399771632366982,4.399771632366982,3,2,5.0,train_dataset_1_test_dataset_2_seed_2
1,09bd020ecb37a825_inj_latency_v2,True,addStation,ts-admin-basic-info-service,ts-admin-basic-info-service,10925995.442293242,5.0,1.0,5.0,1,1,16.206655502319336,12.191496849060059,0.7605253458023071,5.279454097645535,5.0,3,2,5.0,train_dataset_1_test_dataset_2_seed_2
2,09bd020ecb37a825_inj_latency_v2,True,addStation,ts-admin-basic-info-service,ts-admin-basic-info-service -> ts-admin-basic-info-service,7529132.382109349,4.153307073892259,1.0,4.153307073892259,0,2,15.834290504455566,11.4307222366333,1.0602558851242065,4.153307073892259,4.153307073892259,3,2,5.0,train_dataset_1_test_dataset_2_seed_2
3,09bd020ecb37a825_inj_latency_v2,True,addStation,ts-station-service,ts-admin-basic-info-service -> ts-admin-basic-info-service -> ts-station-service,7375651.670124388,4.761906641320111,0.6048828959465027,2.880395879428593,94,3,15.813694953918457,10.693353652954102,1.0752712488174438,4.761906641320111,4.761906641320111,3,2,5.0,train_dataset_1_test_dataset_2_seed_2
1,2b0431b78df04d9b_inj_latency_v2,True,modifyContacts,ts-admin-basic-info-service,ts-admin-basic-info-service,15838696.145676106,5.0,1.0,5.0,1,1,16.577966690063477,12.191496849060059,0.7605253458023071,5.767683963742147,5.0,3,2,5.0,train_dataset_1_test_dataset_2_seed_2
2,2b0431b78df04d9b_inj_latency_v2,True,modifyContacts,ts-admin-basic-info-service,ts-admin-basic-info-service -> ts-admin-basic-info-service,7804079.078005199,4.187135452370462,1.0,4.187135452370462,0,2,15.870157241821289,11.4307222366333,1.0602558851242065,4.187135452370462,4.187135452370462,3,2,5.0,train_dataset_1_test_dataset_2_seed_2
3,2b0431b78df04d9b_inj_latency_v2,True,modifyContacts,ts-contacts-service,ts-admin-basic-info-service -> ts-admin-basic-info-service -> ts-contacts-service,10517191.753149746,5.0,0.5772050023078918,2.8860250115394592,30,3,16.168521881103516,11.813669204711914,0.5391069054603577,8.077901863773898,5.0,3,2,5.0,train_dataset_1_test_dataset_2_seed_2
1,20dc9250d40800fb_inj_latency_v2,True,deletePrice,ts-admin-basic-info-service,ts-admin-basic-info-service,11911540.25053623,5.0,1.0,5.0,1,1,16.293018341064453,12.191496849060059,0.7605253458023071,5.393010916260185,5.0,3,2,5.0,train_dataset_1_test_dataset_3_seed_2
2,20dc9250d40800fb_inj_latency_v2,True,deletePrice,ts-admin-basic-info-service,ts-admin-basic-info-service -> ts-admin-basic-info-service,7051440.072453657,4.09148431578745,1.0,4.09148431578745,0,2,15.768742561340332,11.4307222366333,1.0602558851242065,4.09148431578745,4.09148431578745,3,2,5.0,train_dataset_1_test_dataset_3_seed_2
3,20dc9250d40800fb_inj_latency_v2,True,deletePrice,ts-price-service,ts-admin-basic-info-service -> ts-admin-basic-info-service -> ts-price-service,4216079.511848599,4.3571675682376325,0.5772050023078918,2.5149789162804743,64,3,15.254416465759277,11.969368934631348,0.7539410591125488,4.3571675682376325,4.3571675682376325,3,2,5.0,train_dataset_1_test_dataset_3_seed_2
1,d699c7e6a30262d8_inj_latency_v2,True,modifyStation,ts-admin-basic-info-service,ts-admin-basic-info-service,12286160.997041725,5.0,1.0,5.0,1,1,16.323984146118164,12.191496849060059,0.7605253458023071,5.433727251652064,5.0,3,2,5.0,train_dataset_1_test_dataset_3_seed_2
2,d699c7e6a30262d8_inj_latency_v2,True,modifyStation,ts-admin-basic-info-service,ts-admin-basic-info-service -> ts-admin-basic-info-service,8762696.647644904,4.296408247696696,1.0,4.296408247696696,0,2,15.986014366149902,11.4307222366333,1.0602558851242065,4.296408247696696,4.296408247696696,3,2,5.0,train_dataset_1_test_dataset_3_seed_2
3,d699c7e6a30262d8_inj_latency_v2,True,modifyStation,ts-station-service,ts-admin-basic-info-service -> ts-admin-basic-info-service -> ts-station-service,5823241.426863481,4.542122869006297,0.6048828959465027,2.7474524347493663,94,3,15.577367782592773,10.693353652954102,1.0752712488174438,4.542122869006297,4.542122869006297,3,2,5.0,train_dataset_1_test_dataset_3_seed_2
1,dcb1d36e1e3013bc_inj_latency_v2,True,getAllStations,ts-admin-basic-info-service,ts-admin-basic-info-service,17935274.76363414,5.0,1.0,5.0,1,1,16.702280044555664,12.191496849060059,0.7605253458023071,5.93114117812472,5.0,3,2,5.0,train_dataset_1_test_dataset_3_seed_2
2,dcb1d36e1e3013bc_inj_latency_v2,True,getAllStations,ts-admin-basic-info-service,ts-admin-basic-info-service -> ts-admin-basic-info-service,5853932.786897619,3.9159435538573955,1.0,3.9159435538573955,0,2,15.582624435424805,11.4307222366333,1.0602558851242065,3.9159435538573955,3.9159435538573955,3,2,5.0,train_dataset_1_test_dataset_3_seed_2
3,dcb1d36e1e3013bc_inj_latency_v2,True,getAllStations,ts-station-service,ts-admin-basic-info-service -> ts-admin-basic-info-service -> ts-station-service,2946631.2828832334,3.908613597583777,0.6048828959465027,2.364253512042353,94,3,14.896173477172852,10.693353652954102,1.0752712488174438,3.908613597583777,3.908613597583777,3,2,5.0,train_dataset_1_test_dataset_3_seed_2
1,c53252161cdd3c91_inj_latency_v2,True,getAllStations,ts-admin-basic-info-service,ts-admin-basic-info-service,140761701.3357974,5.0,1.0,5.0,1,1,18.7625789642334,12.930994987487793,0.9768394827842712,5.969848761767826,5.0,3,2,5.0,train_dataset_2_test_dataset_1_seed_2
2,c53252161cdd3c91_inj_latency_v2,True,getAllStations,ts-admin-basic-info-service,ts-admin-basic-info-service -> ts-admin-basic-info-service,29583470.38380866,4.494929528101987,1.0,4.494929528101987,0,2,17.202726364135742,12.139059066772461,1.1265287399291992,4.494929528101987,4.494929528101987,3,2,5.0,train_dataset_2_test_dataset_1_seed_2
3,c53252161cdd3c91_inj_latency_v2,True,getAllStations,ts-station-service,ts-admin-basic-info-service -> ts-admin-basic-info-service -> ts-station-service,2511509.3977066474,3.0439624448272187,0.5286339521408081,1.6091418973772091,121,3,14.736394882202148,11.130006790161133,1.1847676038742065,3.0439624448272187,3.0439624448272187,3,2,5.0,train_dataset_2_test_dataset_1_seed_2
1,b542746d7df99038_inj_latency_v2,True,addContacts,ts-admin-basic-info-service,ts-admin-basic-info-service,17019914.46605628,3.8070735186376274,1.0,3.8070735186376274,1,1,16.64989471435547,12.930994987487793,0.9768394827842712,3.8070735186376274,3.8070735186376274,3,2,3.8070735931396484,train_dataset_2_test_dataset_1_seed_2
2,b542746d7df99038_inj_latency_v2,True,addContacts,ts-admin-basic-info-service,ts-admin-basic-info-service -> ts-admin-basic-info-service,9258862.981799662,3.4637668031603783,1.0,3.4637668031603783,0,2,16.041091918945312,12.139059066772461,1.1265287399291992,3.4637668031603783,3.4637668031603783,3,2,3.8070735931396484,train_dataset_2_test_dataset_1_seed_2
3,b542746d7df99038_inj_latency_v2,True,addContacts,ts-contacts-service,ts-admin-basic-info-service -> ts-admin-basic-info-service -> ts-contacts-service,8974134.618053902,3.409813103771025,0.5286339521408081,1.8025429771079924,35,3,16.009857177734375,12.42524528503418,1.051263451576233,3.409813103771025,3.409813103771025,3,2,3.8070735931396484,train_dataset_2_test_dataset_1_seed_2
1,cacd15af117359e4_inj_latency_v2,True,addTrain,ts-admin-basic-info-service,ts-admin-basic-info-service -> ts-admin-basic-info-service,11885418.833293568,3.6854487318952533,1.0,3.6854487318952533,0,2,16.290822982788086,12.139059066772461,1.1265287399291992,3.6854487318952533,3.6854487318952533,3,2,3.68544864654541,train_dataset_2_test_dataset_1_seed_2
2,cacd15af117359e4_inj_latency_v2,True,addTrain,ts-admin-basic-info-service,ts-admin-basic-info-service,14471638.795800108,3.641034674796522,1.0,3.641034674796522,1,1,16.487701416015625,12.930994987487793,0.9768394827842712,3.641034674796522,3.641034674796522,3,2,3.68544864654541,train_dataset_2_test_dataset_1_seed_2
3,cacd15af117359e4_inj_latency_v2,True,addTrain,ts-train-service,ts-admin-basic-info-service -> ts-admin-basic-info-service -> ts-train-service,11805416.110807735,3.689565322318552,0.5286339521408081,1.9504294980189305,145,3,16.284069061279297,11.410685539245605,1.320855736732483,3.689565322318552,3.689565322318552,3,2,3.68544864654541,train_dataset_2_test_dataset_1_seed_2
1,25c68af77d253c97_inj_latency_v2,True,getAllContacts,ts-admin-basic-info-service,ts-admin-basic-info-service,191921597.1564288,5.0,1.0,5.0,1,1,19.07259750366211,12.930994987487793,0.9768394827842712,6.287217730664405,5.0,3,2,5.0,train_dataset_2_test_dataset_3_seed_2
2,25c68af77d253c97_inj_latency_v2,True,getAllContacts,ts-admin-basic-info-service,ts-admin-basic-info-service -> ts-admin-basic-info-service,33178079.125077497,4.596723304361224,1.0,4.596723304361224,0,2,17.317399978637695,12.139059066772461,1.1265287399291992,4.596723304361224,4.596723304361224,3,2,5.0,train_dataset_2_test_dataset_3_seed_2
3,25c68af77d253c97_inj_latency_v2,True,getAllContacts,ts-contacts-service,ts-admin-basic-info-service -> ts-admin-basic-info-service -> ts-contacts-service,2307659.601058752,2.1179272942065763,0.5286339521408081,1.1196082758833106,35,3,14.651744842529297,12.42524528503418,1.051263451576233,2.1179272942065763,2.1179272942065763,3,2,5.0,train_dataset_2_test_dataset_3_seed_2
1,1963e957510a5bc9_inj_latency_v2,True,addContacts,ts-admin-basic-info-service,ts-admin-basic-info-service,48435036.45020975,4.877709306936686,1.0,4.877709306936686,1,1,17.69573402404785,12.930994987487793,0.9768394827842712,4.877709306936686,4.877709306936686,3,2,4.87770938873291,train_dataset_2_test_dataset_3_seed_2
2,1963e957510a5bc9_inj_latency_v2,True,addContacts,ts-admin-basic-info-service,ts-admin-basic-info-service -> ts-admin-basic-info-service,23632515.87341632,4.2955629243911755,1.0,4.2955629243911755,0,2,16.978134155273438,12.139059066772461,1.1265287399291992,4.2955629243911755,4.2955629243911755,3,2,4.87770938873291,train_dataset_2_test_dataset_3_seed_2
3,1963e957510a5bc9_inj_latency_v2,True,addContacts,ts-contacts-service,ts-admin-basic-info-service -> ts-admin-basic-info-service -> ts-contacts-service,17841684.997836586,4.06349416582177,0.5286339521408081,2.1481009803794784,35,3,16.69704818725586,12.42524528503418,1.051263451576233,4.06349416582177,4.06349416582177,3,2,4.87770938873291,train_dataset_2_test_dataset_3_seed_2
1,ce8afdadb7963df1_inj_latency_v2,True,addConfig,ts-admin-basic-info-service,ts-admin-basic-info-service -> ts-admin-basic-info-service,20912264.378794022,4.187010212054847,1.0,4.187010212054847,0,2,16.855846405029297,12.139059066772461,1.1265287399291992,4.187010212054847,4.187010212054847,3,2,4.187010288238525,train_dataset_2_test_dataset_3_seed_2
2,ce8afdadb7963df1_inj_latency_v2,True,addConfig,ts-admin-basic-info-service,ts-admin-basic-info-service,24299356.423348453,4.171581461239601,1.0,4.171581461239601,1,1,17.00596046447754,12.930994987487793,0.9768394827842712,4.171581461239601,4.171581461239601,3,2,4.187010288238525,train_dataset_2_test_dataset_3_seed_2
3,ce8afdadb7963df1_inj_latency_v2,True,addConfig,ts-config-service,ts-admin-basic-info-service -> ts-admin-basic-info-service -> ts-config-service,20914139.150921725,5.0,0.5286339521408081,2.6431697607040405,26,3,16.85593605041504,12.32963752746582,0.5064051747322083,8.93809690104918,5.0,3,2,4.187010288238525,train_dataset_2_test_dataset_3_seed_2
1,c53252161cdd3c91_inj_latency_v2,True,getAllStations,ts-admin-basic-info-service,ts-admin-basic-info-service -> ts-admin-basic-info-service,29583470.38380866,5.0,1.0,5.0,0,2,17.202726364135742,11.967796325683594,0.9930031895637512,5.271815935205577,5.0,3,2,5.0,train_dataset_3_test_dataset_1_seed_2
2,c53252161cdd3c91_inj_latency_v2,True,getAllStations,ts-admin-basic-info-service,ts-admin-basic-info-service,140761701.3357974,5.0,1.0,5.0,1,1,18.7625789642334,12.627050399780273,0.83769690990448,7.324282197904658,5.0,3,2,5.0,train_dataset_3_test_dataset_1_seed_2
3,c53252161cdd3c91_inj_latency_v2,True,getAllStations,ts-station-service,ts-admin-basic-info-service -> ts-admin-basic-info-service -> ts-station-service,2511509.3977066474,2.733983766871722,0.5916741490364075,1.617627518743178,112,3,14.736394882202148,11.286323547363281,1.2619209289550781,2.733983766871722,2.733983766871722,3,2,5.0,train_dataset_3_test_dataset_1_seed_2
1,b542746d7df99038_inj_latency_v2,True,addContacts,ts-admin-basic-info-service,ts-admin-basic-info-service,17019914.46605628,4.802267105215785,1.0,4.802267105215785,1,1,16.64989471435547,12.627050399780273,0.83769690990448,4.802267105215785,4.802267105215785,3,2,4.802267074584961,train_dataset_3_test_dataset_1_seed_2
2,b542746d7df99038_inj_latency_v2,True,addContacts,ts-admin-basic-info-service,ts-admin-basic-info-service -> ts-admin-basic-info-service,9258862.981799662,4.101996485077968,1.0,4.101996485077968,0,2,16.041091918945312,11.967796325683594,0.9930031895637512,4.101996485077968,4.101996485077968,3,2,4.802267074584961,train_dataset_3_test_dataset_1_seed_2
3,b542746d7df99038_inj_latency_v2,True,addContacts,ts-contacts-service,ts-admin-basic-info-service -> ts-admin-basic-info-service -> ts-contacts-service,8974134.618053902,5.0,0.5916741490364075,2.9583707451820374,36,3,16.009857177734375,12.374357223510742,0.6914390921592712,5.257874475784202,5.0,3,2,4.802267074584961,train_dataset_3_test_dataset_1_seed_2
1,cacd15af117359e4_inj_latency_v2,True,addTrain,ts-admin-basic-info-service,ts-admin-basic-info-service,14471638.795800108,4.608648988183052,1.0,4.608648988183052,1,1,16.487701416015625,12.627050399780273,0.83769690990448,4.608648988183052,4.608648988183052,3,2,4.608648777008057,train_dataset_3_test_dataset_1_seed_2
2,cacd15af117359e4_inj_latency_v2,True,addTrain,ts-admin-basic-info-service,ts-admin-basic-info-service -> ts-admin-basic-info-service,11885418.833293568,4.353487181651144,1.0,4.353487181651144,0,2,16.290822982788086,11.967796325683594,0.9930031895637512,4.353487181651144,4.353487181651144,3,2,4.608648777008057,train_dataset_3_test_dataset_1_seed_2
3,cacd15af117359e4_inj_latency_v2,True,addTrain,ts-train-service,ts-admin-basic-info-service -> ts-admin-basic-info-service -> ts-train-service,11805416.110807735,5.0,0.5916741490364075,2.9583707451820374,136,3,16.284069061279297,12.105148315429688,0.512783408164978,8.14948510288992,5.0,3,2,4.608648777008057,train_dataset_3_test_dataset_1_seed_2
1,2a43c7464ad87899_inj_latency_v2,True,addContacts,ts-admin-basic-info-service,ts-admin-basic-info-service,33198652.204798397,5.0,1.0,5.0,1,1,17.31801986694336,12.627050399780273,0.83769690990448,5.599840958823619,5.0,3,2,5.0,train_dataset_3_test_dataset_2_seed_2
2,2a43c7464ad87899_inj_latency_v2,True,addContacts,ts-admin-basic-info-service,ts-admin-basic-info-service -> ts-admin-basic-info-service,19622710.06406599,4.858395125184058,1.0,4.858395125184058,0,2,16.792198181152344,11.967796325683594,0.9930031895637512,4.858395125184058,4.858395125184058,3,2,5.0,train_dataset_3_test_dataset_2_seed_2
3,2a43c7464ad87899_inj_latency_v2,True,addContacts,ts-contacts-service,ts-admin-basic-info-service -> ts-admin-basic-info-service -> ts-contacts-service,19277116.35698546,5.0,0.5916741490364075,2.9583707451820374,36,3,16.774429321289062,12.374357223510742,0.6914390921592712,6.363643808505948,5.0,3,2,5.0,train_dataset_3_test_dataset_2_seed_2
1,de4ff8cd77f13dd7_inj_latency_v2,True,addTrain,ts-admin-basic-info-service,ts-admin-basic-info-service,21292370.170548707,5.0,1.0,5.0,1,1,16.873859405517578,12.627050399780273,0.83769690990448,5.069624771830131,5.0,3,2,5.0,train_dataset_3_test_dataset_2_seed_2
2,de4ff8cd77f13dd7_inj_latency_v2,True,addTrain,ts-admin-basic-info-service,ts-admin-basic-info-service -> ts-admin-basic-info-service,14997091.817271646,4.587669657353626,1.0,4.587669657353626,0,2,16.523366928100586,11.967796325683594,0.9930031895637512,4.587669657353626,4.587669657353626,3,2,5.0,train_dataset_3_test_dataset_2_seed_2
3,de4ff8cd77f13dd7_inj_latency_v2,True,addTrain,ts-train-service,ts-admin-basic-info-service -> ts-admin-basic-info-service -> ts-train-service,14923188.377474012,5.0,0.5916741490364075,2.9583707451820374,136,3,16.5184268951416,12.105148315429688,0.512783408164978,8.606515946966887,5.0,3,2,5.0,train_dataset_3_test_dataset_2_seed_2
1,d44b91c0fce82d26_inj_latency_v2,True,addPrice,ts-admin-basic-info-service,ts-admin-basic-info-service,42074828.71496622,5.0,1.0,5.0,1,1,17.554960250854492,12.627050399780273,0.83769690990448,5.882688348028087,5.0,3,2,5.0,train_dataset_3_test_dataset_2_seed_2
2,d44b91c0fce82d26_inj_latency_v2,True,addPrice,ts-admin-basic-info-service,ts-admin-basic-info-service -> ts-admin-basic-info-service,20211224.65524766,4.888153894016559,1.0,4.888153894016559,0,2,16.821748733520508,11.967796325683594,0.9930031895637512,4.888153894016559,4.888153894016559,3,2,5.0,train_dataset_3_test_dataset_2_seed_2
3,d44b91c0fce82d26_inj_latency_v2,True,addPrice,ts-price-service,ts-admin-basic-info-service -> ts-admin-basic-info-service -> ts-price-service,22549228.87753781,5.0,0.5916741490364075,2.9583707451820374,71,3,16.931211471557617,11.195579528808594,0.7666506767272949,7.4814150914644575,5.0,3,2,5.0,train_dataset_3_test_dataset_2_seed_2
1,0915ee7798c08138_inj_latency_v2,True,deleteConfig,ts-admin-basic-info-service,ts-admin-basic-info-service,13169692.52147713,5.0,1.0,5.0,1,1,16.393428802490234,12.191496849060059,0.7605253458023071,5.52503868098886,5.0,3,2,5.0,train_dataset_1_test_dataset_2_seed_3
2,0915ee7798c08138_inj_latency_v2,True,deleteConfig,ts-admin-basic-info-service,ts-admin-basic-info-service -> ts-admin-basic-info-service,12247532.32586668,4.612200644676662,1.0,4.612200644676662,0,2,16.32083511352539,11.4307222366333,1.0602558851242065,4.612200644676662,4.612200644676662,3,2,5.0,train_dataset_1_test_dataset_2_seed_3
3,0915ee7798c08138_inj_latency_v2,True,deleteConfig,ts-config-service,ts-admin-basic-info-service -> ts-admin-basic-info-service -> ts-config-service,12054984.431379475,4.399771632366982,0.6048828959465027,2.6613466064894116,22,3,16.304988861083984,10.907726287841797,1.2267142534255981,4.399771632366982,4.399771632366982,3,2,5.0,train_dataset_1_test_dataset_2_seed_3
1,09bd020ecb37a825_inj_latency_v2,True,addStation,ts-admin-basic-info-service,ts-admin-basic-info-service,10925995.442293242,5.0,1.0,5.0,1,1,16.206655502319336,12.191496849060059,0.7605253458023071,5.279454097645535,5.0,3,2,5.0,train_dataset_1_test_dataset_2_seed_3
2,09bd020ecb37a825_inj_latency_v2,True,addStation,ts-admin-basic-info-service,ts-admin-basic-info-service -> ts-admin-basic-info-service,7529132.382109349,4.153307073892259,1.0,4.153307073892259,0,2,15.834290504455566,11.4307222366333,1.0602558851242065,4.153307073892259,4.153307073892259,3,2,5.0,train_dataset_1_test_dataset_2_seed_3
3,09bd020ecb37a825_inj_latency_v2,True,addStation,ts-station-service,ts-admin-basic-info-service -> ts-admin-basic-info-service -> ts-station-service,7375651.670124388,4.761906641320111,0.6048828959465027,2.880395879428593,94,3,15.813694953918457,10.693353652954102,1.0752712488174438,4.761906641320111,4.761906641320111,3,2,5.0,train_dataset_1_test_dataset_2_seed_3
1,2b0431b78df04d9b_inj_latency_v2,True,modifyContacts,ts-admin-basic-info-service,ts-admin-basic-info-service,15838696.145676106,5.0,1.0,5.0,1,1,16.577966690063477,12.191496849060059,0.7605253458023071,5.767683963742147,5.0,3,2,5.0,train_dataset_1_test_dataset_2_seed_3
2,2b0431b78df04d9b_inj_latency_v2,True,modifyContacts,ts-admin-basic-info-service,ts-admin-basic-info-service -> ts-admin-basic-info-service,7804079.078005199,4.187135452370462,1.0,4.187135452370462,0,2,15.870157241821289,11.4307222366333,1.0602558851242065,4.187135452370462,4.187135452370462,3,2,5.0,train_dataset_1_test_dataset_2_seed_3
3,2b0431b78df04d9b_inj_latency_v2,True,modifyContacts,ts-contacts-service,ts-admin-basic-info-service -> ts-admin-basic-info-service -> ts-contacts-service,10517191.753149746,5.0,0.5772050023078918,2.8860250115394592,30,3,16.168521881103516,11.813669204711914,0.5391069054603577,8.077901863773898,5.0,3,2,5.0,train_dataset_1_test_dataset_2_seed_3
1,20dc9250d40800fb_inj_latency_v2,True,deletePrice,ts-admin-basic-info-service,ts-admin-basic-info-service,11911540.25053623,5.0,1.0,5.0,1,1,16.293018341064453,12.191496849060059,0.7605253458023071,5.393010916260185,5.0,3,2,5.0,train_dataset_1_test_dataset_3_seed_3
2,20dc9250d40800fb_inj_latency_v2,True,deletePrice,ts-admin-basic-info-service,ts-admin-basic-info-service -> ts-admin-basic-info-service,7051440.072453657,4.09148431578745,1.0,4.09148431578745,0,2,15.768742561340332,11.4307222366333,1.0602558851242065,4.09148431578745,4.09148431578745,3,2,5.0,train_dataset_1_test_dataset_3_seed_3
3,20dc9250d40800fb_inj_latency_v2,True,deletePrice,ts-price-service,ts-admin-basic-info-service -> ts-admin-basic-info-service -> ts-price-service,4216079.511848599,4.3571675682376325,0.5772050023078918,2.5149789162804743,64,3,15.254416465759277,11.969368934631348,0.7539410591125488,4.3571675682376325,4.3571675682376325,3,2,5.0,train_dataset_1_test_dataset_3_seed_3
1,d699c7e6a30262d8_inj_latency_v2,True,modifyStation,ts-admin-basic-info-service,ts-admin-basic-info-service,12286160.997041725,5.0,1.0,5.0,1,1,16.323984146118164,12.191496849060059,0.7605253458023071,5.433727251652064,5.0,3,2,5.0,train_dataset_1_test_dataset_3_seed_3
2,d699c7e6a30262d8_inj_latency_v2,True,modifyStation,ts-admin-basic-info-service,ts-admin-basic-info-service -> ts-admin-basic-info-service,8762696.647644904,4.296408247696696,1.0,4.296408247696696,0,2,15.986014366149902,11.4307222366333,1.0602558851242065,4.296408247696696,4.296408247696696,3,2,5.0,train_dataset_1_test_dataset_3_seed_3
3,d699c7e6a30262d8_inj_latency_v2,True,modifyStation,ts-station-service,ts-admin-basic-info-service -> ts-admin-basic-info-service -> ts-station-service,5823241.426863481,4.542122869006297,0.6048828959465027,2.7474524347493663,94,3,15.577367782592773,10.693353652954102,1.0752712488174438,4.542122869006297,4.542122869006297,3,2,5.0,train_dataset_1_test_dataset_3_seed_3
1,dcb1d36e1e3013bc_inj_latency_v2,True,getAllStations,ts-admin-basic-info-service,ts-admin-basic-info-service,17935274.76363414,5.0,1.0,5.0,1,1,16.702280044555664,12.191496849060059,0.7605253458023071,5.93114117812472,5.0,3,2,5.0,train_dataset_1_test_dataset_3_seed_3
2,dcb1d36e1e3013bc_inj_latency_v2,True,getAllStations,ts-admin-basic-info-service,ts-admin-basic-info-service -> ts-admin-basic-info-service,5853932.786897619,3.9159435538573955,1.0,3.9159435538573955,0,2,15.582624435424805,11.4307222366333,1.0602558851242065,3.9159435538573955,3.9159435538573955,3,2,5.0,train_dataset_1_test_dataset_3_seed_3
3,dcb1d36e1e3013bc_inj_latency_v2,True,getAllStations,ts-station-service,ts-admin-basic-info-service -> ts-admin-basic-info-service -> ts-station-service,2946631.2828832334,3.908613597583777,0.6048828959465027,2.364253512042353,94,3,14.896173477172852,10.693353652954102,1.0752712488174438,3.908613597583777,3.908613597583777,3,2,5.0,train_dataset_1_test_dataset_3_seed_3
1,c53252161cdd3c91_inj_latency_v2,True,getAllStations,ts-admin-basic-info-service,ts-admin-basic-info-service,140761701.3357974,5.0,1.0,5.0,1,1,18.7625789642334,12.930994987487793,0.9768394827842712,5.969848761767826,5.0,3,2,5.0,train_dataset_2_test_dataset_1_seed_3
2,c53252161cdd3c91_inj_latency_v2,True,getAllStations,ts-admin-basic-info-service,ts-admin-basic-info-service -> ts-admin-basic-info-service,29583470.38380866,4.494929528101987,1.0,4.494929528101987,0,2,17.202726364135742,12.139059066772461,1.1265287399291992,4.494929528101987,4.494929528101987,3,2,5.0,train_dataset_2_test_dataset_1_seed_3
3,c53252161cdd3c91_inj_latency_v2,True,getAllStations,ts-station-service,ts-admin-basic-info-service -> ts-admin-basic-info-service -> ts-station-service,2511509.3977066474,3.0439624448272187,0.5286339521408081,1.6091418973772091,121,3,14.736394882202148,11.130006790161133,1.1847676038742065,3.0439624448272187,3.0439624448272187,3,2,5.0,train_dataset_2_test_dataset_1_seed_3
1,b542746d7df99038_inj_latency_v2,True,addContacts,ts-admin-basic-info-service,ts-admin-basic-info-service,17019914.46605628,3.8070735186376274,1.0,3.8070735186376274,1,1,16.64989471435547,12.930994987487793,0.9768394827842712,3.8070735186376274,3.8070735186376274,3,2,3.8070735931396484,train_dataset_2_test_dataset_1_seed_3
2,b542746d7df99038_inj_latency_v2,True,addContacts,ts-admin-basic-info-service,ts-admin-basic-info-service -> ts-admin-basic-info-service,9258862.981799662,3.4637668031603783,1.0,3.4637668031603783,0,2,16.041091918945312,12.139059066772461,1.1265287399291992,3.4637668031603783,3.4637668031603783,3,2,3.8070735931396484,train_dataset_2_test_dataset_1_seed_3
3,b542746d7df99038_inj_latency_v2,True,addContacts,ts-contacts-service,ts-admin-basic-info-service -> ts-admin-basic-info-service -> ts-contacts-service,8974134.618053902,3.409813103771025,0.5286339521408081,1.8025429771079924,35,3,16.009857177734375,12.42524528503418,1.051263451576233,3.409813103771025,3.409813103771025,3,2,3.8070735931396484,train_dataset_2_test_dataset_1_seed_3
1,cacd15af117359e4_inj_latency_v2,True,addTrain,ts-admin-basic-info-service,ts-admin-basic-info-service -> ts-admin-basic-info-service,11885418.833293568,3.6854487318952533,1.0,3.6854487318952533,0,2,16.290822982788086,12.139059066772461,1.1265287399291992,3.6854487318952533,3.6854487318952533,3,2,3.68544864654541,train_dataset_2_test_dataset_1_seed_3
2,cacd15af117359e4_inj_latency_v2,True,addTrain,ts-admin-basic-info-service,ts-admin-basic-info-service,14471638.795800108,3.641034674796522,1.0,3.641034674796522,1,1,16.487701416015625,12.930994987487793,0.9768394827842712,3.641034674796522,3.641034674796522,3,2,3.68544864654541,train_dataset_2_test_dataset_1_seed_3
3,cacd15af117359e4_inj_latency_v2,True,addTrain,ts-train-service,ts-admin-basic-info-service -> ts-admin-basic-info-service -> ts-train-service,11805416.110807735,3.689565322318552,0.5286339521408081,1.9504294980189305,145,3,16.284069061279297,11.410685539245605,1.320855736732483,3.689565322318552,3.689565322318552,3,2,3.68544864654541,train_dataset_2_test_dataset_1_seed_3
1,25c68af77d253c97_inj_latency_v2,True,getAllContacts,ts-admin-basic-info-service,ts-admin-basic-info-service,191921597.1564288,5.0,1.0,5.0,1,1,19.07259750366211,12.930994987487793,0.9768394827842712,6.287217730664405,5.0,3,2,5.0,train_dataset_2_test_dataset_3_seed_3
2,25c68af77d253c97_inj_latency_v2,True,getAllContacts,ts-admin-basic-info-service,ts-admin-basic-info-service -> ts-admin-basic-info-service,33178079.125077497,4.596723304361224,1.0,4.596723304361224,0,2,17.317399978637695,12.139059066772461,1.1265287399291992,4.596723304361224,4.596723304361224,3,2,5.0,train_dataset_2_test_dataset_3_seed_3
3,25c68af77d253c97_inj_latency_v2,True,getAllContacts,ts-contacts-service,ts-admin-basic-info-service -> ts-admin-basic-info-service -> ts-contacts-service,2307659.601058752,2.1179272942065763,0.5286339521408081,1.1196082758833106,35,3,14.651744842529297,12.42524528503418,1.051263451576233,2.1179272942065763,2.1179272942065763,3,2,5.0,train_dataset_2_test_dataset_3_seed_3
1,1963e957510a5bc9_inj_latency_v2,True,addContacts,ts-admin-basic-info-service,ts-admin-basic-info-service,48435036.45020975,4.877709306936686,1.0,4.877709306936686,1,1,17.69573402404785,12.930994987487793,0.9768394827842712,4.877709306936686,4.877709306936686,3,2,4.87770938873291,train_dataset_2_test_dataset_3_seed_3
2,1963e957510a5bc9_inj_latency_v2,True,addContacts,ts-admin-basic-info-service,ts-admin-basic-info-service -> ts-admin-basic-info-service,23632515.87341632,4.2955629243911755,1.0,4.2955629243911755,0,2,16.978134155273438,12.139059066772461,1.1265287399291992,4.2955629243911755,4.2955629243911755,3,2,4.87770938873291,train_dataset_2_test_dataset_3_seed_3
3,1963e957510a5bc9_inj_latency_v2,True,addContacts,ts-contacts-service,ts-admin-basic-info-service -> ts-admin-basic-info-service -> ts-contacts-service,17841684.997836586,4.06349416582177,0.5286339521408081,2.1481009803794784,35,3,16.69704818725586,12.42524528503418,1.051263451576233,4.06349416582177,4.06349416582177,3,2,4.87770938873291,train_dataset_2_test_dataset_3_seed_3
1,ce8afdadb7963df1_inj_latency_v2,True,addConfig,ts-admin-basic-info-service,ts-admin-basic-info-service -> ts-admin-basic-info-service,20912264.378794022,4.187010212054847,1.0,4.187010212054847,0,2,16.855846405029297,12.139059066772461,1.1265287399291992,4.187010212054847,4.187010212054847,3,2,4.187010288238525,train_dataset_2_test_dataset_3_seed_3
2,ce8afdadb7963df1_inj_latency_v2,True,addConfig,ts-admin-basic-info-service,ts-admin-basic-info-service,24299356.423348453,4.171581461239601,1.0,4.171581461239601,1,1,17.00596046447754,12.930994987487793,0.9768394827842712,4.171581461239601,4.171581461239601,3,2,4.187010288238525,train_dataset_2_test_dataset_3_seed_3
3,ce8afdadb7963df1_inj_latency_v2,True,addConfig,ts-config-service,ts-admin-basic-info-service -> ts-admin-basic-info-service -> ts-config-service,20914139.150921725,5.0,0.5286339521408081,2.6431697607040405,26,3,16.85593605041504,12.32963752746582,0.5064051747322083,8.93809690104918,5.0,3,2,4.187010288238525,train_dataset_2_test_dataset_3_seed_3
1,c53252161cdd3c91_inj_latency_v2,True,getAllStations,ts-admin-basic-info-service,ts-admin-basic-info-service -> ts-admin-basic-info-service,29583470.38380866,5.0,1.0,5.0,0,2,17.202726364135742,11.967796325683594,0.9930031895637512,5.271815935205577,5.0,3,2,5.0,train_dataset_3_test_dataset_1_seed_3
2,c53252161cdd3c91_inj_latency_v2,True,getAllStations,ts-admin-basic-info-service,ts-admin-basic-info-service,140761701.3357974,5.0,1.0,5.0,1,1,18.7625789642334,12.627050399780273,0.83769690990448,7.324282197904658,5.0,3,2,5.0,train_dataset_3_test_dataset_1_seed_3
3,c53252161cdd3c91_inj_latency_v2,True,getAllStations,ts-station-service,ts-admin-basic-info-service -> ts-admin-basic-info-service -> ts-station-service,2511509.3977066474,2.733983766871722,0.5916741490364075,1.617627518743178,112,3,14.736394882202148,11.286323547363281,1.2619209289550781,2.733983766871722,2.733983766871722,3,2,5.0,train_dataset_3_test_dataset_1_seed_3
1,b542746d7df99038_inj_latency_v2,True,addContacts,ts-admin-basic-info-service,ts-admin-basic-info-service,17019914.46605628,4.802267105215785,1.0,4.802267105215785,1,1,16.64989471435547,12.627050399780273,0.83769690990448,4.802267105215785,4.802267105215785,3,2,4.802267074584961,train_dataset_3_test_dataset_1_seed_3
2,b542746d7df99038_inj_latency_v2,True,addContacts,ts-admin-basic-info-service,ts-admin-basic-info-service -> ts-admin-basic-info-service,9258862.981799662,4.101996485077968,1.0,4.101996485077968,0,2,16.041091918945312,11.967796325683594,0.9930031895637512,4.101996485077968,4.101996485077968,3,2,4.802267074584961,train_dataset_3_test_dataset_1_seed_3
3,b542746d7df99038_inj_latency_v2,True,addContacts,ts-contacts-service,ts-admin-basic-info-service -> ts-admin-basic-info-service -> ts-contacts-service,8974134.618053902,5.0,0.5916741490364075,2.9583707451820374,36,3,16.009857177734375,12.374357223510742,0.6914390921592712,5.257874475784202,5.0,3,2,4.802267074584961,train_dataset_3_test_dataset_1_seed_3
1,cacd15af117359e4_inj_latency_v2,True,addTrain,ts-admin-basic-info-service,ts-admin-basic-info-service,14471638.795800108,4.608648988183052,1.0,4.608648988183052,1,1,16.487701416015625,12.627050399780273,0.83769690990448,4.608648988183052,4.608648988183052,3,2,4.608648777008057,train_dataset_3_test_dataset_1_seed_3
2,cacd15af117359e4_inj_latency_v2,True,addTrain,ts-admin-basic-info-service,ts-admin-basic-info-service -> ts-admin-basic-info-service,11885418.833293568,4.353487181651144,1.0,4.353487181651144,0,2,16.290822982788086,11.967796325683594,0.9930031895637512,4.353487181651144,4.353487181651144,3,2,4.608648777008057,train_dataset_3_test_dataset_1_seed_3
3,cacd15af117359e4_inj_latency_v2,True,addTrain,ts-train-service,ts-admin-basic-info-service -> ts-admin-basic-info-service -> ts-train-service,11805416.110807735,5.0,0.5916741490364075,2.9583707451820374,136,3,16.284069061279297,12.105148315429688,0.512783408164978,8.14948510288992,5.0,3,2,4.608648777008057,train_dataset_3_test_dataset_1_seed_3
1,2a43c7464ad87899_inj_latency_v2,True,addContacts,ts-admin-basic-info-service,ts-admin-basic-info-service,33198652.204798397,5.0,1.0,5.0,1,1,17.31801986694336,12.627050399780273,0.83769690990448,5.599840958823619,5.0,3,2,5.0,train_dataset_3_test_dataset_2_seed_3
2,2a43c7464ad87899_inj_latency_v2,True,addContacts,ts-admin-basic-info-service,ts-admin-basic-info-service -> ts-admin-basic-info-service,19622710.06406599,4.858395125184058,1.0,4.858395125184058,0,2,16.792198181152344,11.967796325683594,0.9930031895637512,4.858395125184058,4.858395125184058,3,2,5.0,train_dataset_3_test_dataset_2_seed_3
3,2a43c7464ad87899_inj_latency_v2,True,addContacts,ts-contacts-service,ts-admin-basic-info-service -> ts-admin-basic-info-service -> ts-contacts-service,19277116.35698546,5.0,0.5916741490364075,2.9583707451820374,36,3,16.774429321289062,12.374357223510742,0.6914390921592712,6.363643808505948,5.0,3,2,5.0,train_dataset_3_test_dataset_2_seed_3
1,de4ff8cd77f13dd7_inj_latency_v2,True,addTrain,ts-admin-basic-info-service,ts-admin-basic-info-service,21292370.170548707,5.0,1.0,5.0,1,1,16.873859405517578,12.627050399780273,0.83769690990448,5.069624771830131,5.0,3,2,5.0,train_dataset_3_test_dataset_2_seed_3
2,de4ff8cd77f13dd7_inj_latency_v2,True,addTrain,ts-admin-basic-info-service,ts-admin-basic-info-service -> ts-admin-basic-info-service,14997091.817271646,4.587669657353626,1.0,4.587669657353626,0,2,16.523366928100586,11.967796325683594,0.9930031895637512,4.587669657353626,4.587669657353626,3,2,5.0,train_dataset_3_test_dataset_2_seed_3
3,de4ff8cd77f13dd7_inj_latency_v2,True,addTrain,ts-train-service,ts-admin-basic-info-service -> ts-admin-basic-info-service -> ts-train-service,14923188.377474012,5.0,0.5916741490364075,2.9583707451820374,136,3,16.5184268951416,12.105148315429688,0.512783408164978,8.606515946966887,5.0,3,2,5.0,train_dataset_3_test_dataset_2_seed_3
1,d44b91c0fce82d26_inj_latency_v2,True,addPrice,ts-admin-basic-info-service,ts-admin-basic-info-service,42074828.71496622,5.0,1.0,5.0,1,1,17.554960250854492,12.627050399780273,0.83769690990448,5.882688348028087,5.0,3,2,5.0,train_dataset_3_test_dataset_2_seed_3
2,d44b91c0fce82d26_inj_latency_v2,True,addPrice,ts-admin-basic-info-service,ts-admin-basic-info-service -> ts-admin-basic-info-service,20211224.65524766,4.888153894016559,1.0,4.888153894016559,0,2,16.821748733520508,11.967796325683594,0.9930031895637512,4.888153894016559,4.888153894016559,3,2,5.0,train_dataset_3_test_dataset_2_seed_3
3,d44b91c0fce82d26_inj_latency_v2,True,addPrice,ts-price-service,ts-admin-basic-info-service -> ts-admin-basic-info-service -> ts-price-service,22549228.87753781,5.0,0.5916741490364075,2.9583707451820374,71,3,16.931211471557617,11.195579528808594,0.7666506767272949,7.4814150914644575,5.0,3,2,5.0,train_dataset_3_test_dataset_2_seed_3
1,0915ee7798c08138_inj_latency_v2,True,deleteConfig,ts-admin-basic-info-service,ts-admin-basic-info-service,13169692.52147713,5.0,1.0,5.0,1,1,16.393428802490234,12.191496849060059,0.7605253458023071,5.52503868098886,5.0,3,2,5.0,train_dataset_1_test_dataset_2_seed_4
2,0915ee7798c08138_inj_latency_v2,True,deleteConfig,ts-admin-basic-info-service,ts-admin-basic-info-service -> ts-admin-basic-info-service,12247532.32586668,4.612200644676662,1.0,4.612200644676662,0,2,16.32083511352539,11.4307222366333,1.0602558851242065,4.612200644676662,4.612200644676662,3,2,5.0,train_dataset_1_test_dataset_2_seed_4
3,0915ee7798c08138_inj_latency_v2,True,deleteConfig,ts-config-service,ts-admin-basic-info-service -> ts-admin-basic-info-service -> ts-config-service,12054984.431379475,4.399771632366982,0.6048828959465027,2.6613466064894116,22,3,16.304988861083984,10.907726287841797,1.2267142534255981,4.399771632366982,4.399771632366982,3,2,5.0,train_dataset_1_test_dataset_2_seed_4
1,09bd020ecb37a825_inj_latency_v2,True,addStation,ts-admin-basic-info-service,ts-admin-basic-info-service,10925995.442293242,5.0,1.0,5.0,1,1,16.206655502319336,12.191496849060059,0.7605253458023071,5.279454097645535,5.0,3,2,5.0,train_dataset_1_test_dataset_2_seed_4
2,09bd020ecb37a825_inj_latency_v2,True,addStation,ts-admin-basic-info-service,ts-admin-basic-info-service -> ts-admin-basic-info-service,7529132.382109349,4.153307073892259,1.0,4.153307073892259,0,2,15.834290504455566,11.4307222366333,1.0602558851242065,4.153307073892259,4.153307073892259,3,2,5.0,train_dataset_1_test_dataset_2_seed_4
3,09bd020ecb37a825_inj_latency_v2,True,addStation,ts-station-service,ts-admin-basic-info-service -> ts-admin-basic-info-service -> ts-station-service,7375651.670124388,4.761906641320111,0.6048828959465027,2.880395879428593,94,3,15.813694953918457,10.693353652954102,1.0752712488174438,4.761906641320111,4.761906641320111,3,2,5.0,train_dataset_1_test_dataset_2_seed_4
1,2b0431b78df04d9b_inj_latency_v2,True,modifyContacts,ts-admin-basic-info-service,ts-admin-basic-info-service,15838696.145676106,5.0,1.0,5.0,1,1,16.577966690063477,12.191496849060059,0.7605253458023071,5.767683963742147,5.0,3,2,5.0,train_dataset_1_test_dataset_2_seed_4
2,2b0431b78df04d9b_inj_latency_v2,True,modifyContacts,ts-admin-basic-info-service,ts-admin-basic-info-service -> ts-admin-basic-info-service,7804079.078005199,4.187135452370462,1.0,4.187135452370462,0,2,15.870157241821289,11.4307222366333,1.0602558851242065,4.187135452370462,4.187135452370462,3,2,5.0,train_dataset_1_test_dataset_2_seed_4
3,2b0431b78df04d9b_inj_latency_v2,True,modifyContacts,ts-contacts-service,ts-admin-basic-info-service -> ts-admin-basic-info-service -> ts-contacts-service,10517191.753149746,5.0,0.5772050023078918,2.8860250115394592,30,3,16.168521881103516,11.813669204711914,0.5391069054603577,8.077901863773898,5.0,3,2,5.0,train_dataset_1_test_dataset_2_seed_4
1,20dc9250d40800fb_inj_latency_v2,True,deletePrice,ts-admin-basic-info-service,ts-admin-basic-info-service,11911540.25053623,5.0,1.0,5.0,1,1,16.293018341064453,12.191496849060059,0.7605253458023071,5.393010916260185,5.0,3,2,5.0,train_dataset_1_test_dataset_3_seed_4
2,20dc9250d40800fb_inj_latency_v2,True,deletePrice,ts-admin-basic-info-service,ts-admin-basic-info-service -> ts-admin-basic-info-service,7051440.072453657,4.09148431578745,1.0,4.09148431578745,0,2,15.768742561340332,11.4307222366333,1.0602558851242065,4.09148431578745,4.09148431578745,3,2,5.0,train_dataset_1_test_dataset_3_seed_4
3,20dc9250d40800fb_inj_latency_v2,True,deletePrice,ts-price-service,ts-admin-basic-info-service -> ts-admin-basic-info-service -> ts-price-service,4216079.511848599,4.3571675682376325,0.5772050023078918,2.5149789162804743,64,3,15.254416465759277,11.969368934631348,0.7539410591125488,4.3571675682376325,4.3571675682376325,3,2,5.0,train_dataset_1_test_dataset_3_seed_4
1,d699c7e6a30262d8_inj_latency_v2,True,modifyStation,ts-admin-basic-info-service,ts-admin-basic-info-service,12286160.997041725,5.0,1.0,5.0,1,1,16.323984146118164,12.191496849060059,0.7605253458023071,5.433727251652064,5.0,3,2,5.0,train_dataset_1_test_dataset_3_seed_4
2,d699c7e6a30262d8_inj_latency_v2,True,modifyStation,ts-admin-basic-info-service,ts-admin-basic-info-service -> ts-admin-basic-info-service,8762696.647644904,4.296408247696696,1.0,4.296408247696696,0,2,15.986014366149902,11.4307222366333,1.0602558851242065,4.296408247696696,4.296408247696696,3,2,5.0,train_dataset_1_test_dataset_3_seed_4
3,d699c7e6a30262d8_inj_latency_v2,True,modifyStation,ts-station-service,ts-admin-basic-info-service -> ts-admin-basic-info-service -> ts-station-service,5823241.426863481,4.542122869006297,0.6048828959465027,2.7474524347493663,94,3,15.577367782592773,10.693353652954102,1.0752712488174438,4.542122869006297,4.542122869006297,3,2,5.0,train_dataset_1_test_dataset_3_seed_4
1,dcb1d36e1e3013bc_inj_latency_v2,True,getAllStations,ts-admin-basic-info-service,ts-admin-basic-info-service,17935274.76363414,5.0,1.0,5.0,1,1,16.702280044555664,12.191496849060059,0.7605253458023071,5.93114117812472,5.0,3,2,5.0,train_dataset_1_test_dataset_3_seed_4
2,dcb1d36e1e3013bc_inj_latency_v2,True,getAllStations,ts-admin-basic-info-service,ts-admin-basic-info-service -> ts-admin-basic-info-service,5853932.786897619,3.9159435538573955,1.0,3.9159435538573955,0,2,15.582624435424805,11.4307222366333,1.0602558851242065,3.9159435538573955,3.9159435538573955,3,2,5.0,train_dataset_1_test_dataset_3_seed_4
3,dcb1d36e1e3013bc_inj_latency_v2,True,getAllStations,ts-station-service,ts-admin-basic-info-service -> ts-admin-basic-info-service -> ts-station-service,2946631.2828832334,3.908613597583777,0.6048828959465027,2.364253512042353,94,3,14.896173477172852,10.693353652954102,1.0752712488174438,3.908613597583777,3.908613597583777,3,2,5.0,train_dataset_1_test_dataset_3_seed_4
1,c53252161cdd3c91_inj_latency_v2,True,getAllStations,ts-admin-basic-info-service,ts-admin-basic-info-service,140761701.3357974,5.0,1.0,5.0,1,1,18.7625789642334,12.930994987487793,0.9768394827842712,5.969848761767826,5.0,3,2,5.0,train_dataset_2_test_dataset_1_seed_4
2,c53252161cdd3c91_inj_latency_v2,True,getAllStations,ts-admin-basic-info-service,ts-admin-basic-info-service -> ts-admin-basic-info-service,29583470.38380866,4.494929528101987,1.0,4.494929528101987,0,2,17.202726364135742,12.139059066772461,1.1265287399291992,4.494929528101987,4.494929528101987,3,2,5.0,train_dataset_2_test_dataset_1_seed_4
3,c53252161cdd3c91_inj_latency_v2,True,getAllStations,ts-station-service,ts-admin-basic-info-service -> ts-admin-basic-info-service -> ts-station-service,2511509.3977066474,3.0439624448272187,0.5286339521408081,1.6091418973772091,121,3,14.736394882202148,11.130006790161133,1.1847676038742065,3.0439624448272187,3.0439624448272187,3,2,5.0,train_dataset_2_test_dataset_1_seed_4
1,b542746d7df99038_inj_latency_v2,True,addContacts,ts-admin-basic-info-service,ts-admin-basic-info-service,17019914.46605628,3.8070735186376274,1.0,3.8070735186376274,1,1,16.64989471435547,12.930994987487793,0.9768394827842712,3.8070735186376274,3.8070735186376274,3,2,3.8070735931396484,train_dataset_2_test_dataset_1_seed_4
2,b542746d7df99038_inj_latency_v2,True,addContacts,ts-admin-basic-info-service,ts-admin-basic-info-service -> ts-admin-basic-info-service,9258862.981799662,3.4637668031603783,1.0,3.4637668031603783,0,2,16.041091918945312,12.139059066772461,1.1265287399291992,3.4637668031603783,3.4637668031603783,3,2,3.8070735931396484,train_dataset_2_test_dataset_1_seed_4
3,b542746d7df99038_inj_latency_v2,True,addContacts,ts-contacts-service,ts-admin-basic-info-service -> ts-admin-basic-info-service -> ts-contacts-service,8974134.618053902,3.409813103771025,0.5286339521408081,1.8025429771079924,35,3,16.009857177734375,12.42524528503418,1.051263451576233,3.409813103771025,3.409813103771025,3,2,3.8070735931396484,train_dataset_2_test_dataset_1_seed_4
1,cacd15af117359e4_inj_latency_v2,True,addTrain,ts-admin-basic-info-service,ts-admin-basic-info-service -> ts-admin-basic-info-service,11885418.833293568,3.6854487318952533,1.0,3.6854487318952533,0,2,16.290822982788086,12.139059066772461,1.1265287399291992,3.6854487318952533,3.6854487318952533,3,2,3.68544864654541,train_dataset_2_test_dataset_1_seed_4
2,cacd15af117359e4_inj_latency_v2,True,addTrain,ts-admin-basic-info-service,ts-admin-basic-info-service,14471638.795800108,3.641034674796522,1.0,3.641034674796522,1,1,16.487701416015625,12.930994987487793,0.9768394827842712,3.641034674796522,3.641034674796522,3,2,3.68544864654541,train_dataset_2_test_dataset_1_seed_4
3,cacd15af117359e4_inj_latency_v2,True,addTrain,ts-train-service,ts-admin-basic-info-service -> ts-admin-basic-info-service -> ts-train-service,11805416.110807735,3.689565322318552,0.5286339521408081,1.9504294980189305,145,3,16.284069061279297,11.410685539245605,1.320855736732483,3.689565322318552,3.689565322318552,3,2,3.68544864654541,train_dataset_2_test_dataset_1_seed_4
1,25c68af77d253c97_inj_latency_v2,True,getAllContacts,ts-admin-basic-info-service,ts-admin-basic-info-service,191921597.1564288,5.0,1.0,5.0,1,1,19.07259750366211,12.930994987487793,0.9768394827842712,6.287217730664405,5.0,3,2,5.0,train_dataset_2_test_dataset_3_seed_4
2,25c68af77d253c97_inj_latency_v2,True,getAllContacts,ts-admin-basic-info-service,ts-admin-basic-info-service -> ts-admin-basic-info-service,33178079.125077497,4.596723304361224,1.0,4.596723304361224,0,2,17.317399978637695,12.139059066772461,1.1265287399291992,4.596723304361224,4.596723304361224,3,2,5.0,train_dataset_2_test_dataset_3_seed_4
3,25c68af77d253c97_inj_latency_v2,True,getAllContacts,ts-contacts-service,ts-admin-basic-info-service -> ts-admin-basic-info-service -> ts-contacts-service,2307659.601058752,2.1179272942065763,0.5286339521408081,1.1196082758833106,35,3,14.651744842529297,12.42524528503418,1.051263451576233,2.1179272942065763,2.1179272942065763,3,2,5.0,train_dataset_2_test_dataset_3_seed_4
1,1963e957510a5bc9_inj_latency_v2,True,addContacts,ts-admin-basic-info-service,ts-admin-basic-info-service,48435036.45020975,4.877709306936686,1.0,4.877709306936686,1,1,17.69573402404785,12.930994987487793,0.9768394827842712,4.877709306936686,4.877709306936686,3,2,4.87770938873291,train_dataset_2_test_dataset_3_seed_4
2,1963e957510a5bc9_inj_latency_v2,True,addContacts,ts-admin-basic-info-service,ts-admin-basic-info-service -> ts-admin-basic-info-service,23632515.87341632,4.2955629243911755,1.0,4.2955629243911755,0,2,16.978134155273438,12.139059066772461,1.1265287399291992,4.2955629243911755,4.2955629243911755,3,2,4.87770938873291,train_dataset_2_test_dataset_3_seed_4
3,1963e957510a5bc9_inj_latency_v2,True,addContacts,ts-contacts-service,ts-admin-basic-info-service -> ts-admin-basic-info-service -> ts-contacts-service,17841684.997836586,4.06349416582177,0.5286339521408081,2.1481009803794784,35,3,16.69704818725586,12.42524528503418,1.051263451576233,4.06349416582177,4.06349416582177,3,2,4.87770938873291,train_dataset_2_test_dataset_3_seed_4
1,ce8afdadb7963df1_inj_latency_v2,True,addConfig,ts-admin-basic-info-service,ts-admin-basic-info-service -> ts-admin-basic-info-service,20912264.378794022,4.187010212054847,1.0,4.187010212054847,0,2,16.855846405029297,12.139059066772461,1.1265287399291992,4.187010212054847,4.187010212054847,3,2,4.187010288238525,train_dataset_2_test_dataset_3_seed_4
2,ce8afdadb7963df1_inj_latency_v2,True,addConfig,ts-admin-basic-info-service,ts-admin-basic-info-service,24299356.423348453,4.171581461239601,1.0,4.171581461239601,1,1,17.00596046447754,12.930994987487793,0.9768394827842712,4.171581461239601,4.171581461239601,3,2,4.187010288238525,train_dataset_2_test_dataset_3_seed_4
3,ce8afdadb7963df1_inj_latency_v2,True,addConfig,ts-config-service,ts-admin-basic-info-service -> ts-admin-basic-info-service -> ts-config-service,20914139.150921725,5.0,0.5286339521408081,2.6431697607040405,26,3,16.85593605041504,12.32963752746582,0.5064051747322083,8.93809690104918,5.0,3,2,4.187010288238525,train_dataset_2_test_dataset_3_seed_4
1,c53252161cdd3c91_inj_latency_v2,True,getAllStations,ts-admin-basic-info-service,ts-admin-basic-info-service -> ts-admin-basic-info-service,29583470.38380866,5.0,1.0,5.0,0,2,17.202726364135742,11.967796325683594,0.9930031895637512,5.271815935205577,5.0,3,2,5.0,train_dataset_3_test_dataset_1_seed_4
2,c53252161cdd3c91_inj_latency_v2,True,getAllStations,ts-admin-basic-info-service,ts-admin-basic-info-service,140761701.3357974,5.0,1.0,5.0,1,1,18.7625789642334,12.627050399780273,0.83769690990448,7.324282197904658,5.0,3,2,5.0,train_dataset_3_test_dataset_1_seed_4
3,c53252161cdd3c91_inj_latency_v2,True,getAllStations,ts-station-service,ts-admin-basic-info-service -> ts-admin-basic-info-service -> ts-station-service,2511509.3977066474,2.733983766871722,0.5916741490364075,1.617627518743178,112,3,14.736394882202148,11.286323547363281,1.2619209289550781,2.733983766871722,2.733983766871722,3,2,5.0,train_dataset_3_test_dataset_1_seed_4
1,b542746d7df99038_inj_latency_v2,True,addContacts,ts-admin-basic-info-service,ts-admin-basic-info-service,17019914.46605628,4.802267105215785,1.0,4.802267105215785,1,1,16.64989471435547,12.627050399780273,0.83769690990448,4.802267105215785,4.802267105215785,3,2,4.802267074584961,train_dataset_3_test_dataset_1_seed_4
2,b542746d7df99038_inj_latency_v2,True,addContacts,ts-admin-basic-info-service,ts-admin-basic-info-service -> ts-admin-basic-info-service,9258862.981799662,4.101996485077968,1.0,4.101996485077968,0,2,16.041091918945312,11.967796325683594,0.9930031895637512,4.101996485077968,4.101996485077968,3,2,4.802267074584961,train_dataset_3_test_dataset_1_seed_4
3,b542746d7df99038_inj_latency_v2,True,addContacts,ts-contacts-service,ts-admin-basic-info-service -> ts-admin-basic-info-service -> ts-contacts-service,8974134.618053902,5.0,0.5916741490364075,2.9583707451820374,36,3,16.009857177734375,12.374357223510742,0.6914390921592712,5.257874475784202,5.0,3,2,4.802267074584961,train_dataset_3_test_dataset_1_seed_4
1,cacd15af117359e4_inj_latency_v2,True,addTrain,ts-admin-basic-info-service,ts-admin-basic-info-service,14471638.795800108,4.608648988183052,1.0,4.608648988183052,1,1,16.487701416015625,12.627050399780273,0.83769690990448,4.608648988183052,4.608648988183052,3,2,4.608648777008057,train_dataset_3_test_dataset_1_seed_4
2,cacd15af117359e4_inj_latency_v2,True,addTrain,ts-admin-basic-info-service,ts-admin-basic-info-service -> ts-admin-basic-info-service,11885418.833293568,4.353487181651144,1.0,4.353487181651144,0,2,16.290822982788086,11.967796325683594,0.9930031895637512,4.353487181651144,4.353487181651144,3,2,4.608648777008057,train_dataset_3_test_dataset_1_seed_4
3,cacd15af117359e4_inj_latency_v2,True,addTrain,ts-train-service,ts-admin-basic-info-service -> ts-admin-basic-info-service -> ts-train-service,11805416.110807735,5.0,0.5916741490364075,2.9583707451820374,136,3,16.284069061279297,12.105148315429688,0.512783408164978,8.14948510288992,5.0,3,2,4.608648777008057,train_dataset_3_test_dataset_1_seed_4
1,2a43c7464ad87899_inj_latency_v2,True,addContacts,ts-admin-basic-info-service,ts-admin-basic-info-service,33198652.204798397,5.0,1.0,5.0,1,1,17.31801986694336,12.627050399780273,0.83769690990448,5.599840958823619,5.0,3,2,5.0,train_dataset_3_test_dataset_2_seed_4
2,2a43c7464ad87899_inj_latency_v2,True,addContacts,ts-admin-basic-info-service,ts-admin-basic-info-service -> ts-admin-basic-info-service,19622710.06406599,4.858395125184058,1.0,4.858395125184058,0,2,16.792198181152344,11.967796325683594,0.9930031895637512,4.858395125184058,4.858395125184058,3,2,5.0,train_dataset_3_test_dataset_2_seed_4
3,2a43c7464ad87899_inj_latency_v2,True,addContacts,ts-contacts-service,ts-admin-basic-info-service -> ts-admin-basic-info-service -> ts-contacts-service,19277116.35698546,5.0,0.5916741490364075,2.9583707451820374,36,3,16.774429321289062,12.374357223510742,0.6914390921592712,6.363643808505948,5.0,3,2,5.0,train_dataset_3_test_dataset_2_seed_4
1,de4ff8cd77f13dd7_inj_latency_v2,True,addTrain,ts-admin-basic-info-service,ts-admin-basic-info-service,21292370.170548707,5.0,1.0,5.0,1,1,16.873859405517578,12.627050399780273,0.83769690990448,5.069624771830131,5.0,3,2,5.0,train_dataset_3_test_dataset_2_seed_4
2,de4ff8cd77f13dd7_inj_latency_v2,True,addTrain,ts-admin-basic-info-service,ts-admin-basic-info-service -> ts-admin-basic-info-service,14997091.817271646,4.587669657353626,1.0,4.587669657353626,0,2,16.523366928100586,11.967796325683594,0.9930031895637512,4.587669657353626,4.587669657353626,3,2,5.0,train_dataset_3_test_dataset_2_seed_4
3,de4ff8cd77f13dd7_inj_latency_v2,True,addTrain,ts-train-service,ts-admin-basic-info-service -> ts-admin-basic-info-service -> ts-train-service,14923188.377474012,5.0,0.5916741490364075,2.9583707451820374,136,3,16.5184268951416,12.105148315429688,0.512783408164978,8.606515946966887,5.0,3,2,5.0,train_dataset_3_test_dataset_2_seed_4
1,d44b91c0fce82d26_inj_latency_v2,True,addPrice,ts-admin-basic-info-service,ts-admin-basic-info-service,42074828.71496622,5.0,1.0,5.0,1,1,17.554960250854492,12.627050399780273,0.83769690990448,5.882688348028087,5.0,3,2,5.0,train_dataset_3_test_dataset_2_seed_4
2,d44b91c0fce82d26_inj_latency_v2,True,addPrice,ts-admin-basic-info-service,ts-admin-basic-info-service -> ts-admin-basic-info-service,20211224.65524766,4.888153894016559,1.0,4.888153894016559,0,2,16.821748733520508,11.967796325683594,0.9930031895637512,4.888153894016559,4.888153894016559,3,2,5.0,train_dataset_3_test_dataset_2_seed_4
3,d44b91c0fce82d26_inj_latency_v2,True,addPrice,ts-price-service,ts-admin-basic-info-service -> ts-admin-basic-info-service -> ts-price-service,22549228.87753781,5.0,0.5916741490364075,2.9583707451820374,71,3,16.931211471557617,11.195579528808594,0.7666506767272949,7.4814150914644575,5.0,3,2,5.0,train_dataset_3_test_dataset_2_seed_4
