top_k,overlap_count,overlap_ratio,explained_services,injected_services,overlap_services,traceID,anomaly_score,root_operation,experiment_key
5,2,1.0,"['ts-admin-basic-info-service', 'ts-config-service']","['ts-admin-basic-info-service', 'ts-config-service']","['ts-admin-basic-info-service', 'ts-config-service']",0915ee7798c08138_inj_latency_v2,5.0,deleteConfig,train_dataset_1_test_dataset_2_seed_0
5,2,1.0,"['ts-admin-basic-info-service', 'ts-station-service']","['ts-admin-basic-info-service', 'ts-station-service']","['ts-admin-basic-info-service', 'ts-station-service']",09bd020ecb37a825_inj_latency_v2,5.0,addStation,train_dataset_1_test_dataset_2_seed_0
5,2,1.0,"['ts-admin-basic-info-service', 'ts-contacts-service']","['ts-admin-basic-info-service', 'ts-contacts-service']","['ts-admin-basic-info-service', 'ts-contacts-service']",2b0431b78df04d9b_inj_latency_v2,5.0,modifyContacts,train_dataset_1_test_dataset_2_seed_0
5,2,1.0,"['ts-admin-basic-info-service', 'ts-price-service']","['ts-admin-basic-info-service', 'ts-price-service']","['ts-admin-basic-info-service', 'ts-price-service']",20dc9250d40800fb_inj_latency_v2,5.0,deletePrice,train_dataset_1_test_dataset_3_seed_0
5,2,1.0,"['ts-admin-basic-info-service', 'ts-station-service']","['ts-admin-basic-info-service', 'ts-station-service']","['ts-admin-basic-info-service', 'ts-station-service']",d699c7e6a30262d8_inj_latency_v2,5.0,modifyStation,train_dataset_1_test_dataset_3_seed_0
5,2,1.0,"['ts-admin-basic-info-service', 'ts-station-service']","['ts-admin-basic-info-service', 'ts-station-service']","['ts-admin-basic-info-service', 'ts-station-service']",dcb1d36e1e3013bc_inj_latency_v2,5.0,getAllStations,train_dataset_1_test_dataset_3_seed_0
5,2,1.0,"['ts-admin-basic-info-service', 'ts-station-service']","['ts-admin-basic-info-service', 'ts-station-service']","['ts-admin-basic-info-service', 'ts-station-service']",c53252161cdd3c91_inj_latency_v2,5.0,getAllStations,train_dataset_2_test_dataset_1_seed_0
5,2,1.0,"['ts-admin-basic-info-service', 'ts-contacts-service']","['ts-admin-basic-info-service', 'ts-contacts-service']","['ts-admin-basic-info-service', 'ts-contacts-service']",b542746d7df99038_inj_latency_v2,3.8070735931396484,addContacts,train_dataset_2_test_dataset_1_seed_0
5,2,1.0,"['ts-admin-basic-info-service', 'ts-train-service']","['ts-admin-basic-info-service', 'ts-train-service']","['ts-admin-basic-info-service', 'ts-train-service']",cacd15af117359e4_inj_latency_v2,3.68544864654541,addTrain,train_dataset_2_test_dataset_1_seed_0
5,2,1.0,"['ts-admin-basic-info-service', 'ts-contacts-service']","['ts-admin-basic-info-service', 'ts-contacts-service']","['ts-admin-basic-info-service', 'ts-contacts-service']",25c68af77d253c97_inj_latency_v2,5.0,getAllContacts,train_dataset_2_test_dataset_3_seed_0
5,2,1.0,"['ts-admin-basic-info-service', 'ts-contacts-service']","['ts-admin-basic-info-service', 'ts-contacts-service']","['ts-admin-basic-info-service', 'ts-contacts-service']",1963e957510a5bc9_inj_latency_v2,4.87770938873291,addContacts,train_dataset_2_test_dataset_3_seed_0
5,2,1.0,"['ts-admin-basic-info-service', 'ts-config-service']","['ts-admin-basic-info-service', 'ts-config-service']","['ts-admin-basic-info-service', 'ts-config-service']",ce8afdadb7963df1_inj_latency_v2,4.187010288238525,addConfig,train_dataset_2_test_dataset_3_seed_0
5,2,1.0,"['ts-admin-basic-info-service', 'ts-station-service']","['ts-admin-basic-info-service', 'ts-station-service']","['ts-admin-basic-info-service', 'ts-station-service']",c53252161cdd3c91_inj_latency_v2,5.0,getAllStations,train_dataset_3_test_dataset_1_seed_0
5,2,1.0,"['ts-admin-basic-info-service', 'ts-contacts-service']","['ts-admin-basic-info-service', 'ts-contacts-service']","['ts-admin-basic-info-service', 'ts-contacts-service']",b542746d7df99038_inj_latency_v2,4.802267074584961,addContacts,train_dataset_3_test_dataset_1_seed_0
5,2,1.0,"['ts-admin-basic-info-service', 'ts-train-service']","['ts-admin-basic-info-service', 'ts-train-service']","['ts-admin-basic-info-service', 'ts-train-service']",cacd15af117359e4_inj_latency_v2,4.608648777008057,addTrain,train_dataset_3_test_dataset_1_seed_0
5,2,1.0,"['ts-admin-basic-info-service', 'ts-contacts-service']","['ts-admin-basic-info-service', 'ts-contacts-service']","['ts-admin-basic-info-service', 'ts-contacts-service']",2a43c7464ad87899_inj_latency_v2,5.0,addContacts,train_dataset_3_test_dataset_2_seed_0
5,2,1.0,"['ts-admin-basic-info-service', 'ts-train-service']","['ts-admin-basic-info-service', 'ts-train-service']","['ts-admin-basic-info-service', 'ts-train-service']",de4ff8cd77f13dd7_inj_latency_v2,5.0,addTrain,train_dataset_3_test_dataset_2_seed_0
5,2,1.0,"['ts-admin-basic-info-service', 'ts-price-service']","['ts-admin-basic-info-service', 'ts-price-service']","['ts-admin-basic-info-service', 'ts-price-service']",d44b91c0fce82d26_inj_latency_v2,5.0,addPrice,train_dataset_3_test_dataset_2_seed_0
5,2,1.0,"['ts-admin-basic-info-service', 'ts-config-service']","['ts-admin-basic-info-service', 'ts-config-service']","['ts-admin-basic-info-service', 'ts-config-service']",0915ee7798c08138_inj_latency_v2,5.0,deleteConfig,train_dataset_1_test_dataset_2_seed_1
5,2,1.0,"['ts-admin-basic-info-service', 'ts-station-service']","['ts-admin-basic-info-service', 'ts-station-service']","['ts-admin-basic-info-service', 'ts-station-service']",09bd020ecb37a825_inj_latency_v2,5.0,addStation,train_dataset_1_test_dataset_2_seed_1
5,2,1.0,"['ts-admin-basic-info-service', 'ts-contacts-service']","['ts-admin-basic-info-service', 'ts-contacts-service']","['ts-admin-basic-info-service', 'ts-contacts-service']",2b0431b78df04d9b_inj_latency_v2,5.0,modifyContacts,train_dataset_1_test_dataset_2_seed_1
5,2,1.0,"['ts-admin-basic-info-service', 'ts-price-service']","['ts-admin-basic-info-service', 'ts-price-service']","['ts-admin-basic-info-service', 'ts-price-service']",20dc9250d40800fb_inj_latency_v2,5.0,deletePrice,train_dataset_1_test_dataset_3_seed_1
5,2,1.0,"['ts-admin-basic-info-service', 'ts-station-service']","['ts-admin-basic-info-service', 'ts-station-service']","['ts-admin-basic-info-service', 'ts-station-service']",d699c7e6a30262d8_inj_latency_v2,5.0,modifyStation,train_dataset_1_test_dataset_3_seed_1
5,2,1.0,"['ts-admin-basic-info-service', 'ts-station-service']","['ts-admin-basic-info-service', 'ts-station-service']","['ts-admin-basic-info-service', 'ts-station-service']",dcb1d36e1e3013bc_inj_latency_v2,5.0,getAllStations,train_dataset_1_test_dataset_3_seed_1
5,2,1.0,"['ts-admin-basic-info-service', 'ts-station-service']","['ts-admin-basic-info-service', 'ts-station-service']","['ts-admin-basic-info-service', 'ts-station-service']",c53252161cdd3c91_inj_latency_v2,5.0,getAllStations,train_dataset_2_test_dataset_1_seed_1
5,2,1.0,"['ts-admin-basic-info-service', 'ts-contacts-service']","['ts-admin-basic-info-service', 'ts-contacts-service']","['ts-admin-basic-info-service', 'ts-contacts-service']",b542746d7df99038_inj_latency_v2,3.8070735931396484,addContacts,train_dataset_2_test_dataset_1_seed_1
5,2,1.0,"['ts-admin-basic-info-service', 'ts-train-service']","['ts-admin-basic-info-service', 'ts-train-service']","['ts-admin-basic-info-service', 'ts-train-service']",cacd15af117359e4_inj_latency_v2,3.68544864654541,addTrain,train_dataset_2_test_dataset_1_seed_1
5,2,1.0,"['ts-admin-basic-info-service', 'ts-contacts-service']","['ts-admin-basic-info-service', 'ts-contacts-service']","['ts-admin-basic-info-service', 'ts-contacts-service']",25c68af77d253c97_inj_latency_v2,5.0,getAllContacts,train_dataset_2_test_dataset_3_seed_1
5,2,1.0,"['ts-admin-basic-info-service', 'ts-contacts-service']","['ts-admin-basic-info-service', 'ts-contacts-service']","['ts-admin-basic-info-service', 'ts-contacts-service']",1963e957510a5bc9_inj_latency_v2,4.87770938873291,addContacts,train_dataset_2_test_dataset_3_seed_1
5,2,1.0,"['ts-admin-basic-info-service', 'ts-config-service']","['ts-admin-basic-info-service', 'ts-config-service']","['ts-admin-basic-info-service', 'ts-config-service']",ce8afdadb7963df1_inj_latency_v2,4.187010288238525,addConfig,train_dataset_2_test_dataset_3_seed_1
5,2,1.0,"['ts-admin-basic-info-service', 'ts-station-service']","['ts-admin-basic-info-service', 'ts-station-service']","['ts-admin-basic-info-service', 'ts-station-service']",c53252161cdd3c91_inj_latency_v2,5.0,getAllStations,train_dataset_3_test_dataset_1_seed_1
5,2,1.0,"['ts-admin-basic-info-service', 'ts-contacts-service']","['ts-admin-basic-info-service', 'ts-contacts-service']","['ts-admin-basic-info-service', 'ts-contacts-service']",b542746d7df99038_inj_latency_v2,4.802267074584961,addContacts,train_dataset_3_test_dataset_1_seed_1
5,2,1.0,"['ts-admin-basic-info-service', 'ts-train-service']","['ts-admin-basic-info-service', 'ts-train-service']","['ts-admin-basic-info-service', 'ts-train-service']",cacd15af117359e4_inj_latency_v2,4.608648777008057,addTrain,train_dataset_3_test_dataset_1_seed_1
5,2,1.0,"['ts-admin-basic-info-service', 'ts-contacts-service']","['ts-admin-basic-info-service', 'ts-contacts-service']","['ts-admin-basic-info-service', 'ts-contacts-service']",2a43c7464ad87899_inj_latency_v2,5.0,addContacts,train_dataset_3_test_dataset_2_seed_1
5,2,1.0,"['ts-admin-basic-info-service', 'ts-train-service']","['ts-admin-basic-info-service', 'ts-train-service']","['ts-admin-basic-info-service', 'ts-train-service']",de4ff8cd77f13dd7_inj_latency_v2,5.0,addTrain,train_dataset_3_test_dataset_2_seed_1
5,2,1.0,"['ts-admin-basic-info-service', 'ts-price-service']","['ts-admin-basic-info-service', 'ts-price-service']","['ts-admin-basic-info-service', 'ts-price-service']",d44b91c0fce82d26_inj_latency_v2,5.0,addPrice,train_dataset_3_test_dataset_2_seed_1
5,2,1.0,"['ts-admin-basic-info-service', 'ts-config-service']","['ts-admin-basic-info-service', 'ts-config-service']","['ts-admin-basic-info-service', 'ts-config-service']",0915ee7798c08138_inj_latency_v2,5.0,deleteConfig,train_dataset_1_test_dataset_2_seed_2
5,2,1.0,"['ts-admin-basic-info-service', 'ts-station-service']","['ts-admin-basic-info-service', 'ts-station-service']","['ts-admin-basic-info-service', 'ts-station-service']",09bd020ecb37a825_inj_latency_v2,5.0,addStation,train_dataset_1_test_dataset_2_seed_2
5,2,1.0,"['ts-admin-basic-info-service', 'ts-contacts-service']","['ts-admin-basic-info-service', 'ts-contacts-service']","['ts-admin-basic-info-service', 'ts-contacts-service']",2b0431b78df04d9b_inj_latency_v2,5.0,modifyContacts,train_dataset_1_test_dataset_2_seed_2
5,2,1.0,"['ts-admin-basic-info-service', 'ts-price-service']","['ts-admin-basic-info-service', 'ts-price-service']","['ts-admin-basic-info-service', 'ts-price-service']",20dc9250d40800fb_inj_latency_v2,5.0,deletePrice,train_dataset_1_test_dataset_3_seed_2
5,2,1.0,"['ts-admin-basic-info-service', 'ts-station-service']","['ts-admin-basic-info-service', 'ts-station-service']","['ts-admin-basic-info-service', 'ts-station-service']",d699c7e6a30262d8_inj_latency_v2,5.0,modifyStation,train_dataset_1_test_dataset_3_seed_2
5,2,1.0,"['ts-admin-basic-info-service', 'ts-station-service']","['ts-admin-basic-info-service', 'ts-station-service']","['ts-admin-basic-info-service', 'ts-station-service']",dcb1d36e1e3013bc_inj_latency_v2,5.0,getAllStations,train_dataset_1_test_dataset_3_seed_2
5,2,1.0,"['ts-admin-basic-info-service', 'ts-station-service']","['ts-admin-basic-info-service', 'ts-station-service']","['ts-admin-basic-info-service', 'ts-station-service']",c53252161cdd3c91_inj_latency_v2,5.0,getAllStations,train_dataset_2_test_dataset_1_seed_2
5,2,1.0,"['ts-admin-basic-info-service', 'ts-contacts-service']","['ts-admin-basic-info-service', 'ts-contacts-service']","['ts-admin-basic-info-service', 'ts-contacts-service']",b542746d7df99038_inj_latency_v2,3.8070735931396484,addContacts,train_dataset_2_test_dataset_1_seed_2
5,2,1.0,"['ts-admin-basic-info-service', 'ts-train-service']","['ts-admin-basic-info-service', 'ts-train-service']","['ts-admin-basic-info-service', 'ts-train-service']",cacd15af117359e4_inj_latency_v2,3.68544864654541,addTrain,train_dataset_2_test_dataset_1_seed_2
5,2,1.0,"['ts-admin-basic-info-service', 'ts-contacts-service']","['ts-admin-basic-info-service', 'ts-contacts-service']","['ts-admin-basic-info-service', 'ts-contacts-service']",25c68af77d253c97_inj_latency_v2,5.0,getAllContacts,train_dataset_2_test_dataset_3_seed_2
5,2,1.0,"['ts-admin-basic-info-service', 'ts-contacts-service']","['ts-admin-basic-info-service', 'ts-contacts-service']","['ts-admin-basic-info-service', 'ts-contacts-service']",1963e957510a5bc9_inj_latency_v2,4.87770938873291,addContacts,train_dataset_2_test_dataset_3_seed_2
5,2,1.0,"['ts-admin-basic-info-service', 'ts-config-service']","['ts-admin-basic-info-service', 'ts-config-service']","['ts-admin-basic-info-service', 'ts-config-service']",ce8afdadb7963df1_inj_latency_v2,4.187010288238525,addConfig,train_dataset_2_test_dataset_3_seed_2
5,2,1.0,"['ts-admin-basic-info-service', 'ts-station-service']","['ts-admin-basic-info-service', 'ts-station-service']","['ts-admin-basic-info-service', 'ts-station-service']",c53252161cdd3c91_inj_latency_v2,5.0,getAllStations,train_dataset_3_test_dataset_1_seed_2
5,2,1.0,"['ts-admin-basic-info-service', 'ts-contacts-service']","['ts-admin-basic-info-service', 'ts-contacts-service']","['ts-admin-basic-info-service', 'ts-contacts-service']",b542746d7df99038_inj_latency_v2,4.802267074584961,addContacts,train_dataset_3_test_dataset_1_seed_2
5,2,1.0,"['ts-admin-basic-info-service', 'ts-train-service']","['ts-admin-basic-info-service', 'ts-train-service']","['ts-admin-basic-info-service', 'ts-train-service']",cacd15af117359e4_inj_latency_v2,4.608648777008057,addTrain,train_dataset_3_test_dataset_1_seed_2
5,2,1.0,"['ts-admin-basic-info-service', 'ts-contacts-service']","['ts-admin-basic-info-service', 'ts-contacts-service']","['ts-admin-basic-info-service', 'ts-contacts-service']",2a43c7464ad87899_inj_latency_v2,5.0,addContacts,train_dataset_3_test_dataset_2_seed_2
5,2,1.0,"['ts-admin-basic-info-service', 'ts-train-service']","['ts-admin-basic-info-service', 'ts-train-service']","['ts-admin-basic-info-service', 'ts-train-service']",de4ff8cd77f13dd7_inj_latency_v2,5.0,addTrain,train_dataset_3_test_dataset_2_seed_2
5,2,1.0,"['ts-admin-basic-info-service', 'ts-price-service']","['ts-admin-basic-info-service', 'ts-price-service']","['ts-admin-basic-info-service', 'ts-price-service']",d44b91c0fce82d26_inj_latency_v2,5.0,addPrice,train_dataset_3_test_dataset_2_seed_2
5,2,1.0,"['ts-admin-basic-info-service', 'ts-config-service']","['ts-admin-basic-info-service', 'ts-config-service']","['ts-admin-basic-info-service', 'ts-config-service']",0915ee7798c08138_inj_latency_v2,5.0,deleteConfig,train_dataset_1_test_dataset_2_seed_3
5,2,1.0,"['ts-admin-basic-info-service', 'ts-station-service']","['ts-admin-basic-info-service', 'ts-station-service']","['ts-admin-basic-info-service', 'ts-station-service']",09bd020ecb37a825_inj_latency_v2,5.0,addStation,train_dataset_1_test_dataset_2_seed_3
5,2,1.0,"['ts-admin-basic-info-service', 'ts-contacts-service']","['ts-admin-basic-info-service', 'ts-contacts-service']","['ts-admin-basic-info-service', 'ts-contacts-service']",2b0431b78df04d9b_inj_latency_v2,5.0,modifyContacts,train_dataset_1_test_dataset_2_seed_3
5,2,1.0,"['ts-admin-basic-info-service', 'ts-price-service']","['ts-admin-basic-info-service', 'ts-price-service']","['ts-admin-basic-info-service', 'ts-price-service']",20dc9250d40800fb_inj_latency_v2,5.0,deletePrice,train_dataset_1_test_dataset_3_seed_3
5,2,1.0,"['ts-admin-basic-info-service', 'ts-station-service']","['ts-admin-basic-info-service', 'ts-station-service']","['ts-admin-basic-info-service', 'ts-station-service']",d699c7e6a30262d8_inj_latency_v2,5.0,modifyStation,train_dataset_1_test_dataset_3_seed_3
5,2,1.0,"['ts-admin-basic-info-service', 'ts-station-service']","['ts-admin-basic-info-service', 'ts-station-service']","['ts-admin-basic-info-service', 'ts-station-service']",dcb1d36e1e3013bc_inj_latency_v2,5.0,getAllStations,train_dataset_1_test_dataset_3_seed_3
5,2,1.0,"['ts-admin-basic-info-service', 'ts-station-service']","['ts-admin-basic-info-service', 'ts-station-service']","['ts-admin-basic-info-service', 'ts-station-service']",c53252161cdd3c91_inj_latency_v2,5.0,getAllStations,train_dataset_2_test_dataset_1_seed_3
5,2,1.0,"['ts-admin-basic-info-service', 'ts-contacts-service']","['ts-admin-basic-info-service', 'ts-contacts-service']","['ts-admin-basic-info-service', 'ts-contacts-service']",b542746d7df99038_inj_latency_v2,3.8070735931396484,addContacts,train_dataset_2_test_dataset_1_seed_3
5,2,1.0,"['ts-admin-basic-info-service', 'ts-train-service']","['ts-admin-basic-info-service', 'ts-train-service']","['ts-admin-basic-info-service', 'ts-train-service']",cacd15af117359e4_inj_latency_v2,3.68544864654541,addTrain,train_dataset_2_test_dataset_1_seed_3
5,2,1.0,"['ts-admin-basic-info-service', 'ts-contacts-service']","['ts-admin-basic-info-service', 'ts-contacts-service']","['ts-admin-basic-info-service', 'ts-contacts-service']",25c68af77d253c97_inj_latency_v2,5.0,getAllContacts,train_dataset_2_test_dataset_3_seed_3
5,2,1.0,"['ts-admin-basic-info-service', 'ts-contacts-service']","['ts-admin-basic-info-service', 'ts-contacts-service']","['ts-admin-basic-info-service', 'ts-contacts-service']",1963e957510a5bc9_inj_latency_v2,4.87770938873291,addContacts,train_dataset_2_test_dataset_3_seed_3
5,2,1.0,"['ts-admin-basic-info-service', 'ts-config-service']","['ts-admin-basic-info-service', 'ts-config-service']","['ts-admin-basic-info-service', 'ts-config-service']",ce8afdadb7963df1_inj_latency_v2,4.187010288238525,addConfig,train_dataset_2_test_dataset_3_seed_3
5,2,1.0,"['ts-admin-basic-info-service', 'ts-station-service']","['ts-admin-basic-info-service', 'ts-station-service']","['ts-admin-basic-info-service', 'ts-station-service']",c53252161cdd3c91_inj_latency_v2,5.0,getAllStations,train_dataset_3_test_dataset_1_seed_3
5,2,1.0,"['ts-admin-basic-info-service', 'ts-contacts-service']","['ts-admin-basic-info-service', 'ts-contacts-service']","['ts-admin-basic-info-service', 'ts-contacts-service']",b542746d7df99038_inj_latency_v2,4.802267074584961,addContacts,train_dataset_3_test_dataset_1_seed_3
5,2,1.0,"['ts-admin-basic-info-service', 'ts-train-service']","['ts-admin-basic-info-service', 'ts-train-service']","['ts-admin-basic-info-service', 'ts-train-service']",cacd15af117359e4_inj_latency_v2,4.608648777008057,addTrain,train_dataset_3_test_dataset_1_seed_3
5,2,1.0,"['ts-admin-basic-info-service', 'ts-contacts-service']","['ts-admin-basic-info-service', 'ts-contacts-service']","['ts-admin-basic-info-service', 'ts-contacts-service']",2a43c7464ad87899_inj_latency_v2,5.0,addContacts,train_dataset_3_test_dataset_2_seed_3
5,2,1.0,"['ts-admin-basic-info-service', 'ts-train-service']","['ts-admin-basic-info-service', 'ts-train-service']","['ts-admin-basic-info-service', 'ts-train-service']",de4ff8cd77f13dd7_inj_latency_v2,5.0,addTrain,train_dataset_3_test_dataset_2_seed_3
5,2,1.0,"['ts-admin-basic-info-service', 'ts-price-service']","['ts-admin-basic-info-service', 'ts-price-service']","['ts-admin-basic-info-service', 'ts-price-service']",d44b91c0fce82d26_inj_latency_v2,5.0,addPrice,train_dataset_3_test_dataset_2_seed_3
5,2,1.0,"['ts-admin-basic-info-service', 'ts-config-service']","['ts-admin-basic-info-service', 'ts-config-service']","['ts-admin-basic-info-service', 'ts-config-service']",0915ee7798c08138_inj_latency_v2,5.0,deleteConfig,train_dataset_1_test_dataset_2_seed_4
5,2,1.0,"['ts-admin-basic-info-service', 'ts-station-service']","['ts-admin-basic-info-service', 'ts-station-service']","['ts-admin-basic-info-service', 'ts-station-service']",09bd020ecb37a825_inj_latency_v2,5.0,addStation,train_dataset_1_test_dataset_2_seed_4
5,2,1.0,"['ts-admin-basic-info-service', 'ts-contacts-service']","['ts-admin-basic-info-service', 'ts-contacts-service']","['ts-admin-basic-info-service', 'ts-contacts-service']",2b0431b78df04d9b_inj_latency_v2,5.0,modifyContacts,train_dataset_1_test_dataset_2_seed_4
5,2,1.0,"['ts-admin-basic-info-service', 'ts-price-service']","['ts-admin-basic-info-service', 'ts-price-service']","['ts-admin-basic-info-service', 'ts-price-service']",20dc9250d40800fb_inj_latency_v2,5.0,deletePrice,train_dataset_1_test_dataset_3_seed_4
5,2,1.0,"['ts-admin-basic-info-service', 'ts-station-service']","['ts-admin-basic-info-service', 'ts-station-service']","['ts-admin-basic-info-service', 'ts-station-service']",d699c7e6a30262d8_inj_latency_v2,5.0,modifyStation,train_dataset_1_test_dataset_3_seed_4
5,2,1.0,"['ts-admin-basic-info-service', 'ts-station-service']","['ts-admin-basic-info-service', 'ts-station-service']","['ts-admin-basic-info-service', 'ts-station-service']",dcb1d36e1e3013bc_inj_latency_v2,5.0,getAllStations,train_dataset_1_test_dataset_3_seed_4
5,2,1.0,"['ts-admin-basic-info-service', 'ts-station-service']","['ts-admin-basic-info-service', 'ts-station-service']","['ts-admin-basic-info-service', 'ts-station-service']",c53252161cdd3c91_inj_latency_v2,5.0,getAllStations,train_dataset_2_test_dataset_1_seed_4
5,2,1.0,"['ts-admin-basic-info-service', 'ts-contacts-service']","['ts-admin-basic-info-service', 'ts-contacts-service']","['ts-admin-basic-info-service', 'ts-contacts-service']",b542746d7df99038_inj_latency_v2,3.8070735931396484,addContacts,train_dataset_2_test_dataset_1_seed_4
5,2,1.0,"['ts-admin-basic-info-service', 'ts-train-service']","['ts-admin-basic-info-service', 'ts-train-service']","['ts-admin-basic-info-service', 'ts-train-service']",cacd15af117359e4_inj_latency_v2,3.68544864654541,addTrain,train_dataset_2_test_dataset_1_seed_4
5,2,1.0,"['ts-admin-basic-info-service', 'ts-contacts-service']","['ts-admin-basic-info-service', 'ts-contacts-service']","['ts-admin-basic-info-service', 'ts-contacts-service']",25c68af77d253c97_inj_latency_v2,5.0,getAllContacts,train_dataset_2_test_dataset_3_seed_4
5,2,1.0,"['ts-admin-basic-info-service', 'ts-contacts-service']","['ts-admin-basic-info-service', 'ts-contacts-service']","['ts-admin-basic-info-service', 'ts-contacts-service']",1963e957510a5bc9_inj_latency_v2,4.87770938873291,addContacts,train_dataset_2_test_dataset_3_seed_4
5,2,1.0,"['ts-admin-basic-info-service', 'ts-config-service']","['ts-admin-basic-info-service', 'ts-config-service']","['ts-admin-basic-info-service', 'ts-config-service']",ce8afdadb7963df1_inj_latency_v2,4.187010288238525,addConfig,train_dataset_2_test_dataset_3_seed_4
5,2,1.0,"['ts-admin-basic-info-service', 'ts-station-service']","['ts-admin-basic-info-service', 'ts-station-service']","['ts-admin-basic-info-service', 'ts-station-service']",c53252161cdd3c91_inj_latency_v2,5.0,getAllStations,train_dataset_3_test_dataset_1_seed_4
5,2,1.0,"['ts-admin-basic-info-service', 'ts-contacts-service']","['ts-admin-basic-info-service', 'ts-contacts-service']","['ts-admin-basic-info-service', 'ts-contacts-service']",b542746d7df99038_inj_latency_v2,4.802267074584961,addContacts,train_dataset_3_test_dataset_1_seed_4
5,2,1.0,"['ts-admin-basic-info-service', 'ts-train-service']","['ts-admin-basic-info-service', 'ts-train-service']","['ts-admin-basic-info-service', 'ts-train-service']",cacd15af117359e4_inj_latency_v2,4.608648777008057,addTrain,train_dataset_3_test_dataset_1_seed_4
5,2,1.0,"['ts-admin-basic-info-service', 'ts-contacts-service']","['ts-admin-basic-info-service', 'ts-contacts-service']","['ts-admin-basic-info-service', 'ts-contacts-service']",2a43c7464ad87899_inj_latency_v2,5.0,addContacts,train_dataset_3_test_dataset_2_seed_4
5,2,1.0,"['ts-admin-basic-info-service', 'ts-train-service']","['ts-admin-basic-info-service', 'ts-train-service']","['ts-admin-basic-info-service', 'ts-train-service']",de4ff8cd77f13dd7_inj_latency_v2,5.0,addTrain,train_dataset_3_test_dataset_2_seed_4
5,2,1.0,"['ts-admin-basic-info-service', 'ts-price-service']","['ts-admin-basic-info-service', 'ts-price-service']","['ts-admin-basic-info-service', 'ts-price-service']",d44b91c0fce82d26_inj_latency_v2,5.0,addPrice,train_dataset_3_test_dataset_2_seed_4
