rank,traceID,is_injected,root_operation,service,service_path,observed_duration_approx,residual_clipped,feature_weight,weighted_contribution,feature_index,path_length,observed_log_duration,train_mean_log_duration,train_std_log_duration,residual,abs_residual,num_spans,num_services,anomaly_score
1,0915ee7798c08138_inj_latency_v2,True,deleteConfig,ts-admin-basic-info-service,ts-admin-basic-info-service,13169692.52147713,5.0,1.0,5.0,1,1,16.393428802490234,12.191496849060059,0.7605253458023071,5.52503868098886,5.0,3,2,5.0
2,0915ee7798c08138_inj_latency_v2,True,deleteConfig,ts-admin-basic-info-service,ts-admin-basic-info-service -> ts-admin-basic-info-service,12247532.32586668,4.612200644676662,1.0,4.612200644676662,0,2,16.32083511352539,11.4307222366333,1.0602558851242065,4.612200644676662,4.612200644676662,3,2,5.0
3,0915ee7798c08138_inj_latency_v2,True,deleteConfig,ts-config-service,ts-admin-basic-info-service -> ts-admin-basic-info-service -> ts-config-service,12054984.431379475,4.399771632366982,0.6048828959465027,2.6613466064894116,22,3,16.304988861083984,10.907726287841797,1.2267142534255981,4.399771632366982,4.399771632366982,3,2,5.0
1,09bd020ecb37a825_inj_latency_v2,True,addStation,ts-admin-basic-info-service,ts-admin-basic-info-service,10925995.442293242,5.0,1.0,5.0,1,1,16.206655502319336,12.191496849060059,0.7605253458023071,5.279454097645535,5.0,3,2,5.0
2,09bd020ecb37a825_inj_latency_v2,True,addStation,ts-admin-basic-info-service,ts-admin-basic-info-service -> ts-admin-basic-info-service,7529132.382109349,4.153307073892259,1.0,4.153307073892259,0,2,15.834290504455566,11.4307222366333,1.0602558851242065,4.153307073892259,4.153307073892259,3,2,5.0
3,09bd020ecb37a825_inj_latency_v2,True,addStation,ts-station-service,ts-admin-basic-info-service -> ts-admin-basic-info-service -> ts-station-service,7375651.670124388,4.761906641320111,0.6048828959465027,2.880395879428593,94,3,15.813694953918457,10.693353652954102,1.0752712488174438,4.761906641320111,4.761906641320111,3,2,5.0
1,2b0431b78df04d9b_inj_latency_v2,True,modifyContacts,ts-admin-basic-info-service,ts-admin-basic-info-service,15838696.145676106,5.0,1.0,5.0,1,1,16.577966690063477,12.191496849060059,0.7605253458023071,5.767683963742147,5.0,3,2,5.0
2,2b0431b78df04d9b_inj_latency_v2,True,modifyContacts,ts-admin-basic-info-service,ts-admin-basic-info-service -> ts-admin-basic-info-service,7804079.078005199,4.187135452370462,1.0,4.187135452370462,0,2,15.870157241821289,11.4307222366333,1.0602558851242065,4.187135452370462,4.187135452370462,3,2,5.0
3,2b0431b78df04d9b_inj_latency_v2,True,modifyContacts,ts-contacts-service,ts-admin-basic-info-service -> ts-admin-basic-info-service -> ts-contacts-service,10517191.753149746,5.0,0.5772050023078918,2.8860250115394592,30,3,16.168521881103516,11.813669204711914,0.5391069054603577,8.077901863773898,5.0,3,2,5.0
1,34a34c92383ae5f0_inj_latency_v2,True,getAllPrices,ts-admin-basic-info-service,ts-admin-basic-info-service,12047192.303477969,5.0,1.0,5.0,1,1,16.30434226989746,12.191496849060059,0.7605253458023071,5.407900530255971,5.0,3,2,5.0
2,34a34c92383ae5f0_inj_latency_v2,True,getAllPrices,ts-admin-basic-info-service,ts-admin-basic-info-service -> ts-admin-basic-info-service,1861020.2814847298,2.835083281885202,1.0,2.835083281885202,0,2,14.436635971069336,11.4307222366333,1.0602558851242065,2.835083281885202,2.835083281885202,3,2,5.0
3,34a34c92383ae5f0_inj_latency_v2,True,getAllPrices,ts-price-service,ts-admin-basic-info-service -> ts-admin-basic-info-service -> ts-price-service,1648049.333048941,3.111297054193554,0.5772050023078918,1.7958562233463276,64,3,14.315103530883789,11.969368934631348,0.7539410591125488,3.111297054193554,3.111297054193554,3,2,5.0
1,2a43c7464ad87899_inj_latency_v2,True,addContacts,ts-admin-basic-info-service,ts-admin-basic-info-service -> ts-admin-basic-info-service,19622710.06406599,5.0,1.0,5.0,0,2,16.792198181152344,11.4307222366333,1.0602558851242065,5.056775463114698,5.0,3,2,5.0
2,2a43c7464ad87899_inj_latency_v2,True,addContacts,ts-admin-basic-info-service,ts-admin-basic-info-service,33198652.204798397,5.0,1.0,5.0,1,1,17.31801986694336,12.191496849060059,0.7605253458023071,6.740765506605354,5.0,3,2,5.0
3,2a43c7464ad87899_inj_latency_v2,True,addContacts,ts-contacts-service,ts-admin-basic-info-service -> ts-admin-basic-info-service -> ts-contacts-service,19277116.35698546,5.0,0.5772050023078918,2.8860250115394592,30,3,16.774429321289062,11.813669204711914,0.5391069054603577,9.201811489209222,5.0,3,2,5.0
