method,roc_auc,average_precision,precision_at_k,precision,recall,f1,dataset,random_seed,injection_strategy,injection_factor,pairwise_win_rate
Baseline STV + IF,0.5789473684210528,0.5648576047572968,0.5684210526315789,0.5684210526315789,0.5684210526315789,0.5684210526315789,dataset_1,0,random_visible,30.0,0.8842105263157894
Enhanced STV + IF,0.6886980609418283,0.6614490204854037,0.6736842105263158,0.6736842105263158,0.6736842105263158,0.6736842105263158,dataset_1,0,random_visible,30.0,0.7263157894736842
Raw STV + LOF,0.6652631578947368,0.6049438260321428,0.5894736842105263,0.5894736842105263,0.5894736842105263,0.5894736842105263,dataset_1,0,random_visible,30.0,1.0
Residual STV + LOF,0.8656509695290859,0.8072551516522988,0.8,0.8,0.8,0.8,dataset_1,0,random_visible,30.0,0.9473684210526315
Raw STV + OCSVM,0.7522437673130193,0.7821691802199439,0.6842105263157895,0.6842105263157895,0.6842105263157895,0.6842105263157895,dataset_1,0,random_visible,30.0,1.0
Residual STV + OCSVM,0.858393351800554,0.8113980511582959,0.7789473684210526,0.7789473684210526,0.7789473684210526,0.7789473684210526,dataset_1,0,random_visible,30.0,0.9368421052631579
Max-Z Residual STV,0.8907479224376731,0.8433064410502956,0.8315789473684211,0.8315789473684211,0.8315789473684211,0.8315789473684211,dataset_1,0,random_visible,30.0,0.8842105263157894
Top-3 Residual STV,0.8444321329639889,0.8272231514265316,0.7473684210526316,0.7473684210526316,0.7473684210526316,0.7473684210526316,dataset_1,0,random_visible,30.0,0.9157894736842105
WR-STV k=1 clip=5.0,0.8646537396121884,0.8711019924274028,0.7894736842105263,0.7894736842105263,0.7894736842105263,0.7894736842105263,dataset_1,0,random_visible,30.0,0.8736842105263158
Baseline STV + IF,0.6422811059907834,0.5817968021688206,0.6071428571428571,0.6071428571428571,0.6071428571428571,0.6071428571428571,dataset_2,0,random_visible,30.0,0.8214285714285714
Enhanced STV + IF,0.630184331797235,0.612853427355838,0.6071428571428571,0.6071428571428571,0.6071428571428571,0.6071428571428571,dataset_2,0,random_visible,30.0,0.5714285714285714
Raw STV + LOF,0.7246543778801843,0.6335541420333213,0.6071428571428571,0.6071428571428571,0.6071428571428571,0.6071428571428571,dataset_2,0,random_visible,30.0,1.0
Residual STV + LOF,0.6192396313364055,0.6062133773598749,0.5714285714285714,0.5714285714285714,0.5714285714285714,0.5714285714285714,dataset_2,0,random_visible,30.0,0.6428571428571429
Raw STV + OCSVM,0.7085253456221199,0.665662385330429,0.5714285714285714,0.5714285714285714,0.5714285714285714,0.5714285714285714,dataset_2,0,random_visible,30.0,1.0
Residual STV + OCSVM,0.6013824884792627,0.5768608437896586,0.5714285714285714,0.5714285714285714,0.5714285714285714,0.5714285714285714,dataset_2,0,random_visible,30.0,0.6071428571428571
Max-Z Residual STV,0.631336405529954,0.618430507496488,0.5714285714285714,0.5714285714285714,0.5714285714285714,0.5714285714285714,dataset_2,0,random_visible,30.0,0.5
Top-3 Residual STV,0.6180875576036867,0.5917668664311448,0.5714285714285714,0.5714285714285714,0.5714285714285714,0.5714285714285714,dataset_2,0,random_visible,30.0,0.5714285714285714
WR-STV k=1 clip=5.0,0.6566820276497696,0.7073963644936039,0.6071428571428571,0.6071428571428571,0.6071428571428571,0.6071428571428571,dataset_2,0,random_visible,30.0,0.5357142857142857
Baseline STV + IF,0.5878507653061225,0.5754948689446602,0.5714285714285714,0.5714285714285714,0.5714285714285714,0.5714285714285714,dataset_3,0,random_visible,30.0,0.8035714285714286
Enhanced STV + IF,0.6336096938775511,0.5789181647461837,0.6071428571428571,0.6071428571428571,0.6071428571428571,0.6071428571428571,dataset_3,0,random_visible,30.0,0.5357142857142857
Raw STV + LOF,0.7193877551020408,0.6477142033452377,0.6071428571428571,0.6071428571428571,0.6071428571428571,0.6071428571428571,dataset_3,0,random_visible,30.0,1.0
Residual STV + LOF,0.7779017857142857,0.7053171619760269,0.7142857142857143,0.7142857142857143,0.7142857142857143,0.7142857142857143,dataset_3,0,random_visible,30.0,0.8392857142857143
Raw STV + OCSVM,0.7681760204081632,0.7840651572805826,0.6964285714285714,0.6964285714285714,0.6964285714285714,0.6964285714285714,dataset_3,0,random_visible,30.0,0.9821428571428571
Residual STV + OCSVM,0.7637117346938775,0.6967132076007339,0.6964285714285714,0.6964285714285714,0.6964285714285714,0.6964285714285714,dataset_3,0,random_visible,30.0,0.8035714285714286
Max-Z Residual STV,0.7925701530612245,0.7381361379033324,0.7321428571428571,0.7321428571428571,0.7321428571428571,0.7321428571428571,dataset_3,0,random_visible,30.0,0.7678571428571429
Top-3 Residual STV,0.7600446428571428,0.7128712911052772,0.7142857142857143,0.7142857142857143,0.7142857142857143,0.7142857142857143,dataset_3,0,random_visible,30.0,0.7857142857142857
WR-STV k=1 clip=5.0,0.7850765306122449,0.7895926461001024,0.6785714285714286,0.6785714285714286,0.6785714285714286,0.6785714285714286,dataset_3,0,random_visible,30.0,0.8214285714285714
Baseline STV + IF,0.5906925207756232,0.5810643681679613,0.6,0.6,0.6,0.6,dataset_1,1,random_visible,30.0,0.9263157894736842
Enhanced STV + IF,0.7214958448753463,0.6809865888974117,0.6947368421052632,0.6947368421052632,0.6947368421052632,0.6947368421052632,dataset_1,1,random_visible,30.0,0.8
Raw STV + LOF,0.6813296398891966,0.6248269235003892,0.5894736842105263,0.5894736842105263,0.5894736842105263,0.5894736842105263,dataset_1,1,random_visible,30.0,1.0
Residual STV + LOF,0.8281440443213298,0.8118889836912254,0.7894736842105263,0.7894736842105263,0.7894736842105263,0.7894736842105263,dataset_1,1,random_visible,30.0,0.8947368421052632
Raw STV + OCSVM,0.726869806094183,0.7502950764176678,0.6421052631578947,0.6421052631578947,0.6421052631578947,0.6421052631578947,dataset_1,1,random_visible,30.0,1.0
Residual STV + OCSVM,0.813961218836565,0.8185538342058543,0.7789473684210526,0.7789473684210526,0.7789473684210526,0.7789473684210526,dataset_1,1,random_visible,30.0,0.8842105263157894
Max-Z Residual STV,0.8479224376731302,0.8437604065846835,0.7894736842105263,0.7894736842105263,0.7894736842105263,0.7894736842105263,dataset_1,1,random_visible,30.0,0.8526315789473684
Top-3 Residual STV,0.8056509695290859,0.8281246673090721,0.7263157894736842,0.7263157894736842,0.7263157894736842,0.7263157894736842,dataset_1,1,random_visible,30.0,0.8842105263157894
WR-STV k=1 clip=5.0,0.8455955678670362,0.8418160182370625,0.7789473684210526,0.7789473684210526,0.7789473684210526,0.7789473684210526,dataset_1,1,random_visible,30.0,0.8842105263157894
Baseline STV + IF,0.5806451612903225,0.5326549104302378,0.5,0.5,0.5,0.5,dataset_2,1,random_visible,30.0,0.6071428571428571
Enhanced STV + IF,0.6082949308755761,0.5682193170828966,0.6071428571428571,0.6071428571428571,0.6071428571428571,0.6071428571428571,dataset_2,1,random_visible,30.0,0.42857142857142855
Raw STV + LOF,0.6831797235023042,0.6117377133076941,0.6071428571428571,0.6071428571428571,0.6071428571428571,0.6071428571428571,dataset_2,1,random_visible,30.0,1.0
Residual STV + LOF,0.7102534562211982,0.6237389758725356,0.6428571428571429,0.6428571428571429,0.6428571428571429,0.6428571428571429,dataset_2,1,random_visible,30.0,0.75
Raw STV + OCSVM,0.7350230414746544,0.6771588205016915,0.6785714285714286,0.6785714285714286,0.6785714285714286,0.6785714285714286,dataset_2,1,random_visible,30.0,0.9642857142857143
Residual STV + OCSVM,0.6923963133640553,0.5898354551357236,0.6428571428571429,0.6428571428571429,0.6428571428571429,0.6428571428571429,dataset_2,1,random_visible,30.0,0.6785714285714286
Max-Z Residual STV,0.7246543778801844,0.6320056596946184,0.6428571428571429,0.6428571428571429,0.6428571428571429,0.6428571428571429,dataset_2,1,random_visible,30.0,0.5357142857142857
Top-3 Residual STV,0.7096774193548386,0.6093444868540733,0.6428571428571429,0.6428571428571429,0.6428571428571429,0.6428571428571429,dataset_2,1,random_visible,30.0,0.6428571428571429
WR-STV k=1 clip=5.0,0.7592165898617511,0.726599901827899,0.6785714285714286,0.6785714285714286,0.6785714285714286,0.6785714285714286,dataset_2,1,random_visible,30.0,0.6071428571428571
Baseline STV + IF,0.5990566037735849,0.5653935382246239,0.5849056603773585,0.5849056603773585,0.5849056603773585,0.5849056603773585,dataset_3,1,random_visible,30.0,0.8113207547169812
Enhanced STV + IF,0.6802560646900269,0.6634087559882962,0.6415094339622641,0.6415094339622641,0.6415094339622641,0.6415094339622641,dataset_3,1,random_visible,30.0,0.6415094339622641
Raw STV + LOF,0.7388814016172507,0.6518999409277737,0.6415094339622641,0.6415094339622641,0.6415094339622641,0.6415094339622641,dataset_3,1,random_visible,30.0,1.0
Residual STV + LOF,0.8436657681940701,0.7755997149239552,0.7924528301886793,0.7924528301886793,0.7924528301886793,0.7924528301886793,dataset_3,1,random_visible,30.0,0.9245283018867925
Raw STV + OCSVM,0.7816711590296496,0.7997305631720311,0.660377358490566,0.660377358490566,0.660377358490566,0.660377358490566,dataset_3,1,random_visible,30.0,0.9811320754716981
Residual STV + OCSVM,0.8360849056603774,0.7755443473944806,0.7547169811320755,0.7547169811320755,0.7547169811320755,0.7547169811320755,dataset_3,1,random_visible,30.0,0.9056603773584906
Max-Z Residual STV,0.8664083557951482,0.8300289610341172,0.8113207547169812,0.8113207547169812,0.8113207547169812,0.8113207547169812,dataset_3,1,random_visible,30.0,0.8301886792452831
Top-3 Residual STV,0.8300202156334231,0.8005078495896406,0.7735849056603774,0.7735849056603774,0.7735849056603774,0.7735849056603774,dataset_3,1,random_visible,30.0,0.9056603773584906
WR-STV k=1 clip=5.0,0.8616913746630728,0.8638027252854157,0.8113207547169812,0.8113207547169812,0.8113207547169812,0.8113207547169812,dataset_3,1,random_visible,30.0,0.8867924528301887
Baseline STV + IF,0.6088642659279778,0.5841015790829822,0.6421052631578947,0.6421052631578947,0.6421052631578947,0.6421052631578947,dataset_1,2,random_visible,30.0,0.8842105263157894
Enhanced STV + IF,0.7049307479224376,0.7021460201363804,0.6736842105263158,0.6736842105263158,0.6736842105263158,0.6736842105263158,dataset_1,2,random_visible,30.0,0.7684210526315789
Raw STV + LOF,0.664819944598338,0.6110773462723755,0.5578947368421052,0.5578947368421052,0.5578947368421052,0.5578947368421052,dataset_1,2,random_visible,30.0,1.0
Residual STV + LOF,0.8391135734072022,0.7771397590177294,0.7894736842105263,0.7894736842105263,0.7894736842105263,0.7894736842105263,dataset_1,2,random_visible,30.0,0.9052631578947369
Raw STV + OCSVM,0.7584487534626039,0.7786982333764729,0.7052631578947368,0.7052631578947368,0.7052631578947368,0.7052631578947368,dataset_1,2,random_visible,30.0,1.0
Residual STV + OCSVM,0.8193351800554016,0.7532961837840224,0.7789473684210526,0.7789473684210526,0.7789473684210526,0.7789473684210526,dataset_1,2,random_visible,30.0,0.8947368421052632
Max-Z Residual STV,0.8406648199445983,0.7696302453735612,0.7789473684210526,0.7789473684210526,0.7789473684210526,0.7789473684210526,dataset_1,2,random_visible,30.0,0.8
Top-3 Residual STV,0.8206094182825484,0.7914618468662303,0.7473684210526316,0.7473684210526316,0.7473684210526316,0.7473684210526316,dataset_1,2,random_visible,30.0,0.8842105263157894
WR-STV k=1 clip=5.0,0.8665373961218836,0.8611305715220114,0.7684210526315789,0.7684210526315789,0.7684210526315789,0.7684210526315789,dataset_1,2,random_visible,30.0,0.8526315789473684
Baseline STV + IF,0.653225806451613,0.5914031791581332,0.5384615384615384,0.5384615384615384,0.5384615384615384,0.5384615384615384,dataset_2,2,random_visible,30.0,0.7307692307692307
Enhanced STV + IF,0.6563275434243176,0.5880507764370053,0.6153846153846154,0.6153846153846154,0.6153846153846154,0.6153846153846154,dataset_2,2,random_visible,30.0,0.5769230769230769
Raw STV + LOF,0.7568238213399504,0.6691288884435733,0.6538461538461539,0.6538461538461539,0.6538461538461539,0.6538461538461539,dataset_2,2,random_visible,30.0,1.0
Residual STV + LOF,0.7332506203473945,0.6561624649208001,0.6538461538461539,0.6538461538461539,0.6538461538461539,0.6538461538461539,dataset_2,2,random_visible,30.0,0.8461538461538461
Raw STV + OCSVM,0.7506203473945409,0.6778915881843977,0.6923076923076923,0.6923076923076923,0.6923076923076923,0.6923076923076923,dataset_2,2,random_visible,30.0,1.0
Residual STV + OCSVM,0.7220843672456576,0.651359352714136,0.6153846153846154,0.6153846153846154,0.6153846153846154,0.6153846153846154,dataset_2,2,random_visible,30.0,0.8461538461538461
Max-Z Residual STV,0.7450372208436725,0.635795205860665,0.6153846153846154,0.6153846153846154,0.6153846153846154,0.6153846153846154,dataset_2,2,random_visible,30.0,0.7307692307692307
Top-3 Residual STV,0.7233250620347395,0.6876642527817045,0.6153846153846154,0.6153846153846154,0.6153846153846154,0.6153846153846154,dataset_2,2,random_visible,30.0,0.8461538461538461
WR-STV k=1 clip=5.0,0.7866004962779157,0.7437020917457686,0.6923076923076923,0.6923076923076923,0.6923076923076923,0.6923076923076923,dataset_2,2,random_visible,30.0,0.7307692307692307
Baseline STV + IF,0.626461038961039,0.5877752447799045,0.6181818181818182,0.6181818181818182,0.6181818181818182,0.6181818181818182,dataset_3,2,random_visible,30.0,0.8909090909090909
Enhanced STV + IF,0.7433441558441559,0.6732746724793304,0.7636363636363637,0.7636363636363637,0.7636363636363637,0.7636363636363637,dataset_3,2,random_visible,30.0,0.8363636363636363
Raw STV + LOF,0.7272727272727273,0.6397179233544346,0.6363636363636364,0.6363636363636364,0.6363636363636364,0.6363636363636364,dataset_3,2,random_visible,30.0,1.0
Residual STV + LOF,0.8334415584415583,0.8025359898751782,0.7454545454545455,0.7454545454545455,0.7454545454545455,0.7454545454545455,dataset_3,2,random_visible,30.0,0.8909090909090909
Raw STV + OCSVM,0.7801948051948051,0.8033850115751192,0.6727272727272727,0.6727272727272727,0.6727272727272727,0.6727272727272727,dataset_3,2,random_visible,30.0,0.9818181818181818
Residual STV + OCSVM,0.8275974025974026,0.8137445951985887,0.7272727272727273,0.7272727272727273,0.7272727272727273,0.7272727272727273,dataset_3,2,random_visible,30.0,0.8909090909090909
Max-Z Residual STV,0.8553571428571428,0.8654400909391997,0.7818181818181819,0.7818181818181819,0.7818181818181819,0.7818181818181819,dataset_3,2,random_visible,30.0,0.8545454545454545
Top-3 Residual STV,0.7993506493506494,0.8233129681567114,0.6909090909090909,0.6909090909090909,0.6909090909090909,0.6909090909090909,dataset_3,2,random_visible,30.0,0.8909090909090909
WR-STV k=1 clip=5.0,0.8310064935064935,0.8608872597536656,0.7636363636363637,0.7636363636363637,0.7636363636363637,0.7636363636363637,dataset_3,2,random_visible,30.0,0.8363636363636363
Baseline STV + IF,0.5789473684210525,0.562705330050096,0.5789473684210527,0.5789473684210527,0.5789473684210527,0.5789473684210527,dataset_1,3,random_visible,30.0,0.9157894736842105
Enhanced STV + IF,0.6977839335180054,0.636848390532009,0.6842105263157895,0.6842105263157895,0.6842105263157895,0.6842105263157895,dataset_1,3,random_visible,30.0,0.8210526315789474
Raw STV + LOF,0.6250415512465374,0.5914701462543785,0.5789473684210527,0.5789473684210527,0.5789473684210527,0.5789473684210527,dataset_1,3,random_visible,30.0,1.0
Residual STV + LOF,0.7830470914127423,0.6862636792738991,0.7473684210526316,0.7473684210526316,0.7473684210526316,0.7473684210526316,dataset_1,3,random_visible,30.0,0.8947368421052632
Raw STV + OCSVM,0.7632132963988919,0.7755791447205509,0.7368421052631579,0.7368421052631579,0.7368421052631579,0.7368421052631579,dataset_1,3,random_visible,30.0,0.9894736842105263
Residual STV + OCSVM,0.7885318559556787,0.6998050109929328,0.7473684210526316,0.7473684210526316,0.7473684210526316,0.7473684210526316,dataset_1,3,random_visible,30.0,0.8736842105263158
Max-Z Residual STV,0.8113573407202216,0.7202672989767034,0.7578947368421053,0.7578947368421053,0.7578947368421053,0.7578947368421053,dataset_1,3,random_visible,30.0,0.7473684210526316
Top-3 Residual STV,0.7907479224376731,0.714162032504106,0.7368421052631579,0.7368421052631579,0.7368421052631579,0.7368421052631579,dataset_1,3,random_visible,30.0,0.8631578947368421
WR-STV k=1 clip=5.0,0.8578947368421053,0.8575399033371354,0.7578947368421053,0.7578947368421053,0.7578947368421053,0.7578947368421053,dataset_1,3,random_visible,30.0,0.7473684210526316
Baseline STV + IF,0.6013824884792627,0.566258987062982,0.5714285714285714,0.5714285714285714,0.5714285714285714,0.5714285714285714,dataset_2,3,random_visible,30.0,0.7857142857142857
Enhanced STV + IF,0.5881336405529953,0.5455433564125347,0.6071428571428571,0.6071428571428571,0.6071428571428571,0.6071428571428571,dataset_2,3,random_visible,30.0,0.35714285714285715
Raw STV + LOF,0.7304147465437788,0.6932111357208183,0.5714285714285714,0.5714285714285714,0.5714285714285714,0.5714285714285714,dataset_2,3,random_visible,30.0,1.0
Residual STV + LOF,0.728110599078341,0.6946409086205027,0.7142857142857143,0.7142857142857143,0.7142857142857143,0.7142857142857143,dataset_2,3,random_visible,30.0,0.75
Raw STV + OCSVM,0.7799539170506913,0.7892851822166823,0.7142857142857143,0.7142857142857143,0.7142857142857143,0.7142857142857143,dataset_2,3,random_visible,30.0,1.0
Residual STV + OCSVM,0.7223502304147466,0.6543593053911936,0.7142857142857143,0.7142857142857143,0.7142857142857143,0.7142857142857143,dataset_2,3,random_visible,30.0,0.6785714285714286
Max-Z Residual STV,0.7367511520737327,0.6903761730084392,0.7142857142857143,0.7142857142857143,0.7142857142857143,0.7142857142857143,dataset_2,3,random_visible,30.0,0.7142857142857143
Top-3 Residual STV,0.7200460829493087,0.6667802971521829,0.6785714285714286,0.6785714285714286,0.6785714285714286,0.6785714285714286,dataset_2,3,random_visible,30.0,0.6785714285714286
WR-STV k=1 clip=5.0,0.7684331797235023,0.7701151227208716,0.7142857142857143,0.7142857142857143,0.7142857142857143,0.7142857142857143,dataset_2,3,random_visible,30.0,0.75
Baseline STV + IF,0.5698051948051948,0.5614555686641816,0.5818181818181818,0.5818181818181818,0.5818181818181818,0.5818181818181818,dataset_3,3,random_visible,30.0,0.8363636363636363
Enhanced STV + IF,0.6663961038961039,0.6105147109202606,0.6363636363636364,0.6363636363636364,0.6363636363636364,0.6363636363636364,dataset_3,3,random_visible,30.0,0.7090909090909091
Raw STV + LOF,0.7172077922077922,0.6438320941012169,0.6181818181818182,0.6181818181818182,0.6181818181818182,0.6181818181818182,dataset_3,3,random_visible,30.0,1.0
Residual STV + LOF,0.8125,0.7327199570273787,0.7272727272727273,0.7272727272727273,0.7272727272727273,0.7272727272727273,dataset_3,3,random_visible,30.0,0.8545454545454545
Raw STV + OCSVM,0.7568181818181818,0.7784135433489293,0.6363636363636364,0.6363636363636364,0.6363636363636364,0.6363636363636364,dataset_3,3,random_visible,30.0,0.9636363636363636
Residual STV + OCSVM,0.8061688311688312,0.7335619531645671,0.7272727272727273,0.7272727272727273,0.7272727272727273,0.7272727272727273,dataset_3,3,random_visible,30.0,0.8727272727272727
Max-Z Residual STV,0.8222402597402597,0.7789573977424193,0.7454545454545455,0.7454545454545455,0.7454545454545455,0.7454545454545455,dataset_3,3,random_visible,30.0,0.7818181818181819
Top-3 Residual STV,0.7725649350649351,0.7343689015644385,0.6727272727272727,0.6727272727272727,0.6727272727272727,0.6727272727272727,dataset_3,3,random_visible,30.0,0.8363636363636363
WR-STV k=1 clip=5.0,0.8024350649350649,0.8037782642623162,0.6909090909090909,0.6909090909090909,0.6909090909090909,0.6909090909090909,dataset_3,3,random_visible,30.0,0.8
Baseline STV + IF,0.6019390581717452,0.5659226243393819,0.6421052631578947,0.6421052631578947,0.6421052631578947,0.6421052631578947,dataset_1,4,random_visible,30.0,0.9368421052631579
Enhanced STV + IF,0.6918005540166204,0.619005230385238,0.631578947368421,0.631578947368421,0.631578947368421,0.631578947368421,dataset_1,4,random_visible,30.0,0.8526315789473684
Raw STV + LOF,0.6321329639889196,0.590200299314597,0.5578947368421052,0.5578947368421052,0.5578947368421052,0.5578947368421052,dataset_1,4,random_visible,30.0,1.0
Residual STV + LOF,0.785207756232687,0.721272194808986,0.7052631578947368,0.7052631578947368,0.7052631578947368,0.7052631578947368,dataset_1,4,random_visible,30.0,0.9263157894736842
Raw STV + OCSVM,0.7858171745152354,0.7865121518472319,0.7473684210526316,0.7473684210526316,0.7473684210526316,0.7473684210526316,dataset_1,4,random_visible,30.0,0.9789473684210527
Residual STV + OCSVM,0.752409972299169,0.7077486079219469,0.6736842105263158,0.6736842105263158,0.6736842105263158,0.6736842105263158,dataset_1,4,random_visible,30.0,0.9263157894736842
Max-Z Residual STV,0.7832686980609418,0.7083529540525921,0.6947368421052632,0.6947368421052632,0.6947368421052632,0.6947368421052632,dataset_1,4,random_visible,30.0,0.7368421052631579
Top-3 Residual STV,0.7811634349030471,0.7830085791749701,0.6736842105263158,0.6736842105263158,0.6736842105263158,0.6736842105263158,dataset_1,4,random_visible,30.0,0.8947368421052632
WR-STV k=1 clip=5.0,0.8474238227146814,0.8319226043491043,0.7473684210526316,0.7473684210526316,0.7473684210526316,0.7473684210526316,dataset_1,4,random_visible,30.0,0.8
Baseline STV + IF,0.6483870967741936,0.5836113331113331,0.56,0.56,0.56,0.56,dataset_2,4,random_visible,30.0,0.64
Enhanced STV + IF,0.6638709677419354,0.5996271200064303,0.64,0.64,0.64,0.64,dataset_2,4,random_visible,30.0,0.6
Raw STV + LOF,0.7935483870967742,0.6850590890466446,0.72,0.72,0.72,0.72,dataset_2,4,random_visible,30.0,1.0
Residual STV + LOF,0.7941935483870968,0.6822412858060709,0.72,0.72,0.72,0.72,dataset_2,4,random_visible,30.0,0.76
Raw STV + OCSVM,0.7741935483870968,0.7078885538701849,0.64,0.64,0.64,0.64,dataset_2,4,random_visible,30.0,1.0
Residual STV + OCSVM,0.7864516129032258,0.6747252519759993,0.68,0.68,0.68,0.68,dataset_2,4,random_visible,30.0,0.76
Max-Z Residual STV,0.7806451612903226,0.6579322973495992,0.68,0.68,0.68,0.68,dataset_2,4,random_visible,30.0,0.72
Top-3 Residual STV,0.7941935483870968,0.7186700574283961,0.72,0.72,0.72,0.72,dataset_2,4,random_visible,30.0,0.76
WR-STV k=1 clip=5.0,0.7999999999999999,0.7414130855820231,0.72,0.72,0.72,0.72,dataset_2,4,random_visible,30.0,0.72
Baseline STV + IF,0.5924865229110512,0.5508978428240275,0.5660377358490566,0.5660377358490566,0.5660377358490566,0.5660377358490566,dataset_3,4,random_visible,30.0,0.7358490566037735
Enhanced STV + IF,0.7237196765498652,0.6601896115804917,0.660377358490566,0.660377358490566,0.660377358490566,0.660377358490566,dataset_3,4,random_visible,30.0,0.6792452830188679
Raw STV + LOF,0.7459568733153639,0.664001964997923,0.6226415094339622,0.6226415094339622,0.6226415094339622,0.6226415094339622,dataset_3,4,random_visible,30.0,1.0
Residual STV + LOF,0.8273247978436657,0.7440517875216125,0.7169811320754716,0.7169811320754716,0.7169811320754716,0.7169811320754716,dataset_3,4,random_visible,30.0,0.7924528301886793
Raw STV + OCSVM,0.7948113207547169,0.795633586450121,0.660377358490566,0.660377358490566,0.660377358490566,0.660377358490566,dataset_3,4,random_visible,30.0,1.0
Residual STV + OCSVM,0.8320417789757413,0.7388526744091201,0.7169811320754716,0.7169811320754716,0.7169811320754716,0.7169811320754716,dataset_3,4,random_visible,30.0,0.7924528301886793
Max-Z Residual STV,0.8386118598382749,0.7817839394837416,0.7358490566037735,0.7358490566037735,0.7358490566037735,0.7358490566037735,dataset_3,4,random_visible,30.0,0.7735849056603774
Top-3 Residual STV,0.7951482479784366,0.714901281638562,0.7169811320754716,0.7169811320754716,0.7169811320754716,0.7169811320754716,dataset_3,4,random_visible,30.0,0.8113207547169812
WR-STV k=1 clip=5.0,0.8242924528301887,0.823403289504756,0.7358490566037735,0.7358490566037735,0.7358490566037735,0.7358490566037735,dataset_3,4,random_visible,30.0,0.8113207547169812
