train_dataset,test_dataset,top_k,service_overlap_ratio_mean,path_overlap_ratio_mean,service_overlap_ratio_median,path_overlap_ratio_median,traces
dataset_1,dataset_2,1,0.6529411764705882,0.5235294117647059,0.5,0.3333333333333333,425
dataset_1,dataset_2,3,0.9823529411764705,0.9686274509803922,1.0,1.0,425
dataset_1,dataset_2,5,0.9882352941176471,0.9764705882352941,1.0,1.0,425
dataset_1,dataset_2,10,1.0,1.0,1.0,1.0,425
dataset_1,dataset_3,1,0.680921052631579,0.518640350877193,0.5,0.3333333333333333,760
dataset_1,dataset_3,3,0.9868421052631579,0.9802631578947368,1.0,1.0,760
dataset_1,dataset_3,5,0.9868421052631579,0.9868421052631579,1.0,1.0,760
dataset_1,dataset_3,10,1.0,0.9956140350877193,1.0,1.0,760
dataset_2,dataset_1,1,0.604089219330855,0.4857496902106568,0.5,0.3333333333333333,1345
dataset_2,dataset_1,3,0.8996282527881041,0.8674101610904585,1.0,1.0,1345
dataset_2,dataset_1,5,0.9516728624535316,0.9114002478314746,1.0,1.0,1345
dataset_2,dataset_1,10,0.9925650557620818,0.9776951672862454,1.0,1.0,1345
dataset_2,dataset_3,1,0.6633986928104575,0.49891067538126355,0.5,0.3333333333333333,765
dataset_2,dataset_3,3,0.9575163398692811,0.9313725490196079,1.0,1.0,765
dataset_2,dataset_3,5,0.9771241830065359,0.9509803921568627,1.0,1.0,765
dataset_2,dataset_3,10,1.0,0.9956427015250544,1.0,1.0,765
dataset_3,dataset_1,1,0.6229508196721312,0.4931693989071038,0.5,0.3333333333333333,1220
dataset_3,dataset_1,3,0.9139344262295082,0.8859289617486338,1.0,1.0,1220
dataset_3,dataset_1,5,0.9549180327868853,0.9385245901639344,1.0,1.0,1220
dataset_3,dataset_1,10,0.9979508196721312,0.9972677595628416,1.0,1.0,1220
dataset_3,dataset_2,1,0.6455696202531646,0.5063291139240507,0.5,0.3333333333333333,395
dataset_3,dataset_2,3,0.9493670886075949,0.9451476793248945,1.0,1.0,395
dataset_3,dataset_2,5,0.9810126582278481,0.970464135021097,1.0,1.0,395
dataset_3,dataset_2,10,1.0,1.0,1.0,1.0,395
