method,roc_auc_mean,roc_auc_std,average_precision_mean,average_precision_std,f1_mean,f1_std,precision_at_k_mean,pairwise_win_rate_mean,runs
WR-STV k=1 clip=5.0,0.81050263154786,0.05580441424310839,0.8062801227432759,0.056179340723444784,0.728979976660215,0.053406404110755805,0.728979976660215,0.7771617683871904,15
Max-Z Residual STV,0.797838220516432,0.06737936009172021,0.740946914436697,0.08336645879603122,0.7255448679093168,0.07376282756357797,0.7255448679093168,0.7486544150983079,15
Residual STV + LOF,0.7854030133644708,0.06477677950462457,0.7218027594898716,0.0652632100289418,0.7220295652708761,0.06289622033010109,0.7220295652708761,0.8412768955638866,15
Residual STV + OCSVM,0.7748600829633697,0.06795550640457963,0.7130905783224836,0.07581624755998347,0.7069681946653148,0.0616721988588937,0.7069681946653148,0.8234366689252488,15
Top-3 Residual STV,0.7710041492887068,0.057996247252466125,0.7336112353322028,0.07536869833063814,0.6952205880845405,0.05440310237958087,0.6952205880845405,0.8114056264820912,15
Raw STV + OCSVM,0.7611053656612369,0.023823832844208512,0.7568245452341357,0.04888442315484649,0.675910471851882,0.04417856342029875,0.675910471851882,0.9894290829990929,15
Raw STV + LOF,0.7070609908997264,0.04713609720871076,0.6374917091101681,0.032047935566886794,0.6106055936780862,0.041986993492240714,0.6106055936780862,1.0,15
Enhanced STV + IF,0.6732564167016,0.044188514266601385,0.6267356775630474,0.0459945545061779,0.6495825048833985,0.04355166547456431,0.6495825048833985,0.6602940356564984,15
Baseline STV + IF,0.604064824430708,0.026676526094513438,0.5703595854511082,0.015611508345883499,0.5820655921370916,0.03710467050038912,0.5820655921370916,0.8140291555514991,15
