missing_policy,method,complexity_measure,pearson_mean,pearson_std,runs
sentinel,Max-Z Residual STV,max_span_duration,0.4251894654529699,0.1018402763652478,15
sentinel,Max-Z Residual STV,mean_span_duration,0.30870218772458163,0.13949097175164257,15
sentinel,Max-Z Residual STV,num_observed_stv_features,0.4434683880305339,0.09342598164310077,15
sentinel,Max-Z Residual STV,num_services,0.38265841870194434,0.1478843640572092,15
sentinel,Max-Z Residual STV,num_spans,0.3236289996590187,0.15870923985253443,15
sentinel,Max-Z Residual STV,total_duration,0.38501241977807044,0.11092831273752843,15
sentinel,Raw STV + IF,max_span_duration,0.5698510956459318,0.24148238042363815,15
sentinel,Raw STV + IF,mean_span_duration,0.028033879132364214,0.10941066195399117,15
sentinel,Raw STV + IF,num_observed_stv_features,0.9598973525763754,0.025832868506211686,15
sentinel,Raw STV + IF,num_services,0.8677743807420869,0.24301632454612543,15
sentinel,Raw STV + IF,num_spans,0.8201619151571315,0.26440295110734835,15
sentinel,Raw STV + IF,total_duration,0.7003749074933461,0.23239472414289533,15
sentinel,Raw STV + LOF,max_span_duration,0.6349075825574295,0.15614088795069386,15
sentinel,Raw STV + LOF,mean_span_duration,0.11356445611101623,0.10797132818909287,15
sentinel,Raw STV + LOF,num_observed_stv_features,0.9346373175645473,0.05375931939159672,15
sentinel,Raw STV + LOF,num_services,0.8715940063381246,0.1926409584094722,15
sentinel,Raw STV + LOF,num_spans,0.8050078174724471,0.2373248052562817,15
sentinel,Raw STV + LOF,total_duration,0.7458785512883885,0.14620640568686075,15
sentinel,Raw STV + OCSVM,max_span_duration,0.361795705546842,0.14200249741382417,15
sentinel,Raw STV + OCSVM,mean_span_duration,0.20973967039902425,0.1066606299195206,15
sentinel,Raw STV + OCSVM,num_observed_stv_features,0.5167015717476126,0.1644129736033331,15
sentinel,Raw STV + OCSVM,num_services,0.463816853427163,0.18428217057518356,15
sentinel,Raw STV + OCSVM,num_spans,0.3314451721681484,0.18830084393074212,15
sentinel,Raw STV + OCSVM,total_duration,0.3676200137842342,0.1459559889554765,15
sentinel,Residual STV + IF,max_span_duration,0.5618895141651242,0.24726072845587177,15
sentinel,Residual STV + IF,mean_span_duration,0.03645585863090118,0.11904496534121535,15
sentinel,Residual STV + IF,num_observed_stv_features,0.9288944850671086,0.054176120006744495,15
sentinel,Residual STV + IF,num_services,0.8354968098909633,0.19895820731848216,15
sentinel,Residual STV + IF,num_spans,0.7793805743474618,0.23431816113130938,15
sentinel,Residual STV + IF,total_duration,0.6908517603941718,0.21210111270260618,15
sentinel,Residual STV + LOF,max_span_duration,0.6368985880739813,0.15663534397612808,15
sentinel,Residual STV + LOF,mean_span_duration,0.24610756611463944,0.13421764506594303,15
sentinel,Residual STV + LOF,num_observed_stv_features,0.7686254046869945,0.11557120790877443,15
sentinel,Residual STV + LOF,num_services,0.6986871431276799,0.19591598441662866,15
sentinel,Residual STV + LOF,num_spans,0.6289329058280018,0.2357483574791527,15
sentinel,Residual STV + LOF,total_duration,0.6691493783291558,0.1608684604172758,15
sentinel,Residual STV + OCSVM,max_span_duration,0.36552997361205897,0.10735605052176637,15
sentinel,Residual STV + OCSVM,mean_span_duration,0.2330766746870262,0.12530173016831725,15
sentinel,Residual STV + OCSVM,num_observed_stv_features,0.43672384249073637,0.04000645817999044,15
sentinel,Residual STV + OCSVM,num_services,0.39428520858113836,0.16201367521049823,15
sentinel,Residual STV + OCSVM,num_spans,0.3274771613738546,0.1483137562172352,15
sentinel,Residual STV + OCSVM,total_duration,0.34664048994506796,0.10619374081835675,15
sentinel,WR-STV k=1,max_span_duration,0.33765659853386737,0.09094279650488954,15
sentinel,WR-STV k=1,mean_span_duration,0.26003441147786027,0.13471484572703782,15
sentinel,WR-STV k=1,num_observed_stv_features,0.36806805975089696,0.15292841281195746,15
sentinel,WR-STV k=1,num_services,0.29627386031517244,0.11415765421052716,15
sentinel,WR-STV k=1,num_spans,0.23819869367064778,0.1267710599787967,15
sentinel,WR-STV k=1,total_duration,0.30122191694112066,0.09337174914768137,15
zero,Max-Z Residual STV,max_span_duration,0.4251894654529699,0.1018402763652478,15
zero,Max-Z Residual STV,mean_span_duration,0.30870218772458163,0.13949097175164257,15
zero,Max-Z Residual STV,num_observed_stv_features,0.4434683880305339,0.09342598164310077,15
zero,Max-Z Residual STV,num_services,0.38265841870194434,0.1478843640572092,15
zero,Max-Z Residual STV,num_spans,0.3236289996590187,0.15870923985253443,15
zero,Max-Z Residual STV,total_duration,0.38501241977807044,0.11092831273752843,15
zero,Raw STV + IF,max_span_duration,0.5724234651612405,0.24082434833498553,15
zero,Raw STV + IF,mean_span_duration,0.0298135150980043,0.11030109892312383,15
zero,Raw STV + IF,num_observed_stv_features,0.9602828812647412,0.024503027884685634,15
zero,Raw STV + IF,num_services,0.8676778202428373,0.24306373067809134,15
zero,Raw STV + IF,num_spans,0.820689359407522,0.2650008568878996,15
zero,Raw STV + IF,total_duration,0.7029811059591023,0.23159176077981658,15
zero,Raw STV + LOF,max_span_duration,0.6400890454856778,0.15490299775128513,15
zero,Raw STV + LOF,mean_span_duration,0.12043595955860222,0.10898263248928203,15
zero,Raw STV + LOF,num_observed_stv_features,0.9329720301868559,0.05444940227835127,15
zero,Raw STV + LOF,num_services,0.8702149881849847,0.19279145348345772,15
zero,Raw STV + LOF,num_spans,0.8039223848130763,0.2377753272848027,15
zero,Raw STV + LOF,total_duration,0.7495335479055387,0.14504911301804688,15
zero,Raw STV + OCSVM,max_span_duration,0.37553035907441973,0.14367957075734203,15
zero,Raw STV + OCSVM,mean_span_duration,0.22794088938345775,0.10747111600734785,15
zero,Raw STV + OCSVM,num_observed_stv_features,0.5189864263551274,0.1615601198825181,15
zero,Raw STV + OCSVM,num_services,0.4668994229042443,0.18316495971242244,15
zero,Raw STV + OCSVM,num_spans,0.3364972548822795,0.1881952436130536,15
zero,Raw STV + OCSVM,total_duration,0.3776068428253521,0.146653800396317,15
zero,Residual STV + IF,max_span_duration,0.5618895141651242,0.24726072845587177,15
zero,Residual STV + IF,mean_span_duration,0.03645585863090118,0.11904496534121535,15
zero,Residual STV + IF,num_observed_stv_features,0.9288944850671086,0.054176120006744495,15
zero,Residual STV + IF,num_services,0.8354968098909633,0.19895820731848216,15
zero,Residual STV + IF,num_spans,0.7793805743474618,0.23431816113130938,15
zero,Residual STV + IF,total_duration,0.6908517603941718,0.21210111270260618,15
zero,Residual STV + LOF,max_span_duration,0.6368985880739813,0.15663534397612808,15
zero,Residual STV + LOF,mean_span_duration,0.24610756611463944,0.13421764506594303,15
zero,Residual STV + LOF,num_observed_stv_features,0.7686254046869945,0.11557120790877443,15
zero,Residual STV + LOF,num_services,0.6986871431276799,0.19591598441662866,15
zero,Residual STV + LOF,num_spans,0.6289329058280018,0.2357483574791527,15
zero,Residual STV + LOF,total_duration,0.6691493783291558,0.1608684604172758,15
zero,Residual STV + OCSVM,max_span_duration,0.36552997361205897,0.10735605052176637,15
zero,Residual STV + OCSVM,mean_span_duration,0.2330766746870262,0.12530173016831725,15
zero,Residual STV + OCSVM,num_observed_stv_features,0.43672384249073637,0.04000645817999044,15
zero,Residual STV + OCSVM,num_services,0.39428520858113836,0.16201367521049823,15
zero,Residual STV + OCSVM,num_spans,0.3274771613738546,0.1483137562172352,15
zero,Residual STV + OCSVM,total_duration,0.34664048994506796,0.10619374081835675,15
zero,WR-STV k=1,max_span_duration,0.33765659853386737,0.09094279650488954,15
zero,WR-STV k=1,mean_span_duration,0.26003441147786027,0.13471484572703782,15
zero,WR-STV k=1,num_observed_stv_features,0.36806805975089696,0.15292841281195746,15
zero,WR-STV k=1,num_services,0.29627386031517244,0.11415765421052716,15
zero,WR-STV k=1,num_spans,0.23819869367064778,0.1267710599787967,15
zero,WR-STV k=1,total_duration,0.30122191694112066,0.09337174914768137,15
