method,strategy,mode,magnitude,modified_spans,roc_auc_mean,roc_auc_std,auprc_mean,pairwise_win_rate_mean,runs
Max-Z Residual STV,largest_visible,multiplicative,1.1,1,0.5199152716014558,0.03098922943438255,0.5000747296858,0.157845687910236,15
Max-Z Residual STV,largest_visible,multiplicative,1.1,3,0.5202471435163036,0.030373387983852182,0.5027604831251032,0.3399047688491581,15
Max-Z Residual STV,largest_visible,multiplicative,1.25,1,0.5189049100487533,0.028049311718739724,0.5009344512734147,0.19011323499406912,15
Max-Z Residual STV,largest_visible,multiplicative,1.25,3,0.518616485138141,0.02924794996736774,0.5052654057710647,0.35358721682157623,15
Max-Z Residual STV,largest_visible,multiplicative,1.5,1,0.524853317967331,0.030213011075458766,0.5065917456527971,0.23519031018633793,15
Max-Z Residual STV,largest_visible,multiplicative,1.5,3,0.5253106291165731,0.033295738998357936,0.5128251842258449,0.3827489891769931,15
Max-Z Residual STV,largest_visible,multiplicative,2.0,1,0.5420954703645506,0.02686543095984566,0.5191895012920322,0.33170390053508225,15
Max-Z Residual STV,largest_visible,multiplicative,2.0,3,0.5408788819013304,0.03541566668658153,0.5270100405096436,0.43780789286846883,15
Max-Z Residual STV,largest_visible,multiplicative,3.0,1,0.5782222360512586,0.029846400961262926,0.5401447888851183,0.406113706551641,15
Max-Z Residual STV,largest_visible,multiplicative,3.0,3,0.5779006553443476,0.039610264844322195,0.5512530865967555,0.49232145808511246,15
Max-Z Residual STV,largest_visible,multiplicative,5.0,1,0.634994467099613,0.04389768572832909,0.5768077154195418,0.5208341076335118,15
Max-Z Residual STV,largest_visible,multiplicative,5.0,3,0.6382875277876967,0.049838403949079464,0.5938003915289388,0.5801350466812234,15
Max-Z Residual STV,largest_visible,multiplicative,10.0,1,0.7006432884049971,0.06584781127804427,0.6312833205023157,0.6317030771281019,15
Max-Z Residual STV,largest_visible,multiplicative,10.0,3,0.707223351358257,0.06718166711857942,0.6589774043758371,0.6739630911954646,15
Max-Z Residual STV,largest_visible,multiplicative,20.0,1,0.754676636357718,0.07555957600306207,0.6832476453767181,0.6938088812875307,15
Max-Z Residual STV,largest_visible,multiplicative,20.0,3,0.7670973605038179,0.07249578524070699,0.7131430125854596,0.7359618094583339,15
Max-Z Residual STV,largest_visible,multiplicative,30.0,1,0.7828554053458119,0.0737620582058536,0.7115412468283088,0.7230773255212183,15
Max-Z Residual STV,largest_visible,multiplicative,30.0,3,0.7992313398133344,0.06893582082607533,0.7435803295265305,0.7543088943496093,15
Max-Z Residual STV,random_visible,additive_ms,10.0,1,0.5181579277644558,0.03547696198218799,0.49792909173342065,0.17003588467143577,15
Max-Z Residual STV,random_visible,additive_ms,10.0,3,0.5102361477900844,0.037635572625233406,0.4945269293025172,0.3233042673976139,15
Max-Z Residual STV,random_visible,additive_ms,25.0,1,0.511339088276735,0.03781241185825993,0.4937292532362907,0.18149994361811636,15
Max-Z Residual STV,random_visible,additive_ms,25.0,3,0.4951556568615338,0.04271843337694132,0.4866959372007116,0.3292613771531348,15
Max-Z Residual STV,random_visible,additive_ms,50.0,1,0.5078847017851039,0.03741389735780822,0.49209880701405667,0.2046241778744261,15
Max-Z Residual STV,random_visible,additive_ms,50.0,3,0.4833204852115641,0.04529700887124853,0.48212615810791065,0.360944452766697,15
Max-Z Residual STV,random_visible,additive_ms,100.0,1,0.509710012527773,0.029401750195292627,0.49360962172773853,0.24008322428977838,15
Max-Z Residual STV,random_visible,additive_ms,100.0,3,0.4810050187397277,0.0489964091035744,0.4819381097743597,0.393467750719985,15
Max-Z Residual STV,random_visible,additive_ms,250.0,1,0.5400686413384402,0.031021975534414287,0.5122656867936832,0.31253835009743647,15
Max-Z Residual STV,random_visible,additive_ms,250.0,3,0.5296448673022656,0.05870963018540011,0.5119783071774239,0.44879374581062764,15
Max-Z Residual STV,random_visible,additive_ms,500.0,1,0.5843440603417744,0.04520602115266382,0.5412548107793085,0.4187886565602553,15
Max-Z Residual STV,random_visible,additive_ms,500.0,3,0.5951249382902284,0.06003717628843007,0.5563937484339163,0.5400808324413091,15
Max-Z Residual STV,random_visible,multiplicative,1.1,1,0.5211413327729704,0.031258284610617096,0.5007010816993158,0.1820776958890166,15
Max-Z Residual STV,random_visible,multiplicative,1.1,3,0.5203927570861859,0.030395492083137354,0.5032187810329538,0.3300474332023488,15
Max-Z Residual STV,random_visible,multiplicative,1.25,1,0.5203290167555429,0.028941680160294726,0.5012975008329502,0.20588090029798067,15
Max-Z Residual STV,random_visible,multiplicative,1.25,3,0.5182243717652992,0.028250952009564068,0.504785054179531,0.35105588850077424,15
Max-Z Residual STV,random_visible,multiplicative,1.5,1,0.5282557783026142,0.031922930241366596,0.5068777804164328,0.2481232729534616,15
Max-Z Residual STV,random_visible,multiplicative,1.5,3,0.524750973785019,0.0326079042458608,0.5126480885457564,0.3801719204330922,15
Max-Z Residual STV,random_visible,multiplicative,2.0,1,0.5451301292685252,0.03144832762021196,0.5193697319135671,0.31440730570323416,15
Max-Z Residual STV,random_visible,multiplicative,2.0,3,0.5398305283472419,0.03519184673388814,0.5263161730605065,0.43261519414051686,15
Max-Z Residual STV,random_visible,multiplicative,3.0,1,0.5751752289297716,0.03264287174537113,0.5370036040487826,0.3817455900603865,15
Max-Z Residual STV,random_visible,multiplicative,3.0,3,0.5756764217695646,0.038641834091460776,0.5490546603760037,0.483619987427336,15
Max-Z Residual STV,random_visible,multiplicative,5.0,1,0.6251414650466377,0.04378594777311789,0.571655919376175,0.4807140138907765,15
Max-Z Residual STV,random_visible,multiplicative,5.0,3,0.6348004741112042,0.047822066202054175,0.5899425637065598,0.5719896832727022,15
Max-Z Residual STV,random_visible,multiplicative,10.0,1,0.6861167675179416,0.062264638219278294,0.6234892541090058,0.5859551573881265,15
Max-Z Residual STV,random_visible,multiplicative,10.0,3,0.704435783376322,0.06502012987612049,0.6548120194608147,0.6649245858411698,15
Max-Z Residual STV,random_visible,multiplicative,20.0,1,0.7403775881206552,0.06912682972242323,0.6720522613834414,0.6595805789708471,15
Max-Z Residual STV,random_visible,multiplicative,20.0,3,0.7663077198565372,0.07112350160840604,0.710988781271589,0.7250250335563145,15
Max-Z Residual STV,random_visible,multiplicative,30.0,1,0.769587461083142,0.0684167972471002,0.7005120424540314,0.6930244968536925,15
Max-Z Residual STV,random_visible,multiplicative,30.0,3,0.797838220516432,0.06737936009172021,0.740946914436697,0.7486544150983079,15
Raw STV + IF,largest_visible,multiplicative,1.1,1,0.5287709860146863,0.031692609409622555,0.5035139742585943,0.18641720312127458,15
Raw STV + IF,largest_visible,multiplicative,1.1,3,0.530495557751315,0.031437170698243234,0.5069403561771185,0.27883577891820194,15
Raw STV + IF,largest_visible,multiplicative,1.25,1,0.531958773827213,0.030774870174990393,0.5075684122636939,0.31732174015987324,15
Raw STV + IF,largest_visible,multiplicative,1.25,3,0.5357184038683037,0.0308635631931008,0.5138042396621105,0.46184264659537744,15
Raw STV + IF,largest_visible,multiplicative,1.5,1,0.5363903964956553,0.030786383718007147,0.5119893862834417,0.42849342018458203,15
Raw STV + IF,largest_visible,multiplicative,1.5,3,0.5430801988806093,0.030482507329661724,0.5202411189212077,0.5680526500973373,15
Raw STV + IF,largest_visible,multiplicative,2.0,1,0.5442331446509028,0.03226737419577582,0.5193050671163864,0.5461882678724784,15
Raw STV + IF,largest_visible,multiplicative,2.0,3,0.5535957494931232,0.03075226660235913,0.5299011827718121,0.6593752900525492,15
Raw STV + IF,largest_visible,multiplicative,3.0,1,0.5540238800967033,0.03022741650589122,0.5273543591316213,0.6495565156458901,15
Raw STV + IF,largest_visible,multiplicative,3.0,3,0.567491287150604,0.02709640463798787,0.5405506744849877,0.7332099661344944,15
Raw STV + IF,largest_visible,multiplicative,5.0,1,0.5629387199743487,0.026529292927814228,0.534162630943232,0.7114116581862362,15
Raw STV + IF,largest_visible,multiplicative,5.0,3,0.5805213866949209,0.02405918710154922,0.5541794226180067,0.787968559411459,15
Raw STV + IF,largest_visible,multiplicative,10.0,1,0.5727967693531438,0.02818448965890711,0.5423390287804745,0.7407094940808943,15
Raw STV + IF,largest_visible,multiplicative,10.0,3,0.594060474047109,0.024582624255832918,0.5648094863811867,0.8061242567429261,15
Raw STV + IF,largest_visible,multiplicative,20.0,1,0.5784959842486818,0.02979670061043809,0.5468760557236716,0.75107719655386,15
Raw STV + IF,largest_visible,multiplicative,20.0,3,0.6014555181273606,0.026350114716400492,0.5714187752316252,0.8151341908670608,15
Raw STV + IF,largest_visible,multiplicative,30.0,1,0.5805224223262054,0.030183547925718077,0.5495013494985285,0.7577114745565591,15
Raw STV + IF,largest_visible,multiplicative,30.0,3,0.6047634468810649,0.026706637858618213,0.5742733447517446,0.8184000478171283,15
Raw STV + IF,random_visible,additive_ms,10.0,1,0.5287561356299743,0.031499074410228915,0.5028936827540001,0.13536714791332463,15
Raw STV + IF,random_visible,additive_ms,10.0,3,0.5298789944022404,0.031091488469126186,0.5049185555600921,0.22410981735907257,15
Raw STV + IF,random_visible,additive_ms,25.0,1,0.530374382781205,0.032256631216597505,0.5044985626248661,0.22433059657985177,15
Raw STV + IF,random_visible,additive_ms,25.0,3,0.5329192506770123,0.03101187904806771,0.5075723118211182,0.33780194515844963,15
Raw STV + IF,random_visible,additive_ms,50.0,1,0.5332022219401755,0.031455121719733775,0.5068158304758467,0.3153157812065458,15
Raw STV + IF,random_visible,additive_ms,50.0,3,0.5384959098712251,0.03005039291914476,0.5125966427403161,0.4602534572345893,15
Raw STV + IF,random_visible,additive_ms,100.0,1,0.5381471306553233,0.030592193952223942,0.5107181201772184,0.42140742408865545,15
Raw STV + IF,random_visible,additive_ms,100.0,3,0.5467017694393351,0.02993322319161583,0.5198545935099086,0.5590654466354565,15
Raw STV + IF,random_visible,additive_ms,250.0,1,0.5484732700314262,0.02823510410660793,0.5185798041292548,0.5630009004567097,15
Raw STV + IF,random_visible,additive_ms,250.0,3,0.5644371962851975,0.026064580324553697,0.5349650943165913,0.6770086709053939,15
Raw STV + IF,random_visible,additive_ms,500.0,1,0.5579001368961255,0.027908480516192453,0.5256443475663104,0.6571779435394132,15
Raw STV + IF,random_visible,additive_ms,500.0,3,0.5810542375219294,0.02424786731630804,0.5485692180093639,0.7525278872071326,15
Raw STV + IF,random_visible,multiplicative,1.1,1,0.5284869794562126,0.031988207115080644,0.5029006327585865,0.1534101148768477,15
Raw STV + IF,random_visible,multiplicative,1.1,3,0.5302875580133661,0.0315686511772948,0.505366657855151,0.2601230881002479,15
Raw STV + IF,random_visible,multiplicative,1.25,1,0.5318039598032518,0.0311281535948671,0.5056947843676591,0.287627970176133,15
Raw STV + IF,random_visible,multiplicative,1.25,3,0.5353126550260131,0.030956195909277798,0.5098759547188358,0.4315041846600932,15
Raw STV + IF,random_visible,multiplicative,1.5,1,0.535648971696125,0.030523040505159686,0.5094356923041002,0.392904864086592,15
Raw STV + IF,random_visible,multiplicative,1.5,3,0.5426626911887892,0.030707146460192816,0.5163522028253242,0.5423368812584304,15
Raw STV + IF,random_visible,multiplicative,2.0,1,0.5425479763140133,0.03158968369747762,0.5142052014277942,0.5008090178606563,15
Raw STV + IF,random_visible,multiplicative,2.0,3,0.5530289432261265,0.03091548621936779,0.5243892260977623,0.6331199697356599,15
Raw STV + IF,random_visible,multiplicative,3.0,1,0.5502110328713782,0.0304707205622686,0.5204293954063156,0.5959976098049584,15
Raw STV + IF,random_visible,multiplicative,3.0,3,0.5668501448667577,0.02720959254614852,0.5344934200626695,0.7062118798116812,15
Raw STV + IF,random_visible,multiplicative,5.0,1,0.5572593493572966,0.028379093444509028,0.5251335286121562,0.6528093713634925,15
Raw STV + IF,random_visible,multiplicative,5.0,3,0.5797630940296342,0.02412720046901865,0.5466363081431612,0.7659282872043548,15
Raw STV + IF,random_visible,multiplicative,10.0,1,0.5654080141418053,0.027944386801713336,0.530652039494049,0.6844449998859136,15
Raw STV + IF,random_visible,multiplicative,10.0,3,0.5931537150088899,0.024563050130214426,0.5570680921720478,0.7850286539015436,15
Raw STV + IF,random_visible,multiplicative,20.0,1,0.5698390310251427,0.028367108433914285,0.536421445552394,0.7040358760736118,15
Raw STV + IF,random_visible,multiplicative,20.0,3,0.6005796097140113,0.02637988481534333,0.5668262866934555,0.8048061888459107,15
Raw STV + IF,random_visible,multiplicative,30.0,1,0.5715365303792748,0.02800569799341449,0.5378840828313769,0.7159635032296402,15
Raw STV + IF,random_visible,multiplicative,30.0,3,0.604064824430708,0.026676526094513438,0.5703595854511082,0.8140291555514991,15
WR-STV k=1,largest_visible,multiplicative,1.1,1,0.5190252922319156,0.029306933692833895,0.5037038601565108,0.18251964553156208,15
WR-STV k=1,largest_visible,multiplicative,1.1,3,0.5207837993351165,0.02905189694080913,0.5074144779207305,0.34802979840417775,15
WR-STV k=1,largest_visible,multiplicative,1.25,1,0.5175700388842489,0.02833017105783604,0.5053970911974467,0.23760158643078202,15
WR-STV k=1,largest_visible,multiplicative,1.25,3,0.5185255177687889,0.028484019033239792,0.5085407059892735,0.36101049199063096,15
WR-STV k=1,largest_visible,multiplicative,1.5,1,0.5271483615114507,0.033888724999132105,0.514341138793773,0.29196183459043434,15
WR-STV k=1,largest_visible,multiplicative,1.5,3,0.5239591144880031,0.03643560901084004,0.5162773786990386,0.3896161570967926,15
WR-STV k=1,largest_visible,multiplicative,2.0,1,0.5482359531323013,0.03193418685400073,0.5328447809589199,0.3832455068929746,15
WR-STV k=1,largest_visible,multiplicative,2.0,3,0.5398355164993999,0.04000538882410468,0.5323936719097764,0.4512665394850101,15
WR-STV k=1,largest_visible,multiplicative,3.0,1,0.5913265674204553,0.03316404587090752,0.5679687569910329,0.4615534673866352,15
WR-STV k=1,largest_visible,multiplicative,3.0,3,0.5825874586330824,0.042074362708272146,0.5683313446026195,0.5124342400399997,15
WR-STV k=1,largest_visible,multiplicative,5.0,1,0.6514187360337791,0.040626783351157644,0.6223882904699013,0.5708414653866491,15
WR-STV k=1,largest_visible,multiplicative,5.0,3,0.6458148887527939,0.04827836980129511,0.625076793382933,0.6105312294458273,15
WR-STV k=1,largest_visible,multiplicative,10.0,1,0.7245928111144284,0.05379100757531817,0.7004634144392542,0.681311613246072,15
WR-STV k=1,largest_visible,multiplicative,10.0,3,0.7240251471675737,0.05907144157744581,0.7112098366386796,0.7137780875198949,15
WR-STV k=1,largest_visible,multiplicative,20.0,1,0.7781557102048431,0.05920814042361269,0.7690986188883783,0.73191479721867,15
WR-STV k=1,largest_visible,multiplicative,20.0,3,0.7844438549613858,0.05990570672670795,0.7803177363096409,0.7683776260151632,15
WR-STV k=1,largest_visible,multiplicative,30.0,1,0.8043438414598825,0.0615646759560387,0.7988993360174669,0.7623795046396834,15
WR-STV k=1,largest_visible,multiplicative,30.0,3,0.8141937608950411,0.06085666476414153,0.8116756050241632,0.789316245489036,15
WR-STV k=1,random_visible,additive_ms,10.0,1,0.5172262090807106,0.03481981716306896,0.49850242250653903,0.17532412175709092,15
WR-STV k=1,random_visible,additive_ms,10.0,3,0.5105439920771399,0.03739401278776196,0.4967059776231412,0.32516482788975337,15
WR-STV k=1,random_visible,additive_ms,25.0,1,0.5096481141772987,0.03626486274709498,0.49350686879272465,0.18602376967620257,15
WR-STV k=1,random_visible,additive_ms,25.0,3,0.4965309421259552,0.04096336625269708,0.4865636497104122,0.3338559897566849,15
WR-STV k=1,random_visible,additive_ms,50.0,1,0.5034215967463683,0.03530760387140284,0.49039764210087794,0.2100627908999309,15
WR-STV k=1,random_visible,additive_ms,50.0,3,0.4825174799861301,0.04325598870088976,0.47949909109563993,0.36049674258214476,15
WR-STV k=1,random_visible,additive_ms,100.0,1,0.505301021913417,0.028762196757379697,0.49254632026650746,0.2553801236830035,15
WR-STV k=1,random_visible,additive_ms,100.0,3,0.47782137412970577,0.04601295411866253,0.47916701145084634,0.3929357388721837,15
WR-STV k=1,random_visible,additive_ms,250.0,1,0.5377311776198297,0.033105561958195806,0.5153477174745051,0.3459449226708412,15
WR-STV k=1,random_visible,additive_ms,250.0,3,0.5308751656557074,0.055687954031329215,0.5150627547669767,0.45023826620251645,15
WR-STV k=1,random_visible,additive_ms,500.0,1,0.5869758012628156,0.04737756917792336,0.553248952475539,0.44246453447247885,15
WR-STV k=1,random_visible,additive_ms,500.0,3,0.5991055436732482,0.059841945570315094,0.5716830016965821,0.5480037056620969,15
WR-STV k=1,random_visible,multiplicative,1.1,1,0.5199090949816642,0.02992977727611395,0.5021140910028399,0.1856867349796843,15
WR-STV k=1,random_visible,multiplicative,1.1,3,0.5207511836015366,0.029289900738339546,0.5070750418595045,0.33515241263205514,15
WR-STV k=1,random_visible,multiplicative,1.25,1,0.5175334477177113,0.028558062475693136,0.5024747237185223,0.2223566559226936,15
WR-STV k=1,random_visible,multiplicative,1.25,3,0.5180609268460166,0.028247063356992765,0.5075679845122839,0.3561608679304806,15
WR-STV k=1,random_visible,multiplicative,1.5,1,0.5251571511107697,0.03360411576824847,0.5091793905645116,0.2652312001140203,15
WR-STV k=1,random_visible,multiplicative,1.5,3,0.5232528019833386,0.036381872401615514,0.5150604568597265,0.38350867140142214,15
WR-STV k=1,random_visible,multiplicative,2.0,1,0.5413122062847656,0.030742336832204897,0.5223732724836535,0.34018051164327223,15
WR-STV k=1,random_visible,multiplicative,2.0,3,0.5382591409961602,0.03983554147322899,0.5290592270647101,0.43997108386482764,15
WR-STV k=1,random_visible,multiplicative,3.0,1,0.5761706827996959,0.033189729516459036,0.5490487888393346,0.4045069832517697,15
WR-STV k=1,random_visible,multiplicative,3.0,3,0.5791829206903719,0.04058099313679487,0.562655945541876,0.4978430450714463,15
WR-STV k=1,random_visible,multiplicative,5.0,1,0.6278666629451982,0.038965379076802566,0.5944436931732896,0.5031671780718454,15
WR-STV k=1,random_visible,multiplicative,5.0,3,0.6413491606447624,0.044212537979609376,0.6188287558033317,0.5957943873405641,15
WR-STV k=1,random_visible,multiplicative,10.0,1,0.6949276516006612,0.04739074769798372,0.663968134688259,0.5934325988476932,15
WR-STV k=1,random_visible,multiplicative,10.0,3,0.7191540422156543,0.05474888445960293,0.7040116266209033,0.6941445697632391,15
WR-STV k=1,random_visible,multiplicative,20.0,1,0.7481016909353913,0.05316545957221154,0.7228752772585655,0.6614728095472882,15
WR-STV k=1,random_visible,multiplicative,20.0,3,0.7807506216507922,0.05499597553603908,0.7743198260175921,0.751685896691855,15
WR-STV k=1,random_visible,multiplicative,30.0,1,0.7760091748859385,0.05476430204141275,0.7545116980748002,0.6963202362020634,15
WR-STV k=1,random_visible,multiplicative,30.0,3,0.81050263154786,0.05580441424310839,0.8062801227432759,0.7771617683871904,15
