method,metric,factors,values,monotonic_non_decreasing,absolute_gain_first_to_last,relative_gain_first_to_last
Baseline STV + IF,roc_auc_mean,"[5.0, 10.0, 20.0, 30.0]","[0.5797630940296342, 0.5931537150088899, 0.6005796097140113, 0.604064824430708]",True,0.02430173040107375,0.04191665639177713
Baseline STV + IF,average_precision_mean,"[5.0, 10.0, 20.0, 30.0]","[0.5466363081431612, 0.5570680921720478, 0.5668262866934555, 0.5703595854511082]",True,0.02372327730794699,0.043398649073515226
Baseline STV + IF,f1_mean,"[5.0, 10.0, 20.0, 30.0]","[0.5568733447948939, 0.5734254669527757, 0.5781463600947216, 0.5820655921370916]",True,0.025192247342197716,0.045238737996117336
Enhanced STV + IF,roc_auc_mean,"[5.0, 10.0, 20.0, 30.0]","[0.5874281777629425, 0.6285921078279207, 0.6623192519858528, 0.6732564167016]",True,0.08582823893865743,0.1461084813219388
Enhanced STV + IF,average_precision_mean,"[5.0, 10.0, 20.0, 30.0]","[0.5595020324276997, 0.5890384351003011, 0.6165596185643756, 0.6267356775630474]",True,0.06723364513534769,0.12016693638022806
Enhanced STV + IF,f1_mean,"[5.0, 10.0, 20.0, 30.0]","[0.5642048431541976, 0.5965307945943497, 0.6344312526268833, 0.6495825048833985]",True,0.08537766172920092,0.15132387246429066
Global Residual STV k=1 clip=5.0,roc_auc_mean,"[5.0, 10.0, 20.0, 30.0]","[0.6348004741112042, 0.704435783376322, 0.7663077198565372, 0.797838220516432]",True,0.16303774640522783,0.25683305708537785
Global Residual STV k=1 clip=5.0,average_precision_mean,"[5.0, 10.0, 20.0, 30.0]","[0.5899425637065598, 0.6548120194608147, 0.710988781271589, 0.740946914436697]",True,0.15100435073013718,0.2559644955627366
Global Residual STV k=1 clip=5.0,f1_mean,"[5.0, 10.0, 20.0, 30.0]","[0.5867021836157884, 0.6475833187004985, 0.6972987380047956, 0.7255448679093168]",True,0.13884268429352842,0.2366493395982515
Global Weighted Residual STV k=1 clip=5.0,roc_auc_mean,"[5.0, 10.0, 20.0, 30.0]","[0.6413491606447624, 0.7191540422156543, 0.7807506216507922, 0.81050263154786]",True,0.1691534709030975,0.2637463043267162
Global Weighted Residual STV k=1 clip=5.0,average_precision_mean,"[5.0, 10.0, 20.0, 30.0]","[0.6188287558033317, 0.7040116266209033, 0.7743198260175921, 0.8062801227432759]",True,0.18745136693994413,0.3029131487217403
Global Weighted Residual STV k=1 clip=5.0,f1_mean,"[5.0, 10.0, 20.0, 30.0]","[0.5984383114402975, 0.6526605823835218, 0.7089514153506209, 0.728979976660215]",True,0.1305416652199175,0.2181372126823482
Request-Aware Weighted Residual STV k=1 clip=5.0,roc_auc_mean,"[5.0, 10.0, 20.0, 30.0]","[0.6351435055044364, 0.7124626325773328, 0.7753686580528155, 0.8053734987559792]",True,0.17022999325154275,0.26801815932345024
Request-Aware Weighted Residual STV k=1 clip=5.0,average_precision_mean,"[5.0, 10.0, 20.0, 30.0]","[0.6124584386526439, 0.6931394935914249, 0.7636410327083418, 0.7953112426751779]",True,0.182852804022534,0.29855544879876994
Request-Aware Weighted Residual STV k=1 clip=5.0,f1_mean,"[5.0, 10.0, 20.0, 30.0]","[0.598815790300398, 0.6503362466728901, 0.700928742889021, 0.7282962777044207]",True,0.12948048740402274,0.21622757699670614
