method,roc_auc,average_precision,precision_at_k,precision,recall,f1,dataset,random_seed,injection_strategy,injection_factor,pairwise_win_rate,num_train_traces,num_test_normal,num_test_injected,stv_vocab_size
Baseline STV + IF,0.5540720221606649,0.5404999293048682,0.5368421052631579,0.5368421052631579,0.5368421052631579,0.5368421052631579,dataset_1,0,random_visible,5.0,0.8526315789473684,174,95,95,150
Enhanced STV + IF,0.616842105263158,0.5936291606186135,0.5684210526315789,0.5684210526315789,0.5684210526315789,0.5684210526315789,dataset_1,0,random_visible,5.0,0.6210526315789474,174,95,95,150
Global Residual STV k=1 clip=5.0,0.7152908587257618,0.6638265586921182,0.6526315789473685,0.6526315789473685,0.6526315789473685,0.6526315789473685,dataset_1,0,random_visible,5.0,0.7473684210526316,174,95,95,150
Global Weighted Residual STV k=1 clip=5.0,0.69606648199446,0.6796609145706192,0.6105263157894737,0.6105263157894737,0.6105263157894737,0.6105263157894737,dataset_1,0,random_visible,5.0,0.7684210526315789,174,95,95,150
Request-Aware Weighted Residual STV k=1 clip=5.0,0.6954570637119114,0.6596704046868129,0.6210526315789474,0.6210526315789474,0.6210526315789474,0.6210526315789474,dataset_1,0,random_visible,5.0,0.7473684210526316,174,95,95,150
Baseline STV + IF,0.6019585253456221,0.5543796352712136,0.5357142857142857,0.5357142857142857,0.5357142857142857,0.5357142857142857,dataset_2,0,random_visible,5.0,0.8214285714285714,55,31,28,162
Enhanced STV + IF,0.538594470046083,0.5197996774401439,0.5,0.5,0.5,0.5,dataset_2,0,random_visible,5.0,0.35714285714285715,55,31,28,162
Global Residual STV k=1 clip=5.0,0.5587557603686636,0.5368477025865591,0.5,0.5,0.5,0.5,dataset_2,0,random_visible,5.0,0.39285714285714285,55,31,28,162
Global Weighted Residual STV k=1 clip=5.0,0.5794930875576036,0.5434077013791713,0.5357142857142857,0.5357142857142857,0.5357142857142857,0.5357142857142857,dataset_2,0,random_visible,5.0,0.42857142857142855,55,31,28,162
Request-Aware Weighted Residual STV k=1 clip=5.0,0.5748847926267281,0.5411573582454918,0.5357142857142857,0.5357142857142857,0.5357142857142857,0.5357142857142857,dataset_2,0,random_visible,5.0,0.39285714285714285,55,31,28,162
Baseline STV + IF,0.5655293367346939,0.5503847835304816,0.5535714285714286,0.5535714285714286,0.5535714285714286,0.5535714285714286,dataset_3,0,random_visible,5.0,0.7678571428571429,104,56,56,181
Enhanced STV + IF,0.5478316326530612,0.5285301735141835,0.5714285714285714,0.5714285714285714,0.5714285714285714,0.5714285714285714,dataset_3,0,random_visible,5.0,0.39285714285714285,104,56,56,181
Global Residual STV k=1 clip=5.0,0.5750956632653063,0.5546410445235241,0.6071428571428571,0.6071428571428571,0.6071428571428571,0.6071428571428571,dataset_3,0,random_visible,5.0,0.5357142857142857,104,56,56,181
Global Weighted Residual STV k=1 clip=5.0,0.5747767857142857,0.5773743799550256,0.625,0.625,0.625,0.625,dataset_3,0,random_visible,5.0,0.5535714285714286,104,56,56,181
Request-Aware Weighted Residual STV k=1 clip=5.0,0.5623405612244898,0.5720214806200112,0.625,0.625,0.625,0.625,dataset_3,0,random_visible,5.0,0.5535714285714286,104,56,56,181
Baseline STV + IF,0.5581717451523546,0.5494354417548932,0.5789473684210527,0.5789473684210527,0.5789473684210527,0.5789473684210527,dataset_1,1,random_visible,5.0,0.8736842105263158,174,95,95,150
Enhanced STV + IF,0.6267590027700831,0.603121504575341,0.5789473684210527,0.5789473684210527,0.5789473684210527,0.5789473684210527,dataset_1,1,random_visible,5.0,0.6736842105263158,174,95,95,150
Global Residual STV k=1 clip=5.0,0.6741828254847646,0.6487107969466255,0.6105263157894737,0.6105263157894737,0.6105263157894737,0.6105263157894737,dataset_1,1,random_visible,5.0,0.7052631578947368,174,95,95,150
Global Weighted Residual STV k=1 clip=5.0,0.6959002770083101,0.6528248948255627,0.6421052631578947,0.6421052631578947,0.6421052631578947,0.6421052631578947,dataset_1,1,random_visible,5.0,0.7368421052631579,174,95,95,150
Request-Aware Weighted Residual STV k=1 clip=5.0,0.6858171745152355,0.633420769704856,0.6421052631578947,0.6421052631578947,0.6421052631578947,0.6421052631578947,dataset_1,1,random_visible,5.0,0.7263157894736842,174,95,95,150
Baseline STV + IF,0.5720046082949308,0.519665370328848,0.5,0.5,0.5,0.5,dataset_2,1,random_visible,5.0,0.5,55,31,28,182
Enhanced STV + IF,0.5547235023041475,0.5248757895619728,0.5357142857142857,0.5357142857142857,0.5357142857142857,0.5357142857142857,dataset_2,1,random_visible,5.0,0.2857142857142857,55,31,28,182
Global Residual STV k=1 clip=5.0,0.597926267281106,0.530619884728659,0.5714285714285714,0.5714285714285714,0.5714285714285714,0.5714285714285714,dataset_2,1,random_visible,5.0,0.42857142857142855,55,31,28,182
Global Weighted Residual STV k=1 clip=5.0,0.631336405529954,0.5863749020955621,0.6071428571428571,0.6071428571428571,0.6071428571428571,0.6071428571428571,dataset_2,1,random_visible,5.0,0.5357142857142857,55,31,28,182
Request-Aware Weighted Residual STV k=1 clip=5.0,0.6232718894009217,0.5836968385078795,0.6071428571428571,0.6071428571428571,0.6071428571428571,0.6071428571428571,dataset_2,1,random_visible,5.0,0.5357142857142857,55,31,28,182
Baseline STV + IF,0.5704177897574123,0.5380689896764996,0.5283018867924528,0.5283018867924528,0.5283018867924528,0.5283018867924528,dataset_3,1,random_visible,5.0,0.7924528301886793,104,56,53,180
Enhanced STV + IF,0.6170822102425876,0.5986408790390891,0.5849056603773585,0.5849056603773585,0.5849056603773585,0.5849056603773585,dataset_3,1,random_visible,5.0,0.4528301886792453,104,56,53,180
Global Residual STV k=1 clip=5.0,0.6898584905660377,0.6346822138267204,0.5849056603773585,0.5849056603773585,0.5849056603773585,0.5849056603773585,dataset_3,1,random_visible,5.0,0.6981132075471698,104,56,53,180
Global Weighted Residual STV k=1 clip=5.0,0.6890161725067385,0.680859543069792,0.6226415094339622,0.6226415094339622,0.6226415094339622,0.6226415094339622,dataset_3,1,random_visible,5.0,0.6981132075471698,104,56,53,180
Request-Aware Weighted Residual STV k=1 clip=5.0,0.6623989218328841,0.6693182243246739,0.6226415094339622,0.6226415094339622,0.6226415094339622,0.6226415094339622,dataset_3,1,random_visible,5.0,0.660377358490566,104,56,53,180
Baseline STV + IF,0.5742936288088643,0.5552332362967051,0.6,0.6,0.6,0.6,dataset_1,2,random_visible,5.0,0.8421052631578947,174,95,95,150
Enhanced STV + IF,0.6016620498614959,0.6200884996842032,0.5789473684210527,0.5789473684210527,0.5789473684210527,0.5789473684210527,dataset_1,2,random_visible,5.0,0.6210526315789474,174,95,95,150
Global Residual STV k=1 clip=5.0,0.654792243767313,0.6055763756423531,0.6526315789473685,0.6526315789473685,0.6526315789473685,0.6526315789473685,dataset_1,2,random_visible,5.0,0.6210526315789474,174,95,95,150
Global Weighted Residual STV k=1 clip=5.0,0.653573407202216,0.64199792546356,0.6421052631578947,0.6421052631578947,0.6421052631578947,0.6421052631578947,dataset_1,2,random_visible,5.0,0.6421052631578947,174,95,95,150
Request-Aware Weighted Residual STV k=1 clip=5.0,0.6621052631578948,0.6365129828471411,0.6421052631578947,0.6421052631578947,0.6421052631578947,0.6421052631578947,dataset_1,2,random_visible,5.0,0.631578947368421,174,95,95,150
Baseline STV + IF,0.6234491315136477,0.5699015948946824,0.5384615384615384,0.5384615384615384,0.5384615384615384,0.5384615384615384,dataset_2,2,random_visible,5.0,0.6538461538461539,55,31,26,181
Enhanced STV + IF,0.5471464019851117,0.5049102026182645,0.5,0.5,0.5,0.5,dataset_2,2,random_visible,5.0,0.3076923076923077,55,31,26,181
Global Residual STV k=1 clip=5.0,0.5930521091811414,0.5272747274357776,0.5384615384615384,0.5384615384615384,0.5384615384615384,0.5384615384615384,dataset_2,2,random_visible,5.0,0.46153846153846156,55,31,26,181
Global Weighted Residual STV k=1 clip=5.0,0.6066997518610422,0.5385648188490779,0.5769230769230769,0.5769230769230769,0.5769230769230769,0.5769230769230769,dataset_2,2,random_visible,5.0,0.5,55,31,26,181
Request-Aware Weighted Residual STV k=1 clip=5.0,0.6004962779156326,0.5246025399931821,0.5769230769230769,0.5769230769230769,0.5769230769230769,0.5769230769230769,dataset_2,2,random_visible,5.0,0.46153846153846156,55,31,26,181
Baseline STV + IF,0.5891233766233767,0.558548328403843,0.6,0.6,0.6,0.6,dataset_3,2,random_visible,5.0,0.8545454545454545,104,56,55,178
Enhanced STV + IF,0.5961038961038961,0.568517152875255,0.5636363636363636,0.5636363636363636,0.5636363636363636,0.5636363636363636,dataset_3,2,random_visible,5.0,0.6,104,56,55,178
Global Residual STV k=1 clip=5.0,0.6402597402597403,0.6647037341109332,0.5636363636363636,0.5636363636363636,0.5636363636363636,0.5636363636363636,dataset_3,2,random_visible,5.0,0.6545454545454545,104,56,55,178
Global Weighted Residual STV k=1 clip=5.0,0.6344155844155844,0.6909459668341609,0.5636363636363636,0.5636363636363636,0.5636363636363636,0.5636363636363636,dataset_3,2,random_visible,5.0,0.6363636363636364,104,56,55,178
Request-Aware Weighted Residual STV k=1 clip=5.0,0.6207792207792208,0.6825022193192872,0.5454545454545454,0.5454545454545454,0.5454545454545454,0.5454545454545454,dataset_3,2,random_visible,5.0,0.6363636363636364,104,56,55,178
Baseline STV + IF,0.555180055401662,0.545692779384632,0.5578947368421052,0.5578947368421052,0.5578947368421052,0.5578947368421052,dataset_1,3,random_visible,5.0,0.8842105263157894,174,95,95,137
Enhanced STV + IF,0.599168975069252,0.5658666162345724,0.5684210526315789,0.5684210526315789,0.5684210526315789,0.5684210526315789,dataset_1,3,random_visible,5.0,0.6105263157894737,174,95,95,137
Global Residual STV k=1 clip=5.0,0.6534072022160665,0.589047173141749,0.6526315789473685,0.6526315789473685,0.6526315789473685,0.6526315789473685,dataset_1,3,random_visible,5.0,0.5578947368421052,174,95,95,137
Global Weighted Residual STV k=1 clip=5.0,0.6612742382271468,0.634902955430272,0.6105263157894737,0.6105263157894737,0.6105263157894737,0.6105263157894737,dataset_1,3,random_visible,5.0,0.5684210526315789,174,95,95,137
Request-Aware Weighted Residual STV k=1 clip=5.0,0.6562326869806094,0.6196146609718409,0.6421052631578947,0.6421052631578947,0.6421052631578947,0.6421052631578947,dataset_1,3,random_visible,5.0,0.5578947368421052,174,95,95,137
Baseline STV + IF,0.5875576036866359,0.5419032030827232,0.5714285714285714,0.5714285714285714,0.5714285714285714,0.5714285714285714,dataset_2,3,random_visible,5.0,0.7142857142857143,55,31,28,136
Enhanced STV + IF,0.5501152073732719,0.5178551370979522,0.5714285714285714,0.5714285714285714,0.5714285714285714,0.5714285714285714,dataset_2,3,random_visible,5.0,0.32142857142857145,55,31,28,136
Global Residual STV k=1 clip=5.0,0.5685483870967742,0.5489457034055306,0.5357142857142857,0.5357142857142857,0.5357142857142857,0.5357142857142857,dataset_2,3,random_visible,5.0,0.4642857142857143,55,31,28,136
Global Weighted Residual STV k=1 clip=5.0,0.564516129032258,0.5790810948187457,0.5357142857142857,0.5357142857142857,0.5357142857142857,0.5357142857142857,dataset_2,3,random_visible,5.0,0.4642857142857143,55,31,28,136
Request-Aware Weighted Residual STV k=1 clip=5.0,0.5679723502304147,0.5799695971075218,0.5357142857142857,0.5357142857142857,0.5357142857142857,0.5357142857142857,dataset_2,3,random_visible,5.0,0.4642857142857143,55,31,28,136
Baseline STV + IF,0.5636363636363636,0.5451620414291389,0.5636363636363636,0.5636363636363636,0.5636363636363636,0.5636363636363636,dataset_3,3,random_visible,5.0,0.8,104,56,55,176
Enhanced STV + IF,0.5816558441558441,0.5519730359432591,0.5818181818181818,0.5818181818181818,0.5818181818181818,0.5818181818181818,dataset_3,3,random_visible,5.0,0.5818181818181818,104,56,55,176
Global Residual STV k=1 clip=5.0,0.661525974025974,0.6334777096706294,0.6363636363636364,0.6363636363636364,0.6363636363636364,0.6363636363636364,dataset_3,3,random_visible,5.0,0.6181818181818182,104,56,55,176
Global Weighted Residual STV k=1 clip=5.0,0.6331168831168832,0.6474155927073088,0.5818181818181818,0.5818181818181818,0.5818181818181818,0.5818181818181818,dataset_3,3,random_visible,5.0,0.6363636363636364,104,56,55,176
Request-Aware Weighted Residual STV k=1 clip=5.0,0.6116883116883116,0.6238392808247073,0.5636363636363636,0.5636363636363636,0.5636363636363636,0.5636363636363636,dataset_3,3,random_visible,5.0,0.5818181818181818,104,56,55,176
Baseline STV + IF,0.5690858725761773,0.5417636001872328,0.6,0.6,0.6,0.6,dataset_1,4,random_visible,5.0,0.8526315789473684,174,95,95,136
Enhanced STV + IF,0.5798337950138504,0.5529950128228286,0.5578947368421052,0.5578947368421052,0.5578947368421052,0.5578947368421052,dataset_1,4,random_visible,5.0,0.6842105263157895,174,95,95,136
Global Residual STV k=1 clip=5.0,0.6182825484764544,0.5575020123847205,0.5684210526315789,0.5684210526315789,0.5684210526315789,0.5684210526315789,dataset_1,4,random_visible,5.0,0.5684210526315789,174,95,95,136
Global Weighted Residual STV k=1 clip=5.0,0.6582271468144044,0.6389905517744172,0.5789473684210527,0.5789473684210527,0.5789473684210527,0.5789473684210527,dataset_1,4,random_visible,5.0,0.6421052631578947,174,95,95,136
Request-Aware Weighted Residual STV k=1 clip=5.0,0.657617728531856,0.6377626993403243,0.6,0.6,0.6,0.6,dataset_1,4,random_visible,5.0,0.6210526315789474,174,95,95,136
Baseline STV + IF,0.635483870967742,0.5491314734457149,0.56,0.56,0.56,0.56,dataset_2,4,random_visible,5.0,0.6,55,31,25,132
Enhanced STV + IF,0.6167741935483871,0.5560715880715881,0.56,0.56,0.56,0.56,dataset_2,4,random_visible,5.0,0.4,55,31,25,132
Global Residual STV k=1 clip=5.0,0.6832258064516129,0.5569417199294915,0.56,0.56,0.56,0.56,dataset_2,4,random_visible,5.0,0.56,55,31,25,132
Global Weighted Residual STV k=1 clip=5.0,0.6929032258064516,0.5775132586179738,0.64,0.64,0.64,0.64,dataset_2,4,random_visible,5.0,0.56,55,31,25,132
Request-Aware Weighted Residual STV k=1 clip=5.0,0.695483870967742,0.5780711249992034,0.6,0.6,0.6,0.6,dataset_2,4,random_visible,5.0,0.56,55,31,25,132
Baseline STV + IF,0.5764824797843666,0.53977421515594,0.5283018867924528,0.5283018867924528,0.5283018867924528,0.5283018867924528,dataset_3,4,random_visible,5.0,0.6792452830188679,104,56,53,175
Enhanced STV + IF,0.6371293800539084,0.5856560563182289,0.6415094339622641,0.6415094339622641,0.6415094339622641,0.6415094339622641,dataset_3,4,random_visible,5.0,0.5471698113207547,104,56,53,175
Global Residual STV k=1 clip=5.0,0.6378032345013476,0.596341098573007,0.5660377358490566,0.5660377358490566,0.5660377358490566,0.5660377358490566,dataset_3,4,random_visible,5.0,0.5660377358490566,104,56,53,175
Global Weighted Residual STV k=1 clip=5.0,0.6489218328840971,0.6125168366587279,0.6037735849056604,0.6037735849056604,0.6037735849056604,0.6037735849056604,dataset_3,4,random_visible,5.0,0.5660377358490566,104,56,53,175
Request-Aware Weighted Residual STV k=1 clip=5.0,0.6506064690026954,0.6447163982967261,0.6226415094339622,0.6226415094339622,0.6226415094339622,0.6226415094339622,dataset_3,4,random_visible,5.0,0.5849056603773585,104,56,53,175
Baseline STV + IF,0.5669806094182824,0.549150173605363,0.5473684210526316,0.5473684210526316,0.5473684210526316,0.5473684210526316,dataset_1,0,random_visible,10.0,0.8526315789473684,174,95,95,150
Enhanced STV + IF,0.654792243767313,0.6245824737819405,0.631578947368421,0.631578947368421,0.631578947368421,0.631578947368421,dataset_1,0,random_visible,10.0,0.6842105263157895,174,95,95,150
Global Residual STV k=1 clip=5.0,0.8002216066481993,0.7489512457673089,0.7578947368421053,0.7578947368421053,0.7578947368421053,0.7578947368421053,dataset_1,0,random_visible,10.0,0.8105263157894737,174,95,95,150
Global Weighted Residual STV k=1 clip=5.0,0.7749584487534625,0.7766540394213319,0.7052631578947368,0.7052631578947368,0.7052631578947368,0.7052631578947368,dataset_1,0,random_visible,10.0,0.8105263157894737,174,95,95,150
Request-Aware Weighted Residual STV k=1 clip=5.0,0.7728531855955679,0.7576699900784365,0.7052631578947368,0.7052631578947368,0.7052631578947368,0.7052631578947368,dataset_1,0,random_visible,10.0,0.7894736842105263,174,95,95,150
Baseline STV + IF,0.625,0.5674882073921037,0.6071428571428571,0.6071428571428571,0.6071428571428571,0.6071428571428571,dataset_2,0,random_visible,10.0,0.8214285714285714,55,31,28,162
Enhanced STV + IF,0.5817972350230414,0.5668099747611474,0.5,0.5,0.5,0.5,dataset_2,0,random_visible,10.0,0.5,55,31,28,162
Global Residual STV k=1 clip=5.0,0.5599078341013826,0.5621609568929615,0.5,0.5,0.5,0.5,dataset_2,0,random_visible,10.0,0.39285714285714285,55,31,28,162
Global Weighted Residual STV k=1 clip=5.0,0.6071428571428571,0.6215365123989556,0.5714285714285714,0.5714285714285714,0.5714285714285714,0.5714285714285714,dataset_2,0,random_visible,10.0,0.4642857142857143,55,31,28,162
Request-Aware Weighted Residual STV k=1 clip=5.0,0.6013824884792626,0.6118627318218136,0.5714285714285714,0.5714285714285714,0.5714285714285714,0.5714285714285714,dataset_2,0,random_visible,10.0,0.4642857142857143,55,31,28,162
Baseline STV + IF,0.578125,0.5628629529476039,0.5714285714285714,0.5714285714285714,0.5714285714285714,0.5714285714285714,dataset_3,0,random_visible,10.0,0.8035714285714286,104,56,56,181
Enhanced STV + IF,0.5996492346938775,0.5595592218537682,0.6071428571428571,0.6071428571428571,0.6071428571428571,0.6071428571428571,dataset_3,0,random_visible,10.0,0.5,104,56,56,181
Global Residual STV k=1 clip=5.0,0.6532206632653061,0.6081683150090874,0.6607142857142857,0.6607142857142857,0.6607142857142857,0.6607142857142857,dataset_3,0,random_visible,10.0,0.5892857142857143,104,56,56,181
Global Weighted Residual STV k=1 clip=5.0,0.6694834183673469,0.6661133373750819,0.625,0.625,0.625,0.625,dataset_3,0,random_visible,10.0,0.6785714285714286,104,56,56,181
Request-Aware Weighted Residual STV k=1 clip=5.0,0.6484375,0.6585382475734918,0.625,0.625,0.625,0.625,dataset_3,0,random_visible,10.0,0.625,104,56,56,181
Baseline STV + IF,0.5755678670360111,0.5640307994890572,0.5894736842105263,0.5894736842105263,0.5894736842105263,0.5894736842105263,dataset_1,1,random_visible,10.0,0.9052631578947369,174,95,95,150
Enhanced STV + IF,0.6662049861495846,0.6395080872370906,0.6421052631578947,0.6421052631578947,0.6421052631578947,0.6421052631578947,dataset_1,1,random_visible,10.0,0.7263157894736842,174,95,95,150
Global Residual STV k=1 clip=5.0,0.7488642659279778,0.7298704583755451,0.7368421052631579,0.7368421052631579,0.7368421052631579,0.7368421052631579,dataset_1,1,random_visible,10.0,0.7684210526315789,174,95,95,150
Global Weighted Residual STV k=1 clip=5.0,0.7534626038781163,0.7295501649880993,0.7052631578947368,0.7052631578947368,0.7052631578947368,0.7052631578947368,dataset_1,1,random_visible,10.0,0.8,174,95,95,150
Request-Aware Weighted Residual STV k=1 clip=5.0,0.7473684210526317,0.7034372434838569,0.7157894736842105,0.7157894736842105,0.7157894736842105,0.7157894736842105,dataset_1,1,random_visible,10.0,0.7789473684210526,174,95,95,150
Baseline STV + IF,0.5783410138248848,0.5260977421083636,0.5,0.5,0.5,0.5,dataset_2,1,random_visible,10.0,0.5714285714285714,55,31,28,182
Enhanced STV + IF,0.5697004608294931,0.5289902925585992,0.5714285714285714,0.5714285714285714,0.5714285714285714,0.5714285714285714,dataset_2,1,random_visible,10.0,0.32142857142857145,55,31,28,182
Global Residual STV k=1 clip=5.0,0.6474654377880185,0.5751514989772849,0.6071428571428571,0.6071428571428571,0.6071428571428571,0.6071428571428571,dataset_2,1,random_visible,10.0,0.5,55,31,28,182
Global Weighted Residual STV k=1 clip=5.0,0.6716589861751151,0.6273101184707018,0.6071428571428571,0.6071428571428571,0.6071428571428571,0.6071428571428571,dataset_2,1,random_visible,10.0,0.5714285714285714,55,31,28,182
Request-Aware Weighted Residual STV k=1 clip=5.0,0.6670506912442397,0.6256191011546846,0.6071428571428571,0.6071428571428571,0.6071428571428571,0.6071428571428571,dataset_2,1,random_visible,10.0,0.5714285714285714,55,31,28,182
Baseline STV + IF,0.5889487870619946,0.5504875662905581,0.5660377358490566,0.5660377358490566,0.5660377358490566,0.5660377358490566,dataset_3,1,random_visible,10.0,0.7924528301886793,104,56,53,180
Enhanced STV + IF,0.6436994609164419,0.6285057235919868,0.6037735849056604,0.6037735849056604,0.6037735849056604,0.6037735849056604,dataset_3,1,random_visible,10.0,0.5283018867924528,104,56,53,180
Global Residual STV k=1 clip=5.0,0.7789757412398922,0.7286879032177072,0.7169811320754716,0.7169811320754716,0.7169811320754716,0.7169811320754716,dataset_3,1,random_visible,10.0,0.7547169811320755,104,56,53,180
Global Weighted Residual STV k=1 clip=5.0,0.7973382749326146,0.7949143902359586,0.7358490566037735,0.7358490566037735,0.7358490566037735,0.7358490566037735,dataset_3,1,random_visible,10.0,0.7735849056603774,104,56,53,180
Request-Aware Weighted Residual STV k=1 clip=5.0,0.7852088948787064,0.7869306690892122,0.6981132075471698,0.6981132075471698,0.6981132075471698,0.6981132075471698,dataset_3,1,random_visible,10.0,0.7735849056603774,104,56,53,180
Baseline STV + IF,0.5957894736842105,0.5719087905290978,0.631578947368421,0.631578947368421,0.631578947368421,0.631578947368421,dataset_1,2,random_visible,10.0,0.8631578947368421,174,95,95,150
Enhanced STV + IF,0.6581717451523545,0.6638493345844886,0.631578947368421,0.631578947368421,0.631578947368421,0.631578947368421,dataset_1,2,random_visible,10.0,0.7263157894736842,174,95,95,150
Global Residual STV k=1 clip=5.0,0.7427146814404433,0.6751294347015,0.7263157894736842,0.7263157894736842,0.7263157894736842,0.7263157894736842,dataset_1,2,random_visible,10.0,0.7263157894736842,174,95,95,150
Global Weighted Residual STV k=1 clip=5.0,0.754792243767313,0.7484352240240668,0.7052631578947368,0.7052631578947368,0.7052631578947368,0.7052631578947368,dataset_1,2,random_visible,10.0,0.7578947368421053,174,95,95,150
Request-Aware Weighted Residual STV k=1 clip=5.0,0.76398891966759,0.7333158702194145,0.6947368421052632,0.6947368421052632,0.6947368421052632,0.6947368421052632,dataset_1,2,random_visible,10.0,0.7368421052631579,174,95,95,150
Baseline STV + IF,0.6321339950372209,0.5756752441380182,0.5384615384615384,0.5384615384615384,0.5384615384615384,0.5384615384615384,dataset_2,2,random_visible,10.0,0.6538461538461539,55,31,26,181
Enhanced STV + IF,0.6048387096774194,0.5370426092935086,0.5384615384615384,0.5384615384615384,0.5384615384615384,0.5384615384615384,dataset_2,2,random_visible,10.0,0.5,55,31,26,181
Global Residual STV k=1 clip=5.0,0.6612903225806451,0.5814713056125325,0.5384615384615384,0.5384615384615384,0.5384615384615384,0.5384615384615384,dataset_2,2,random_visible,10.0,0.6538461538461539,55,31,26,181
Global Weighted Residual STV k=1 clip=5.0,0.6681141439205955,0.6137516813684427,0.5769230769230769,0.5769230769230769,0.5769230769230769,0.5769230769230769,dataset_2,2,random_visible,10.0,0.6538461538461539,55,31,26,181
Request-Aware Weighted Residual STV k=1 clip=5.0,0.6581885856079405,0.5768675867975587,0.5769230769230769,0.5769230769230769,0.5769230769230769,0.5769230769230769,dataset_2,2,random_visible,10.0,0.6153846153846154,55,31,26,181
Baseline STV + IF,0.6185064935064936,0.5779091149889727,0.6181818181818182,0.6181818181818182,0.6181818181818182,0.6181818181818182,dataset_3,2,random_visible,10.0,0.8727272727272727,104,56,55,178
Enhanced STV + IF,0.6931818181818181,0.6283696892749997,0.6727272727272727,0.6727272727272727,0.6727272727272727,0.6727272727272727,dataset_3,2,random_visible,10.0,0.7090909090909091,104,56,55,178
Global Residual STV k=1 clip=5.0,0.7387987012987014,0.7611112749315254,0.6363636363636364,0.6363636363636364,0.6363636363636364,0.6363636363636364,dataset_3,2,random_visible,10.0,0.7636363636363637,104,56,55,178
Global Weighted Residual STV k=1 clip=5.0,0.7193181818181819,0.7673554889835259,0.6363636363636364,0.6363636363636364,0.6363636363636364,0.6363636363636364,dataset_3,2,random_visible,10.0,0.7636363636363637,104,56,55,178
Request-Aware Weighted Residual STV k=1 clip=5.0,0.7105519480519481,0.7602547560309061,0.6363636363636364,0.6363636363636364,0.6363636363636364,0.6363636363636364,dataset_3,2,random_visible,10.0,0.7636363636363637,104,56,55,178
Baseline STV + IF,0.5658725761772853,0.5532231558743803,0.5578947368421052,0.5578947368421052,0.5578947368421052,0.5578947368421052,dataset_1,3,random_visible,10.0,0.8842105263157894,174,95,95,137
Enhanced STV + IF,0.6391135734072022,0.5875466196997594,0.6,0.6,0.6,0.6,dataset_1,3,random_visible,10.0,0.6631578947368421,174,95,95,137
Global Residual STV k=1 clip=5.0,0.7232686980609419,0.6426742755865195,0.7052631578947368,0.7052631578947368,0.7052631578947368,0.7052631578947368,dataset_1,3,random_visible,10.0,0.7052631578947368,174,95,95,137
Global Weighted Residual STV k=1 clip=5.0,0.7571745152354571,0.745480283349581,0.7052631578947368,0.7052631578947368,0.7052631578947368,0.7052631578947368,dataset_1,3,random_visible,10.0,0.7052631578947368,174,95,95,137
Request-Aware Weighted Residual STV k=1 clip=5.0,0.7545152354570638,0.7272551569212115,0.7157894736842105,0.7157894736842105,0.7157894736842105,0.7157894736842105,dataset_1,3,random_visible,10.0,0.6842105263157895,174,95,95,137
Baseline STV + IF,0.5915898617511521,0.5538018143116916,0.5714285714285714,0.5714285714285714,0.5714285714285714,0.5714285714285714,dataset_2,3,random_visible,10.0,0.7142857142857143,55,31,28,136
Enhanced STV + IF,0.5472350230414746,0.5197946991369432,0.5,0.5,0.5,0.5,dataset_2,3,random_visible,10.0,0.35714285714285715,55,31,28,136
Global Residual STV k=1 clip=5.0,0.6152073732718893,0.5927667553237135,0.5714285714285714,0.5714285714285714,0.5714285714285714,0.5714285714285714,dataset_2,3,random_visible,10.0,0.5714285714285714,55,31,28,136
Global Weighted Residual STV k=1 clip=5.0,0.6514976958525346,0.6423201841530191,0.6071428571428571,0.6071428571428571,0.6071428571428571,0.6071428571428571,dataset_2,3,random_visible,10.0,0.5714285714285714,55,31,28,136
Request-Aware Weighted Residual STV k=1 clip=5.0,0.6422811059907835,0.638423372729134,0.6071428571428571,0.6071428571428571,0.6071428571428571,0.6071428571428571,dataset_2,3,random_visible,10.0,0.5714285714285714,55,31,28,136
Baseline STV + IF,0.5683441558441559,0.5491752783996826,0.5636363636363636,0.5636363636363636,0.5636363636363636,0.5636363636363636,dataset_3,3,random_visible,10.0,0.8181818181818182,104,56,55,176
Enhanced STV + IF,0.6331168831168831,0.582684977705279,0.6181818181818182,0.6181818181818182,0.6181818181818182,0.6181818181818182,dataset_3,3,random_visible,10.0,0.6181818181818182,104,56,55,176
Global Residual STV k=1 clip=5.0,0.7284090909090909,0.6878362899693864,0.6727272727272727,0.6727272727272727,0.6727272727272727,0.6727272727272727,dataset_3,3,random_visible,10.0,0.7090909090909091,104,56,55,176
Global Weighted Residual STV k=1 clip=5.0,0.7012987012987013,0.7111738701863232,0.6181818181818182,0.6181818181818182,0.6181818181818182,0.6181818181818182,dataset_3,3,random_visible,10.0,0.7090909090909091,104,56,55,176
Request-Aware Weighted Residual STV k=1 clip=5.0,0.6753246753246753,0.6846855991769699,0.6,0.6,0.6,0.6,dataset_3,3,random_visible,10.0,0.6545454545454545,104,56,55,176
Baseline STV + IF,0.5872576177285318,0.5548080771994894,0.631578947368421,0.631578947368421,0.631578947368421,0.631578947368421,dataset_1,4,random_visible,10.0,0.9052631578947369,174,95,95,136
Enhanced STV + IF,0.6165650969529086,0.5724667904067755,0.5894736842105263,0.5894736842105263,0.5894736842105263,0.5894736842105263,dataset_1,4,random_visible,10.0,0.7368421052631579,174,95,95,136
Global Residual STV k=1 clip=5.0,0.693185595567867,0.6211675110068879,0.6421052631578947,0.6421052631578947,0.6421052631578947,0.6421052631578947,dataset_1,4,random_visible,10.0,0.6526315789473685,174,95,95,136
Global Weighted Residual STV k=1 clip=5.0,0.753185595567867,0.7339436265895244,0.631578947368421,0.631578947368421,0.631578947368421,0.631578947368421,dataset_1,4,random_visible,10.0,0.7578947368421053,174,95,95,136
Request-Aware Weighted Residual STV k=1 clip=5.0,0.7523545706371191,0.7280710861528762,0.6421052631578947,0.6421052631578947,0.6421052631578947,0.6421052631578947,dataset_1,4,random_visible,10.0,0.7473684210526316,174,95,95,136
Baseline STV + IF,0.6412903225806452,0.5553335874651664,0.56,0.56,0.56,0.56,dataset_2,4,random_visible,10.0,0.6,55,31,25,132
Enhanced STV + IF,0.6425806451612903,0.5794171199171199,0.6,0.6,0.6,0.6,dataset_2,4,random_visible,10.0,0.44,55,31,25,132
Global Residual STV k=1 clip=5.0,0.74,0.620811965945752,0.6,0.6,0.6,0.6,dataset_2,4,random_visible,10.0,0.64,55,31,25,132
Global Weighted Residual STV k=1 clip=5.0,0.7696774193548387,0.6703912203976956,0.68,0.68,0.68,0.68,dataset_2,4,random_visible,10.0,0.64,55,31,25,132
Request-Aware Weighted Residual STV k=1 clip=5.0,0.772258064516129,0.6714816367564045,0.68,0.68,0.68,0.68,dataset_2,4,random_visible,10.0,0.64,55,31,25,132
Baseline STV + IF,0.5835579514824798,0.5440688778411696,0.5471698113207547,0.5471698113207547,0.5471698113207547,0.5471698113207547,dataset_3,4,random_visible,10.0,0.7169811320754716,104,56,53,175
Enhanced STV + IF,0.6782345013477089,0.6164489127011096,0.6415094339622641,0.6415094339622641,0.6415094339622641,0.6415094339622641,dataset_3,4,random_visible,10.0,0.6415094339622641,104,56,53,175
Global Residual STV k=1 clip=5.0,0.7350067385444744,0.6862211005945075,0.6415094339622641,0.6415094339622641,0.6415094339622641,0.6415094339622641,dataset_3,4,random_visible,10.0,0.7358490566037735,104,56,53,175
Global Weighted Residual STV k=1 clip=5.0,0.7382075471698113,0.711244257371241,0.6792452830188679,0.6792452830188679,0.6792452830188679,0.6792452830188679,dataset_3,4,random_visible,10.0,0.7547169811320755,104,56,53,175
Request-Aware Weighted Residual STV k=1 clip=5.0,0.7351752021563343,0.7326793558854043,0.6792452830188679,0.6792452830188679,0.6792452830188679,0.6792452830188679,dataset_3,4,random_visible,10.0,0.7735849056603774,104,56,53,175
Baseline STV + IF,0.5755124653739613,0.5610878086788359,0.5684210526315789,0.5684210526315789,0.5684210526315789,0.5684210526315789,dataset_1,0,random_visible,20.0,0.8736842105263158,174,95,95,150
Enhanced STV + IF,0.6839335180055403,0.6504695633781508,0.6736842105263158,0.6736842105263158,0.6736842105263158,0.6736842105263158,dataset_1,0,random_visible,20.0,0.7157894736842105,174,95,95,150
Global Residual STV k=1 clip=5.0,0.8638227146814405,0.814762164274303,0.8105263157894737,0.8105263157894737,0.8105263157894737,0.8105263157894737,dataset_1,0,random_visible,20.0,0.8631578947368421,174,95,95,150
Global Weighted Residual STV k=1 clip=5.0,0.8382271468144044,0.8448174846483576,0.7684210526315789,0.7684210526315789,0.7684210526315789,0.7684210526315789,dataset_1,0,random_visible,20.0,0.8631578947368421,174,95,95,150
Request-Aware Weighted Residual STV k=1 clip=5.0,0.8380055401662051,0.8336532016841387,0.7894736842105263,0.7894736842105263,0.7894736842105263,0.7894736842105263,dataset_1,0,random_visible,20.0,0.8421052631578947,174,95,95,150
Baseline STV + IF,0.6399769585253456,0.5779112509127451,0.6071428571428571,0.6071428571428571,0.6071428571428571,0.6071428571428571,dataset_2,0,random_visible,20.0,0.8214285714285714,55,31,28,162
Enhanced STV + IF,0.6163594470046083,0.600255517964833,0.5714285714285714,0.5714285714285714,0.5714285714285714,0.5714285714285714,dataset_2,0,random_visible,20.0,0.5357142857142857,55,31,28,162
Global Residual STV k=1 clip=5.0,0.5944700460829493,0.5946098793158786,0.5,0.5,0.5,0.5,dataset_2,0,random_visible,20.0,0.5,55,31,28,162
Global Weighted Residual STV k=1 clip=5.0,0.6359447004608295,0.6853335958580512,0.6071428571428571,0.6071428571428571,0.6071428571428571,0.6071428571428571,dataset_2,0,random_visible,20.0,0.5357142857142857,55,31,28,162
Request-Aware Weighted Residual STV k=1 clip=5.0,0.6244239631336406,0.6747174113339395,0.5714285714285714,0.5714285714285714,0.5714285714285714,0.5714285714285714,dataset_2,0,random_visible,20.0,0.5357142857142857,55,31,28,162
Baseline STV + IF,0.5838647959183674,0.5704992533181841,0.5714285714285714,0.5714285714285714,0.5714285714285714,0.5714285714285714,dataset_3,0,random_visible,20.0,0.7857142857142857,104,56,56,181
Enhanced STV + IF,0.6124043367346939,0.5667376064218762,0.5892857142857143,0.5892857142857143,0.5892857142857143,0.5892857142857143,dataset_3,0,random_visible,20.0,0.5357142857142857,104,56,56,181
Global Residual STV k=1 clip=5.0,0.7546237244897959,0.7003221154464065,0.7321428571428571,0.7321428571428571,0.7321428571428571,0.7321428571428571,dataset_3,0,random_visible,20.0,0.7321428571428571,104,56,56,181
Global Weighted Residual STV k=1 clip=5.0,0.7565369897959183,0.7600238639656901,0.6785714285714286,0.6785714285714286,0.6785714285714286,0.6785714285714286,dataset_3,0,random_visible,20.0,0.7678571428571429,104,56,56,181
Request-Aware Weighted Residual STV k=1 clip=5.0,0.7504783163265306,0.7584036727556832,0.6785714285714286,0.6785714285714286,0.6785714285714286,0.6785714285714286,dataset_3,0,random_visible,20.0,0.7678571428571429,104,56,56,181
Baseline STV + IF,0.5877562326869806,0.5764881384910194,0.6,0.6,0.6,0.6,dataset_1,1,random_visible,20.0,0.9157894736842105,174,95,95,150
Enhanced STV + IF,0.7063711911357342,0.6712903382974357,0.6842105263157895,0.6842105263157895,0.6842105263157895,0.6842105263157895,dataset_1,1,random_visible,20.0,0.7684210526315789,174,95,95,150
Global Residual STV k=1 clip=5.0,0.8106925207756233,0.8064158497465743,0.7578947368421053,0.7578947368421053,0.7578947368421053,0.7578947368421053,dataset_1,1,random_visible,20.0,0.8315789473684211,174,95,95,150
Global Weighted Residual STV k=1 clip=5.0,0.8073130193905818,0.8048824717465632,0.7578947368421053,0.7578947368421053,0.7578947368421053,0.7578947368421053,dataset_1,1,random_visible,20.0,0.8526315789473684,174,95,95,150
Request-Aware Weighted Residual STV k=1 clip=5.0,0.8045429362880886,0.7715538786390668,0.7578947368421053,0.7578947368421053,0.7578947368421053,0.7578947368421053,dataset_1,1,random_visible,20.0,0.8315789473684211,174,95,95,150
Baseline STV + IF,0.5789170506912442,0.5320501230607445,0.5,0.5,0.5,0.5,dataset_2,1,random_visible,20.0,0.6071428571428571,55,31,28,182
Enhanced STV + IF,0.6013824884792627,0.5643544825423064,0.6071428571428571,0.6071428571428571,0.6071428571428571,0.6071428571428571,dataset_2,1,random_visible,20.0,0.42857142857142855,55,31,28,182
Global Residual STV k=1 clip=5.0,0.6947004608294931,0.6059677978461842,0.6428571428571429,0.6428571428571429,0.6428571428571429,0.6428571428571429,dataset_2,1,random_visible,20.0,0.5,55,31,28,182
Global Weighted Residual STV k=1 clip=5.0,0.7338709677419355,0.6907648314232051,0.6428571428571429,0.6428571428571429,0.6428571428571429,0.6428571428571429,dataset_2,1,random_visible,20.0,0.6071428571428571,55,31,28,182
Request-Aware Weighted Residual STV k=1 clip=5.0,0.7315668202764978,0.6896263302847041,0.6428571428571429,0.6428571428571429,0.6428571428571429,0.6428571428571429,dataset_2,1,random_visible,20.0,0.5714285714285714,55,31,28,182
Baseline STV + IF,0.596866576819407,0.558711689500319,0.5660377358490566,0.5660377358490566,0.5660377358490566,0.5660377358490566,dataset_3,1,random_visible,20.0,0.7924528301886793,104,56,53,180
Enhanced STV + IF,0.6753706199460916,0.654538153207617,0.6415094339622641,0.6415094339622641,0.6415094339622641,0.6415094339622641,dataset_3,1,random_visible,20.0,0.6037735849056604,104,56,53,180
Global Residual STV k=1 clip=5.0,0.839622641509434,0.7966374234574205,0.7735849056603774,0.7735849056603774,0.7735849056603774,0.7735849056603774,dataset_3,1,random_visible,20.0,0.8113207547169812,104,56,53,180
Global Weighted Residual STV k=1 clip=5.0,0.8401280323450134,0.8437263961795685,0.7924528301886793,0.7924528301886793,0.7924528301886793,0.7924528301886793,dataset_3,1,random_visible,20.0,0.8679245283018868,104,56,53,180
Request-Aware Weighted Residual STV k=1 clip=5.0,0.8320417789757413,0.8375959721904753,0.7547169811320755,0.7547169811320755,0.7547169811320755,0.7547169811320755,dataset_3,1,random_visible,20.0,0.8679245283018868,104,56,53,180
Baseline STV + IF,0.6064819944598338,0.5804994827211498,0.6421052631578947,0.6421052631578947,0.6421052631578947,0.6421052631578947,dataset_1,2,random_visible,20.0,0.8736842105263158,174,95,95,150
Enhanced STV + IF,0.6978947368421051,0.694983871480394,0.6631578947368421,0.6631578947368421,0.6631578947368421,0.6631578947368421,dataset_1,2,random_visible,20.0,0.7578947368421053,174,95,95,150
Global Residual STV k=1 clip=5.0,0.8132409972299168,0.7389415672930342,0.7578947368421053,0.7578947368421053,0.7578947368421053,0.7578947368421053,dataset_1,2,random_visible,20.0,0.7789473684210526,174,95,95,150
Global Weighted Residual STV k=1 clip=5.0,0.8329085872576176,0.8291094877085687,0.7578947368421053,0.7578947368421053,0.7578947368421053,0.7578947368421053,dataset_1,2,random_visible,20.0,0.8210526315789474,174,95,95,150
Request-Aware Weighted Residual STV k=1 clip=5.0,0.8382825484764543,0.8149299718922448,0.7368421052631579,0.7368421052631579,0.7368421052631579,0.7368421052631579,dataset_1,2,random_visible,20.0,0.8,174,95,95,150
Baseline STV + IF,0.6439205955334988,0.5839756146024061,0.5384615384615384,0.5384615384615384,0.5384615384615384,0.5384615384615384,dataset_2,2,random_visible,20.0,0.6923076923076923,55,31,26,181
Enhanced STV + IF,0.6364764267990074,0.5668692707049416,0.5769230769230769,0.5769230769230769,0.5769230769230769,0.5769230769230769,dataset_2,2,random_visible,20.0,0.5769230769230769,55,31,26,181
Global Residual STV k=1 clip=5.0,0.706575682382134,0.6134644058404904,0.6153846153846154,0.6153846153846154,0.6153846153846154,0.6153846153846154,dataset_2,2,random_visible,20.0,0.6923076923076923,55,31,26,181
Global Weighted Residual STV k=1 clip=5.0,0.7406947890818858,0.6883898453845921,0.6538461538461539,0.6538461538461539,0.6538461538461539,0.6538461538461539,dataset_2,2,random_visible,20.0,0.6923076923076923,55,31,26,181
Request-Aware Weighted Residual STV k=1 clip=5.0,0.7313895781637717,0.6601735877253637,0.6538461538461539,0.6538461538461539,0.6538461538461539,0.6538461538461539,dataset_2,2,random_visible,20.0,0.6538461538461539,55,31,26,181
Baseline STV + IF,0.6245129870129871,0.5859013222194009,0.6181818181818182,0.6181818181818182,0.6181818181818182,0.6181818181818182,dataset_3,2,random_visible,20.0,0.8909090909090909,104,56,55,178
Enhanced STV + IF,0.7329545454545454,0.6605159866830892,0.7272727272727273,0.7272727272727273,0.7272727272727273,0.7272727272727273,dataset_3,2,random_visible,20.0,0.7454545454545455,104,56,55,178
Global Residual STV k=1 clip=5.0,0.8222402597402597,0.8351593337809348,0.7454545454545455,0.7454545454545455,0.7454545454545455,0.7454545454545455,dataset_3,2,random_visible,20.0,0.8363636363636363,104,56,55,178
Global Weighted Residual STV k=1 clip=5.0,0.7975649350649352,0.830750841215892,0.7090909090909091,0.7090909090909091,0.7090909090909091,0.7090909090909091,dataset_3,2,random_visible,20.0,0.8,104,56,55,178
Request-Aware Weighted Residual STV k=1 clip=5.0,0.7930194805194805,0.8260019465896485,0.7090909090909091,0.7090909090909091,0.7090909090909091,0.7090909090909091,dataset_3,2,random_visible,20.0,0.8,104,56,55,178
Baseline STV + IF,0.5739058171745152,0.5586618686737765,0.5684210526315789,0.5684210526315789,0.5684210526315789,0.5684210526315789,dataset_1,3,random_visible,20.0,0.8947368421052632,174,95,95,137
Enhanced STV + IF,0.6802216066481994,0.6216117566409611,0.6526315789473685,0.6526315789473685,0.6526315789473685,0.6526315789473685,dataset_1,3,random_visible,20.0,0.7684210526315789,174,95,95,137
Global Residual STV k=1 clip=5.0,0.7845429362880886,0.6908833738929493,0.7368421052631579,0.7368421052631579,0.7368421052631579,0.7368421052631579,dataset_1,3,random_visible,20.0,0.7368421052631579,174,95,95,137
Global Weighted Residual STV k=1 clip=5.0,0.8263157894736843,0.8210240624557826,0.7368421052631579,0.7368421052631579,0.7368421052631579,0.7368421052631579,dataset_1,3,random_visible,20.0,0.7368421052631579,174,95,95,137
Request-Aware Weighted Residual STV k=1 clip=5.0,0.8218836565096953,0.8054702628843541,0.7368421052631579,0.7368421052631579,0.7368421052631579,0.7368421052631579,dataset_1,3,random_visible,20.0,0.7368421052631579,174,95,95,137
Baseline STV + IF,0.5944700460829493,0.561313932117927,0.5714285714285714,0.5714285714285714,0.5714285714285714,0.5714285714285714,dataset_2,3,random_visible,20.0,0.7857142857142857,55,31,28,136
Enhanced STV + IF,0.5789170506912442,0.5369786216713137,0.5714285714285714,0.5714285714285714,0.5714285714285714,0.5714285714285714,dataset_2,3,random_visible,20.0,0.35714285714285715,55,31,28,136
Global Residual STV k=1 clip=5.0,0.6826036866359447,0.6447559984309297,0.6071428571428571,0.6071428571428571,0.6071428571428571,0.6071428571428571,dataset_2,3,random_visible,20.0,0.6785714285714286,55,31,28,136
Global Weighted Residual STV k=1 clip=5.0,0.7298387096774193,0.7373139893515627,0.7142857142857143,0.7142857142857143,0.7142857142857143,0.7142857142857143,dataset_2,3,random_visible,20.0,0.6785714285714286,55,31,28,136
Request-Aware Weighted Residual STV k=1 clip=5.0,0.7298387096774194,0.7363887326685622,0.7142857142857143,0.7142857142857143,0.7142857142857143,0.7142857142857143,dataset_2,3,random_visible,20.0,0.6785714285714286,55,31,28,136
Baseline STV + IF,0.5694805194805195,0.5611697168243719,0.5818181818181818,0.5818181818181818,0.5818181818181818,0.5818181818181818,dataset_3,3,random_visible,20.0,0.8363636363636363,104,56,55,176
Enhanced STV + IF,0.6594155844155845,0.6049457192338151,0.6363636363636364,0.6363636363636364,0.6363636363636364,0.6363636363636364,dataset_3,3,random_visible,20.0,0.6727272727272727,104,56,55,176
Global Residual STV k=1 clip=5.0,0.8001623376623377,0.7542693715554438,0.7090909090909091,0.7090909090909091,0.7090909090909091,0.7090909090909091,dataset_3,3,random_visible,20.0,0.7636363636363637,104,56,55,176
Global Weighted Residual STV k=1 clip=5.0,0.7681818181818182,0.7739843480720391,0.6727272727272727,0.6727272727272727,0.6727272727272727,0.6727272727272727,dataset_3,3,random_visible,20.0,0.7818181818181819,104,56,55,176
Request-Aware Weighted Residual STV k=1 clip=5.0,0.7353896103896104,0.7377247106037111,0.6363636363636364,0.6363636363636364,0.6363636363636364,0.6363636363636364,dataset_3,3,random_visible,20.0,0.7272727272727273,104,56,55,176
Baseline STV + IF,0.5946814404432132,0.5608320331186551,0.631578947368421,0.631578947368421,0.631578947368421,0.631578947368421,dataset_1,4,random_visible,20.0,0.9263157894736842,174,95,95,136
Enhanced STV + IF,0.6708587257617729,0.6040180433276117,0.6210526315789474,0.6210526315789474,0.6210526315789474,0.6210526315789474,dataset_1,4,random_visible,20.0,0.8,174,95,95,136
Global Residual STV k=1 clip=5.0,0.7545706371191135,0.6781489700215797,0.6736842105263158,0.6736842105263158,0.6736842105263158,0.6736842105263158,dataset_1,4,random_visible,20.0,0.7157894736842105,174,95,95,136
Global Weighted Residual STV k=1 clip=5.0,0.8156786703601109,0.8012447035099914,0.7052631578947368,0.7052631578947368,0.7052631578947368,0.7052631578947368,dataset_1,4,random_visible,20.0,0.7789473684210526,174,95,95,136
Request-Aware Weighted Residual STV k=1 clip=5.0,0.8132963988919667,0.7966418499121409,0.6947368421052632,0.6947368421052632,0.6947368421052632,0.6947368421052632,dataset_1,4,random_visible,20.0,0.7684210526315789,174,95,95,136
Baseline STV + IF,0.6483870967741936,0.5836113331113331,0.56,0.56,0.56,0.56,dataset_2,4,random_visible,20.0,0.64,55,31,25,132
Enhanced STV + IF,0.663225806451613,0.5977050172050172,0.64,0.64,0.64,0.64,dataset_2,4,random_visible,20.0,0.56,55,31,25,132
Global Residual STV k=1 clip=5.0,0.7658064516129032,0.6400115225964822,0.68,0.68,0.68,0.68,dataset_2,4,random_visible,20.0,0.68,55,31,25,132
Global Weighted Residual STV k=1 clip=5.0,0.7890322580645162,0.7144816622346336,0.72,0.72,0.72,0.72,dataset_2,4,random_visible,20.0,0.68,55,31,25,132
Request-Aware Weighted Residual STV k=1 clip=5.0,0.7890322580645162,0.7144816622346336,0.72,0.72,0.72,0.72,dataset_2,4,random_visible,20.0,0.68,55,31,25,132
Baseline STV + IF,0.5899595687331536,0.549680733050964,0.5471698113207547,0.5471698113207547,0.5471698113207547,0.5471698113207547,dataset_3,4,random_visible,20.0,0.7358490566037735,104,56,53,175
Enhanced STV + IF,0.7190026954177897,0.6531203297062717,0.660377358490566,0.660377358490566,0.660377358490566,0.660377358490566,dataset_3,4,random_visible,20.0,0.6792452830188679,104,56,53,175
Global Residual STV k=1 clip=5.0,0.8069407008086253,0.7504819455752259,0.7169811320754716,0.7169811320754716,0.7169811320754716,0.7169811320754716,dataset_3,4,random_visible,20.0,0.7547169811320755,104,56,53,175
Global Weighted Residual STV k=1 clip=5.0,0.799022911051213,0.788949806509383,0.7169811320754716,0.7169811320754716,0.7169811320754716,0.7169811320754716,dataset_3,4,random_visible,20.0,0.8113207547169812,104,56,53,175
Request-Aware Weighted Residual STV k=1 clip=5.0,0.7973382749326146,0.7972522992264601,0.7169811320754716,0.7169811320754716,0.7169811320754716,0.7169811320754716,dataset_3,4,random_visible,20.0,0.8113207547169812,104,56,53,175
Baseline STV + IF,0.5789473684210528,0.5648576047572968,0.5684210526315789,0.5684210526315789,0.5684210526315789,0.5684210526315789,dataset_1,0,random_visible,30.0,0.8842105263157894,174,95,95,150
Enhanced STV + IF,0.6886980609418283,0.6614490204854037,0.6736842105263158,0.6736842105263158,0.6736842105263158,0.6736842105263158,dataset_1,0,random_visible,30.0,0.7263157894736842,174,95,95,150
Global Residual STV k=1 clip=5.0,0.8907479224376731,0.8433064410502956,0.8315789473684211,0.8315789473684211,0.8315789473684211,0.8315789473684211,dataset_1,0,random_visible,30.0,0.8842105263157894,174,95,95,150
Global Weighted Residual STV k=1 clip=5.0,0.8646537396121884,0.8711019924274028,0.7894736842105263,0.7894736842105263,0.7894736842105263,0.7894736842105263,dataset_1,0,random_visible,30.0,0.8736842105263158,174,95,95,150
Request-Aware Weighted Residual STV k=1 clip=5.0,0.8618836565096952,0.8603494034357002,0.8,0.8,0.8,0.8,dataset_1,0,random_visible,30.0,0.8526315789473684,174,95,95,150
Baseline STV + IF,0.6422811059907834,0.5817968021688206,0.6071428571428571,0.6071428571428571,0.6071428571428571,0.6071428571428571,dataset_2,0,random_visible,30.0,0.8214285714285714,55,31,28,162
Enhanced STV + IF,0.630184331797235,0.612853427355838,0.6071428571428571,0.6071428571428571,0.6071428571428571,0.6071428571428571,dataset_2,0,random_visible,30.0,0.5714285714285714,55,31,28,162
Global Residual STV k=1 clip=5.0,0.631336405529954,0.618430507496488,0.5714285714285714,0.5714285714285714,0.5714285714285714,0.5714285714285714,dataset_2,0,random_visible,30.0,0.5,55,31,28,162
Global Weighted Residual STV k=1 clip=5.0,0.6566820276497696,0.7073963644936039,0.6071428571428571,0.6071428571428571,0.6071428571428571,0.6071428571428571,dataset_2,0,random_visible,30.0,0.5357142857142857,55,31,28,162
Request-Aware Weighted Residual STV k=1 clip=5.0,0.652073732718894,0.6999487468363589,0.6071428571428571,0.6071428571428571,0.6071428571428571,0.6071428571428571,dataset_2,0,random_visible,30.0,0.5357142857142857,55,31,28,162
Baseline STV + IF,0.5878507653061225,0.5754948689446602,0.5714285714285714,0.5714285714285714,0.5714285714285714,0.5714285714285714,dataset_3,0,random_visible,30.0,0.8035714285714286,104,56,56,181
Enhanced STV + IF,0.6336096938775511,0.5789181647461837,0.6071428571428571,0.6071428571428571,0.6071428571428571,0.6071428571428571,dataset_3,0,random_visible,30.0,0.5357142857142857,104,56,56,181
Global Residual STV k=1 clip=5.0,0.7925701530612245,0.7381361379033324,0.7321428571428571,0.7321428571428571,0.7321428571428571,0.7321428571428571,dataset_3,0,random_visible,30.0,0.7678571428571429,104,56,56,181
Global Weighted Residual STV k=1 clip=5.0,0.7850765306122449,0.7895926461001024,0.6785714285714286,0.6785714285714286,0.6785714285714286,0.6785714285714286,dataset_3,0,random_visible,30.0,0.8214285714285714,104,56,56,181
Request-Aware Weighted Residual STV k=1 clip=5.0,0.7838010204081634,0.7902720324364017,0.6785714285714286,0.6785714285714286,0.6785714285714286,0.6785714285714286,dataset_3,0,random_visible,30.0,0.8214285714285714,104,56,56,181
Baseline STV + IF,0.5906925207756232,0.5810643681679613,0.6,0.6,0.6,0.6,dataset_1,1,random_visible,30.0,0.9263157894736842,174,95,95,150
Enhanced STV + IF,0.7214958448753463,0.6809865888974117,0.6947368421052632,0.6947368421052632,0.6947368421052632,0.6947368421052632,dataset_1,1,random_visible,30.0,0.8,174,95,95,150
Global Residual STV k=1 clip=5.0,0.8479224376731302,0.8437604065846835,0.7894736842105263,0.7894736842105263,0.7894736842105263,0.7894736842105263,dataset_1,1,random_visible,30.0,0.8526315789473684,174,95,95,150
Global Weighted Residual STV k=1 clip=5.0,0.8455955678670362,0.8418160182370625,0.7789473684210526,0.7789473684210526,0.7789473684210526,0.7789473684210526,dataset_1,1,random_visible,30.0,0.8842105263157894,174,95,95,150
Request-Aware Weighted Residual STV k=1 clip=5.0,0.8389473684210527,0.8063748694642403,0.7684210526315789,0.7684210526315789,0.7684210526315789,0.7684210526315789,dataset_1,1,random_visible,30.0,0.8736842105263158,174,95,95,150
Baseline STV + IF,0.5806451612903225,0.5326549104302378,0.5,0.5,0.5,0.5,dataset_2,1,random_visible,30.0,0.6071428571428571,55,31,28,182
Enhanced STV + IF,0.6082949308755761,0.5682193170828966,0.6071428571428571,0.6071428571428571,0.6071428571428571,0.6071428571428571,dataset_2,1,random_visible,30.0,0.42857142857142855,55,31,28,182
Global Residual STV k=1 clip=5.0,0.7246543778801844,0.6320056596946184,0.6428571428571429,0.6428571428571429,0.6428571428571429,0.6428571428571429,dataset_2,1,random_visible,30.0,0.5357142857142857,55,31,28,182
Global Weighted Residual STV k=1 clip=5.0,0.7592165898617511,0.726599901827899,0.6785714285714286,0.6785714285714286,0.6785714285714286,0.6785714285714286,dataset_2,1,random_visible,30.0,0.6071428571428571,55,31,28,182
Request-Aware Weighted Residual STV k=1 clip=5.0,0.7592165898617511,0.726599901827899,0.6785714285714286,0.6785714285714286,0.6785714285714286,0.6785714285714286,dataset_2,1,random_visible,30.0,0.6071428571428571,55,31,28,182
Baseline STV + IF,0.5990566037735849,0.5653935382246239,0.5849056603773585,0.5849056603773585,0.5849056603773585,0.5849056603773585,dataset_3,1,random_visible,30.0,0.8113207547169812,104,56,53,180
Enhanced STV + IF,0.6802560646900269,0.6634087559882962,0.6415094339622641,0.6415094339622641,0.6415094339622641,0.6415094339622641,dataset_3,1,random_visible,30.0,0.6415094339622641,104,56,53,180
Global Residual STV k=1 clip=5.0,0.8664083557951482,0.8300289610341172,0.8113207547169812,0.8113207547169812,0.8113207547169812,0.8113207547169812,dataset_3,1,random_visible,30.0,0.8301886792452831,104,56,53,180
Global Weighted Residual STV k=1 clip=5.0,0.8616913746630728,0.8638027252854157,0.8113207547169812,0.8113207547169812,0.8113207547169812,0.8113207547169812,dataset_3,1,random_visible,30.0,0.8867924528301887,104,56,53,180
Request-Aware Weighted Residual STV k=1 clip=5.0,0.8579851752021563,0.8603640536563314,0.8113207547169812,0.8113207547169812,0.8113207547169812,0.8113207547169812,dataset_3,1,random_visible,30.0,0.8867924528301887,104,56,53,180
Baseline STV + IF,0.6088642659279778,0.5841015790829822,0.6421052631578947,0.6421052631578947,0.6421052631578947,0.6421052631578947,dataset_1,2,random_visible,30.0,0.8842105263157894,174,95,95,150
Enhanced STV + IF,0.7049307479224376,0.7021460201363804,0.6736842105263158,0.6736842105263158,0.6736842105263158,0.6736842105263158,dataset_1,2,random_visible,30.0,0.7684210526315789,174,95,95,150
Global Residual STV k=1 clip=5.0,0.8406648199445983,0.7696302453735612,0.7789473684210526,0.7789473684210526,0.7789473684210526,0.7789473684210526,dataset_1,2,random_visible,30.0,0.8,174,95,95,150
Global Weighted Residual STV k=1 clip=5.0,0.8665373961218836,0.8611305715220114,0.7684210526315789,0.7684210526315789,0.7684210526315789,0.7684210526315789,dataset_1,2,random_visible,30.0,0.8526315789473684,174,95,95,150
Request-Aware Weighted Residual STV k=1 clip=5.0,0.8692520775623269,0.8476603420608034,0.8,0.8,0.8,0.8,dataset_1,2,random_visible,30.0,0.8421052631578947,174,95,95,150
Baseline STV + IF,0.653225806451613,0.5914031791581332,0.5384615384615384,0.5384615384615384,0.5384615384615384,0.5384615384615384,dataset_2,2,random_visible,30.0,0.7307692307692307,55,31,26,181
Enhanced STV + IF,0.6563275434243176,0.5880507764370053,0.6153846153846154,0.6153846153846154,0.6153846153846154,0.6153846153846154,dataset_2,2,random_visible,30.0,0.5769230769230769,55,31,26,181
Global Residual STV k=1 clip=5.0,0.7450372208436725,0.635795205860665,0.6153846153846154,0.6153846153846154,0.6153846153846154,0.6153846153846154,dataset_2,2,random_visible,30.0,0.7307692307692307,55,31,26,181
Global Weighted Residual STV k=1 clip=5.0,0.7866004962779157,0.7437020917457686,0.6923076923076923,0.6923076923076923,0.6923076923076923,0.6923076923076923,dataset_2,2,random_visible,30.0,0.7307692307692307,55,31,26,181
Request-Aware Weighted Residual STV k=1 clip=5.0,0.7797766749379653,0.7172240825754518,0.6923076923076923,0.6923076923076923,0.6923076923076923,0.6923076923076923,dataset_2,2,random_visible,30.0,0.6923076923076923,55,31,26,181
Baseline STV + IF,0.626461038961039,0.5877752447799045,0.6181818181818182,0.6181818181818182,0.6181818181818182,0.6181818181818182,dataset_3,2,random_visible,30.0,0.8909090909090909,104,56,55,178
Enhanced STV + IF,0.7433441558441559,0.6732746724793304,0.7636363636363637,0.7636363636363637,0.7636363636363637,0.7636363636363637,dataset_3,2,random_visible,30.0,0.8363636363636363,104,56,55,178
Global Residual STV k=1 clip=5.0,0.8553571428571428,0.8654400909391997,0.7818181818181819,0.7818181818181819,0.7818181818181819,0.7818181818181819,dataset_3,2,random_visible,30.0,0.8545454545454545,104,56,55,178
Global Weighted Residual STV k=1 clip=5.0,0.8310064935064935,0.8608872597536656,0.7636363636363637,0.7636363636363637,0.7636363636363637,0.7636363636363637,dataset_3,2,random_visible,30.0,0.8363636363636363,104,56,55,178
Request-Aware Weighted Residual STV k=1 clip=5.0,0.8280844155844156,0.8576671373283711,0.7636363636363637,0.7636363636363637,0.7636363636363637,0.7636363636363637,dataset_3,2,random_visible,30.0,0.8363636363636363,104,56,55,178
Baseline STV + IF,0.5789473684210525,0.562705330050096,0.5789473684210527,0.5789473684210527,0.5789473684210527,0.5789473684210527,dataset_1,3,random_visible,30.0,0.9157894736842105,174,95,95,137
Enhanced STV + IF,0.6977839335180054,0.636848390532009,0.6842105263157895,0.6842105263157895,0.6842105263157895,0.6842105263157895,dataset_1,3,random_visible,30.0,0.8210526315789474,174,95,95,137
Global Residual STV k=1 clip=5.0,0.8113573407202216,0.7202672989767034,0.7578947368421053,0.7578947368421053,0.7578947368421053,0.7578947368421053,dataset_1,3,random_visible,30.0,0.7473684210526316,174,95,95,137
Global Weighted Residual STV k=1 clip=5.0,0.8578947368421053,0.8575399033371354,0.7578947368421053,0.7578947368421053,0.7578947368421053,0.7578947368421053,dataset_1,3,random_visible,30.0,0.7473684210526316,174,95,95,137
Request-Aware Weighted Residual STV k=1 clip=5.0,0.854404432132964,0.8432654762444337,0.7789473684210526,0.7789473684210526,0.7789473684210526,0.7789473684210526,dataset_1,3,random_visible,30.0,0.7368421052631579,174,95,95,137
Baseline STV + IF,0.6013824884792627,0.566258987062982,0.5714285714285714,0.5714285714285714,0.5714285714285714,0.5714285714285714,dataset_2,3,random_visible,30.0,0.7857142857142857,55,31,28,136
Enhanced STV + IF,0.5881336405529953,0.5455433564125347,0.6071428571428571,0.6071428571428571,0.6071428571428571,0.6071428571428571,dataset_2,3,random_visible,30.0,0.35714285714285715,55,31,28,136
Global Residual STV k=1 clip=5.0,0.7367511520737327,0.6903761730084392,0.7142857142857143,0.7142857142857143,0.7142857142857143,0.7142857142857143,dataset_2,3,random_visible,30.0,0.7142857142857143,55,31,28,136
Global Weighted Residual STV k=1 clip=5.0,0.7684331797235023,0.7701151227208716,0.7142857142857143,0.7142857142857143,0.7142857142857143,0.7142857142857143,dataset_2,3,random_visible,30.0,0.75,55,31,28,136
Request-Aware Weighted Residual STV k=1 clip=5.0,0.7661290322580645,0.7671511912009433,0.7142857142857143,0.7142857142857143,0.7142857142857143,0.7142857142857143,dataset_2,3,random_visible,30.0,0.75,55,31,28,136
Baseline STV + IF,0.5698051948051948,0.5614555686641816,0.5818181818181818,0.5818181818181818,0.5818181818181818,0.5818181818181818,dataset_3,3,random_visible,30.0,0.8363636363636363,104,56,55,176
Enhanced STV + IF,0.6663961038961039,0.6105147109202606,0.6363636363636364,0.6363636363636364,0.6363636363636364,0.6363636363636364,dataset_3,3,random_visible,30.0,0.7090909090909091,104,56,55,176
Global Residual STV k=1 clip=5.0,0.8222402597402597,0.7789573977424193,0.7454545454545455,0.7454545454545455,0.7454545454545455,0.7454545454545455,dataset_3,3,random_visible,30.0,0.7818181818181819,104,56,55,176
Global Weighted Residual STV k=1 clip=5.0,0.8024350649350649,0.8037782642623162,0.6909090909090909,0.6909090909090909,0.6909090909090909,0.6909090909090909,dataset_3,3,random_visible,30.0,0.8,104,56,55,176
Request-Aware Weighted Residual STV k=1 clip=5.0,0.7647727272727273,0.7589500978382719,0.6363636363636364,0.6363636363636364,0.6363636363636364,0.6363636363636364,dataset_3,3,random_visible,30.0,0.7454545454545455,104,56,55,176
Baseline STV + IF,0.6019390581717452,0.5659226243393819,0.6421052631578947,0.6421052631578947,0.6421052631578947,0.6421052631578947,dataset_1,4,random_visible,30.0,0.9368421052631579,174,95,95,136
Enhanced STV + IF,0.6918005540166204,0.619005230385238,0.631578947368421,0.631578947368421,0.631578947368421,0.631578947368421,dataset_1,4,random_visible,30.0,0.8526315789473684,174,95,95,136
Global Residual STV k=1 clip=5.0,0.7832686980609418,0.7083529540525921,0.6947368421052632,0.6947368421052632,0.6947368421052632,0.6947368421052632,dataset_1,4,random_visible,30.0,0.7368421052631579,174,95,95,136
Global Weighted Residual STV k=1 clip=5.0,0.8474238227146814,0.8319226043491043,0.7473684210526316,0.7473684210526316,0.7473684210526316,0.7473684210526316,dataset_1,4,random_visible,30.0,0.8,174,95,95,136
Request-Aware Weighted Residual STV k=1 clip=5.0,0.8453739612188367,0.8276445501767593,0.7578947368421053,0.7578947368421053,0.7578947368421053,0.7578947368421053,dataset_1,4,random_visible,30.0,0.8,174,95,95,136
Baseline STV + IF,0.6483870967741936,0.5836113331113331,0.56,0.56,0.56,0.56,dataset_2,4,random_visible,30.0,0.64,55,31,25,132
Enhanced STV + IF,0.6638709677419354,0.5996271200064303,0.64,0.64,0.64,0.64,dataset_2,4,random_visible,30.0,0.6,55,31,25,132
Global Residual STV k=1 clip=5.0,0.7806451612903226,0.6579322973495992,0.68,0.68,0.68,0.68,dataset_2,4,random_visible,30.0,0.72,55,31,25,132
Global Weighted Residual STV k=1 clip=5.0,0.7999999999999999,0.7414130855820231,0.72,0.72,0.72,0.72,dataset_2,4,random_visible,30.0,0.72,55,31,25,132
Request-Aware Weighted Residual STV k=1 clip=5.0,0.7999999999999999,0.7414130855820231,0.72,0.72,0.72,0.72,dataset_2,4,random_visible,30.0,0.72,55,31,25,132
Baseline STV + IF,0.5924865229110512,0.5508978428240275,0.5660377358490566,0.5660377358490566,0.5660377358490566,0.5660377358490566,dataset_3,4,random_visible,30.0,0.7358490566037735,104,56,53,175
Enhanced STV + IF,0.7237196765498652,0.6601896115804917,0.660377358490566,0.660377358490566,0.660377358490566,0.660377358490566,dataset_3,4,random_visible,30.0,0.6792452830188679,104,56,53,175
Global Residual STV k=1 clip=5.0,0.8386118598382749,0.7817839394837416,0.7358490566037735,0.7358490566037735,0.7358490566037735,0.7358490566037735,dataset_3,4,random_visible,30.0,0.7735849056603774,104,56,53,175
Global Weighted Residual STV k=1 clip=5.0,0.8242924528301887,0.823403289504756,0.7358490566037735,0.7358490566037735,0.7358490566037735,0.7358490566037735,dataset_3,4,random_visible,30.0,0.8113207547169812,104,56,53,175
Request-Aware Weighted Residual STV k=1 clip=5.0,0.8189016172506739,0.8247836694636799,0.7169811320754716,0.7169811320754716,0.7169811320754716,0.7169811320754716,dataset_3,4,random_visible,30.0,0.8301886792452831,104,56,53,175
