method,roc_auc,average_precision,precision_at_k,precision,recall,f1,pairwise_win_rate,dataset,num_train_traces,num_test_normal,num_test_injected,stv_vocab_size
Request-Aware Weighted Residual STV k=1 clip=5.0,0.8478670360110804,0.8356244123079006,0.7578947368421053,0.7578947368421053,0.7578947368421053,0.7578947368421053,0.8315789473684211,dataset_1,174,95,95,129
Global Weighted Residual STV k=1 clip=5.0,0.8449861495844876,0.8311371740593776,0.7578947368421053,0.7578947368421053,0.7578947368421053,0.7578947368421053,0.8210526315789474,dataset_1,174,95,95,129
Global Weighted Residual STV k=1 clip=10.0,0.8417728531855956,0.8308142666890498,0.7578947368421053,0.7578947368421053,0.7578947368421053,0.7578947368421053,0.8526315789473684,dataset_1,174,95,95,129
Request-Aware Residual STV k=1 clip=5.0,0.841606648199446,0.8057890793480267,0.7473684210526316,0.7473684210526316,0.7473684210526316,0.7473684210526316,0.8105263157894737,dataset_1,174,95,95,129
Request-Aware Weighted Residual STV k=1 clip=10.0,0.8413296398891966,0.8278203808434146,0.7578947368421053,0.7578947368421053,0.7578947368421053,0.7578947368421053,0.8526315789473684,dataset_1,174,95,95,129
Global Residual STV k=1 clip=5.0,0.8410526315789473,0.8053154382766663,0.7473684210526316,0.7473684210526316,0.7473684210526316,0.7473684210526316,0.8105263157894737,dataset_1,174,95,95,129
Global Residual STV k=1 clip=10.0,0.8401108033240997,0.8107334627891263,0.7473684210526316,0.7473684210526316,0.7473684210526316,0.7473684210526316,0.8526315789473684,dataset_1,174,95,95,129
Request-Aware Residual STV k=1 clip=10.0,0.8382271468144045,0.7990411284372203,0.7473684210526316,0.7473684210526316,0.7473684210526316,0.7473684210526316,0.8421052631578947,dataset_1,174,95,95,129
Global Residual STV k=3 clip=10.0,0.7994459833795013,0.7801025749855838,0.7157894736842105,0.7157894736842105,0.7157894736842105,0.7157894736842105,0.9052631578947369,dataset_1,174,95,95,129
Global Weighted Residual STV k=3 clip=10.0,0.7986703601108034,0.8063422835570555,0.7263157894736842,0.7263157894736842,0.7263157894736842,0.7263157894736842,0.9052631578947369,dataset_1,174,95,95,129
Request-Aware Residual STV k=3 clip=10.0,0.7982271468144044,0.778225115906922,0.7157894736842105,0.7157894736842105,0.7157894736842105,0.7157894736842105,0.9052631578947369,dataset_1,174,95,95,129
Request-Aware Weighted Residual STV k=3 clip=10.0,0.7981717451523546,0.8054039531097879,0.7263157894736842,0.7263157894736842,0.7263157894736842,0.7263157894736842,0.9157894736842105,dataset_1,174,95,95,129
Request-Aware Weighted Residual STV k=3 clip=5.0,0.7964542936288088,0.8184078540204673,0.7157894736842105,0.7157894736842105,0.7157894736842105,0.7157894736842105,0.8947368421052632,dataset_1,174,95,95,129
Global Weighted Residual STV k=3 clip=5.0,0.794404432132964,0.815012670578046,0.7157894736842105,0.7157894736842105,0.7157894736842105,0.7157894736842105,0.8842105263157894,dataset_1,174,95,95,129
Global Residual STV k=3 clip=5.0,0.7936842105263158,0.7701935730811679,0.7157894736842105,0.7157894736842105,0.7157894736842105,0.7157894736842105,0.8842105263157894,dataset_1,174,95,95,129
Request-Aware Residual STV k=3 clip=5.0,0.7934626038781163,0.7697424245870522,0.7157894736842105,0.7157894736842105,0.7157894736842105,0.7157894736842105,0.8842105263157894,dataset_1,174,95,95,129
Global Residual STV k=5 clip=10.0,0.7861495844875346,0.7670828492479662,0.7157894736842105,0.7157894736842105,0.7157894736842105,0.7157894736842105,0.9263157894736842,dataset_1,174,95,95,129
Global Weighted Residual STV k=5 clip=10.0,0.7850415512465374,0.7685130826940225,0.6947368421052632,0.6947368421052632,0.6947368421052632,0.6947368421052632,0.9263157894736842,dataset_1,174,95,95,129
Request-Aware Weighted Residual STV k=5 clip=10.0,0.7849307479224377,0.7712320109285251,0.6842105263157895,0.6842105263157895,0.6842105263157895,0.6842105263157895,0.9263157894736842,dataset_1,174,95,95,129
Request-Aware Residual STV k=5 clip=10.0,0.7848199445983379,0.7647374736701857,0.7052631578947368,0.7052631578947368,0.7052631578947368,0.7052631578947368,0.9263157894736842,dataset_1,174,95,95,129
Request-Aware Residual STV k=5 clip=5.0,0.7762326869806094,0.7448180609573178,0.6947368421052632,0.6947368421052632,0.6947368421052632,0.6947368421052632,0.9052631578947369,dataset_1,174,95,95,129
Global Residual STV k=5 clip=5.0,0.7757340720221606,0.7420903940240751,0.6947368421052632,0.6947368421052632,0.6947368421052632,0.6947368421052632,0.9052631578947369,dataset_1,174,95,95,129
Request-Aware Weighted Residual STV k=5 clip=5.0,0.7751246537396123,0.7597518595514376,0.6842105263157895,0.6842105263157895,0.6842105263157895,0.6842105263157895,0.9157894736842105,dataset_1,174,95,95,129
Global Weighted Residual STV k=5 clip=5.0,0.7735734072022161,0.7580634649583023,0.6842105263157895,0.6842105263157895,0.6842105263157895,0.6842105263157895,0.9157894736842105,dataset_1,174,95,95,129
Request-Aware Enhanced STV + IF,0.6864819944598337,0.7595290409177549,0.6105263157894737,0.6105263157894737,0.6105263157894737,0.6105263157894737,0.8,dataset_1,174,95,95,129
Enhanced STV + IF,0.667590027700831,0.6076700123183987,0.6210526315789474,0.6210526315789474,0.6210526315789474,0.6210526315789474,0.8105263157894737,dataset_1,174,95,95,129
Baseline STV + IF,0.5781717451523547,0.5628995560075976,0.6,0.6,0.6,0.6,0.9052631578947369,dataset_1,174,95,95,129
Global Weighted Residual STV k=1 clip=10.0,0.8338709677419355,0.807633026481017,0.7333333333333333,0.7333333333333333,0.7333333333333333,0.7333333333333333,0.9333333333333333,dataset_2,55,31,30,186
Request-Aware Weighted Residual STV k=1 clip=10.0,0.8338709677419355,0.807633026481017,0.7333333333333333,0.7333333333333333,0.7333333333333333,0.7333333333333333,0.9333333333333333,dataset_2,55,31,30,186
Global Weighted Residual STV k=1 clip=5.0,0.8301075268817204,0.8274730835114765,0.7333333333333333,0.7333333333333333,0.7333333333333333,0.7333333333333333,0.9333333333333333,dataset_2,55,31,30,186
Request-Aware Weighted Residual STV k=1 clip=5.0,0.8301075268817204,0.8274730835114765,0.7333333333333333,0.7333333333333333,0.7333333333333333,0.7333333333333333,0.9333333333333333,dataset_2,55,31,30,186
Request-Aware Weighted Residual STV k=3 clip=10.0,0.8198924731182796,0.8482411268556429,0.7333333333333333,0.7333333333333333,0.7333333333333333,0.7333333333333333,0.9333333333333333,dataset_2,55,31,30,186
Global Weighted Residual STV k=3 clip=10.0,0.8188172043010753,0.8478917208458594,0.7333333333333333,0.7333333333333333,0.7333333333333333,0.7333333333333333,0.9333333333333333,dataset_2,55,31,30,186
Request-Aware Weighted Residual STV k=5 clip=10.0,0.8188172043010753,0.8558203952903867,0.7,0.7,0.7,0.7,0.9333333333333333,dataset_2,55,31,30,186
Global Weighted Residual STV k=5 clip=10.0,0.817741935483871,0.8554709892806033,0.7,0.7,0.7,0.7,0.9333333333333333,dataset_2,55,31,30,186
Request-Aware Residual STV k=3 clip=10.0,0.8166666666666667,0.8608509983838984,0.7,0.7,0.7,0.7,0.9333333333333333,dataset_2,55,31,30,186
Global Residual STV k=1 clip=5.0,0.8161290322580645,0.8303777855940265,0.7333333333333333,0.7333333333333333,0.7333333333333333,0.7333333333333333,0.9333333333333333,dataset_2,55,31,30,186
Request-Aware Residual STV k=1 clip=5.0,0.8161290322580645,0.8303777855940265,0.7333333333333333,0.7333333333333333,0.7333333333333333,0.7333333333333333,0.9333333333333333,dataset_2,55,31,30,186
Global Residual STV k=3 clip=10.0,0.8155913978494623,0.860526323059223,0.7,0.7,0.7,0.7,0.9333333333333333,dataset_2,55,31,30,186
Global Residual STV k=1 clip=10.0,0.810752688172043,0.8003257080419489,0.7333333333333333,0.7333333333333333,0.7333333333333333,0.7333333333333333,0.9333333333333333,dataset_2,55,31,30,186
Request-Aware Residual STV k=1 clip=10.0,0.810752688172043,0.8003257080419489,0.7333333333333333,0.7333333333333333,0.7333333333333333,0.7333333333333333,0.9333333333333333,dataset_2,55,31,30,186
Request-Aware Weighted Residual STV k=3 clip=5.0,0.8091397849462366,0.8368870265580158,0.7333333333333333,0.7333333333333333,0.7333333333333333,0.7333333333333333,0.9333333333333333,dataset_2,55,31,30,186
Request-Aware Residual STV k=5 clip=10.0,0.8091397849462366,0.8521362233006686,0.7,0.7,0.7,0.7,0.9333333333333333,dataset_2,55,31,30,186
Request-Aware Weighted Residual STV k=5 clip=5.0,0.8091397849462365,0.8476846389133774,0.7,0.7,0.7,0.7,0.9333333333333333,dataset_2,55,31,30,186
Global Weighted Residual STV k=3 clip=5.0,0.8080645161290323,0.8365376205482323,0.7333333333333333,0.7333333333333333,0.7333333333333333,0.7333333333333333,0.9333333333333333,dataset_2,55,31,30,186
Global Residual STV k=5 clip=10.0,0.8080645161290323,0.8518115479759933,0.7,0.7,0.7,0.7,0.9333333333333333,dataset_2,55,31,30,186
Global Weighted Residual STV k=5 clip=5.0,0.8080645161290322,0.8473352329035941,0.7,0.7,0.7,0.7,0.9333333333333333,dataset_2,55,31,30,186
Request-Aware Residual STV k=3 clip=5.0,0.8032258064516129,0.8471432689152995,0.7,0.7,0.7,0.7,0.9333333333333333,dataset_2,55,31,30,186
Global Residual STV k=3 clip=5.0,0.8021505376344086,0.8468185935906241,0.7,0.7,0.7,0.7,0.9333333333333333,dataset_2,55,31,30,186
Request-Aware Residual STV k=5 clip=5.0,0.7924731182795699,0.8297271863470396,0.6666666666666666,0.6666666666666666,0.6666666666666666,0.6666666666666666,0.9333333333333333,dataset_2,55,31,30,186
Global Residual STV k=5 clip=5.0,0.7913978494623656,0.8294025110223643,0.6666666666666666,0.6666666666666666,0.6666666666666666,0.6666666666666666,0.9333333333333333,dataset_2,55,31,30,186
Enhanced STV + IF,0.6295698924731182,0.7305280884923337,0.5666666666666667,0.5666666666666667,0.5666666666666667,0.5666666666666667,0.5666666666666667,dataset_2,55,31,30,186
Request-Aware Enhanced STV + IF,0.5983870967741935,0.642113600339329,0.5333333333333333,0.5333333333333333,0.5333333333333333,0.5333333333333333,0.5666666666666667,dataset_2,55,31,30,186
Baseline STV + IF,0.5908602150537634,0.5550116319210838,0.5666666666666667,0.5666666666666667,0.5666666666666667,0.5666666666666667,0.5333333333333333,dataset_2,55,31,30,186
Global Residual STV k=3 clip=5.0,0.7508267195767196,0.7488051279495093,0.6851851851851852,0.6851851851851852,0.6851851851851852,0.6851851851851852,0.7962962962962963,dataset_3,104,56,54,130
Global Residual STV k=1 clip=5.0,0.7508267195767194,0.6933753275295111,0.7037037037037037,0.7037037037037037,0.7037037037037037,0.7037037037037037,0.7037037037037037,dataset_3,104,56,54,130
Request-Aware Residual STV k=1 clip=5.0,0.7504960317460316,0.6941642620750651,0.7037037037037037,0.7037037037037037,0.7037037037037037,0.7037037037037037,0.7037037037037037,dataset_3,104,56,54,130
Request-Aware Residual STV k=3 clip=5.0,0.7471891534391535,0.7479496992355926,0.6851851851851852,0.6851851851851852,0.6851851851851852,0.6851851851851852,0.7962962962962963,dataset_3,104,56,54,130
Global Residual STV k=5 clip=5.0,0.7438822751322751,0.7334505269335089,0.6851851851851852,0.6851851851851852,0.6851851851851852,0.6851851851851852,0.7962962962962963,dataset_3,104,56,54,130
Request-Aware Residual STV k=5 clip=5.0,0.7405753968253969,0.7326479598962405,0.6851851851851852,0.6851851851851852,0.6851851851851852,0.6851851851851852,0.7962962962962963,dataset_3,104,56,54,130
Global Weighted Residual STV k=1 clip=5.0,0.7366071428571429,0.7586231795385396,0.6851851851851852,0.6851851851851852,0.6851851851851852,0.6851851851851852,0.7407407407407407,dataset_3,104,56,54,130
Request-Aware Weighted Residual STV k=1 clip=5.0,0.7359457671957671,0.759018915422496,0.6851851851851852,0.6851851851851852,0.6851851851851852,0.6851851851851852,0.7222222222222222,dataset_3,104,56,54,130
Global Residual STV k=1 clip=10.0,0.734292328042328,0.6542883328725744,0.7037037037037037,0.7037037037037037,0.7037037037037037,0.7037037037037037,0.7592592592592593,dataset_3,104,56,54,130
Request-Aware Residual STV k=1 clip=10.0,0.7339616402116402,0.6550772674181283,0.7037037037037037,0.7037037037037037,0.7037037037037037,0.7037037037037037,0.7592592592592593,dataset_3,104,56,54,130
Global Residual STV k=3 clip=10.0,0.7328042328042328,0.7047576540783832,0.6851851851851852,0.6851851851851852,0.6851851851851852,0.6851851851851852,0.8148148148148148,dataset_3,104,56,54,130
Global Weighted Residual STV k=1 clip=10.0,0.7318121693121693,0.7679102477174019,0.6851851851851852,0.6851851851851852,0.6851851851851852,0.6851851851851852,0.7962962962962963,dataset_3,104,56,54,130
Request-Aware Weighted Residual STV k=1 clip=10.0,0.7314814814814814,0.7683936954537761,0.6851851851851852,0.6851851851851852,0.6851851851851852,0.6851851851851852,0.7777777777777778,dataset_3,104,56,54,130
Request-Aware Residual STV k=3 clip=10.0,0.7291666666666666,0.7039338590875176,0.6851851851851852,0.6851851851851852,0.6851851851851852,0.6851851851851852,0.8148148148148148,dataset_3,104,56,54,130
Global Residual STV k=5 clip=10.0,0.7278439153439152,0.712150920774297,0.6851851851851852,0.6851851851851852,0.6851851851851852,0.6851851851851852,0.8333333333333334,dataset_3,104,56,54,130
Request-Aware Residual STV k=5 clip=10.0,0.7251984126984127,0.7119140488497621,0.6851851851851852,0.6851851851851852,0.6851851851851852,0.6851851851851852,0.8333333333333334,dataset_3,104,56,54,130
Global Weighted Residual STV k=3 clip=10.0,0.7223875661375662,0.7728927904112007,0.6666666666666666,0.6666666666666666,0.6666666666666666,0.6666666666666666,0.8148148148148148,dataset_3,104,56,54,130
Request-Aware Weighted Residual STV k=3 clip=10.0,0.7223875661375662,0.7739388030034101,0.6481481481481481,0.6481481481481481,0.6481481481481481,0.6481481481481481,0.8148148148148148,dataset_3,104,56,54,130
Global Weighted Residual STV k=3 clip=5.0,0.7199074074074074,0.767565995468038,0.6851851851851852,0.6851851851851852,0.6851851851851852,0.6851851851851852,0.7962962962962963,dataset_3,104,56,54,130
Request-Aware Weighted Residual STV k=3 clip=5.0,0.7195767195767196,0.7687291039059114,0.6851851851851852,0.6851851851851852,0.6851851851851852,0.6851851851851852,0.7962962962962963,dataset_3,104,56,54,130
Global Weighted Residual STV k=5 clip=10.0,0.716765873015873,0.7513030844698211,0.6481481481481481,0.6481481481481481,0.6481481481481481,0.6481481481481481,0.8333333333333334,dataset_3,104,56,54,130
Request-Aware Weighted Residual STV k=5 clip=10.0,0.7161044973544974,0.7516463814843174,0.6481481481481481,0.6481481481481481,0.6481481481481481,0.6481481481481481,0.8333333333333334,dataset_3,104,56,54,130
Global Weighted Residual STV k=5 clip=5.0,0.7151124338624338,0.763954798707268,0.7037037037037037,0.7037037037037037,0.7037037037037037,0.7037037037037037,0.7962962962962963,dataset_3,104,56,54,130
Request-Aware Weighted Residual STV k=5 clip=5.0,0.7144510582010583,0.7645394586918844,0.7037037037037037,0.7037037037037037,0.7037037037037037,0.7037037037037037,0.7962962962962963,dataset_3,104,56,54,130
Enhanced STV + IF,0.6493055555555556,0.625243968809743,0.6481481481481481,0.6481481481481481,0.6481481481481481,0.6481481481481481,0.6111111111111112,dataset_3,104,56,54,130
Request-Aware Enhanced STV + IF,0.6054894179894179,0.6282899522741533,0.6111111111111112,0.6111111111111112,0.6111111111111112,0.6111111111111112,0.6111111111111112,dataset_3,104,56,54,130
Baseline STV + IF,0.5826719576719578,0.5555430523068701,0.5925925925925926,0.5925925925925926,0.5925925925925926,0.5925925925925926,0.7592592592592593,dataset_3,104,56,54,130
