method,roc_auc_mean,roc_auc_std,average_precision_mean,average_precision_std,f1_mean,f1_std,precision_at_k_mean,precision_at_k_std,pairwise_win_rate_mean,pairwise_win_rate_std,visible_event_ratio_mean,unseen_event_ratio_mean,runs
Global Weighted Residual STV k=1 clip=5.0,0.803338699310935,0.10087489775411801,0.804336333469229,0.08980032772818082,0.7220646907594108,0.07969604534444963,0.7220646907594108,0.07969604534444963,0.7751412343710196,0.15385788529086478,0.9436988883610105,0.056301111638989584,30
Global Residual STV k=1 clip=5.0,0.7943111877597436,0.10879736490107847,0.7323908786132641,0.11766926328116298,0.7404068604036165,0.09578682930736923,0.7404068604036165,0.09578682930736923,0.7572816576219161,0.15653535054455903,0.9436988883610105,0.056301111638989584,30
Global Weighted Residual STV k=1 clip=10.0,0.7912336719010482,0.10464607698405791,0.7641404339255274,0.11098878245386545,0.7252708866288312,0.08256900838485576,0.7252708866288312,0.08256900838485576,0.7692649094065813,0.16093565054124556,0.9436988883610105,0.056301111638989584,30
Global Residual STV k=1 clip=10.0,0.7909866883532009,0.10711181305602097,0.7140307786280541,0.1075293114893401,0.7404068604036165,0.09578682930736923,0.7404068604036165,0.09578682930736923,0.7671542923386059,0.16035322763757595,0.9436988883610105,0.056301111638989584,30
Global Residual STV k=3 clip=5.0,0.7687412481820601,0.09186332372666856,0.7234037784767117,0.09526291477069176,0.7033853120785535,0.07031417336551316,0.7033853120785535,0.07031417336551316,0.8024357773779595,0.1418732928076874,0.9436988883610105,0.056301111638989584,30
Global Weighted Residual STV k=3 clip=5.0,0.7656044421919862,0.08643502986704764,0.7770530930518272,0.0749112566305823,0.6942428372653016,0.06563039947956746,0.6942428372653016,0.06563039947956746,0.809761500375767,0.13476667745359527,0.9436988883610105,0.056301111638989584,30
Global Residual STV k=3 clip=10.0,0.7650419942660355,0.09378374534897573,0.7131368013462718,0.09894146998313039,0.705346096392279,0.07086484467977319,0.705346096392279,0.07086484467977319,0.8081045846940291,0.14356699318627852,0.9436988883610105,0.056301111638989584,30
Global Weighted Residual STV k=3 clip=10.0,0.7608888639236476,0.08982835377201163,0.7431295329659766,0.09306124588697563,0.6937919752984268,0.06751824108545168,0.6937919752984268,0.06751824108545168,0.8126320797678708,0.13775878717058815,0.9436988883610105,0.056301111638989584,30
Global Residual STV k=5 clip=5.0,0.7544971808167749,0.08805617184536223,0.6910268880203355,0.0744114475627178,0.6966394649524343,0.06417896802002104,0.6966394649524343,0.06417896802002104,0.8202621290516966,0.13644018412022735,0.9436988883610105,0.056301111638989584,30
Global Residual STV k=5 clip=10.0,0.7540730279510502,0.09082653968715082,0.6936646787878331,0.08640831618735381,0.7025218178936108,0.06641088540986628,0.7025218178936108,0.06641088540986628,0.8259309363677664,0.1383612002756233,0.9436988883610105,0.056301111638989584,30
Global Weighted Residual STV k=5 clip=5.0,0.7536848865629402,0.08392109002411832,0.7409108427252733,0.07858287651144558,0.678168051470154,0.05982231164489547,0.678168051470154,0.05982231164489547,0.827175556914079,0.13437394727826524,0.9436988883610105,0.056301111638989584,30
Global Weighted Residual STV k=5 clip=10.0,0.7513562165090132,0.08591192330022998,0.7199994192471915,0.08347761228114976,0.6819689114347207,0.06448353934860396,0.6819689114347207,0.06448353934860396,0.8289424784687788,0.13552078507508514,0.9436988883610105,0.056301111638989584,30
Enhanced STV + IF,0.6895606967980089,0.06313532981054892,0.6183770905447158,0.04676248189036581,0.6467196372878541,0.047439905244765254,0.6467196372878541,0.047439905244765254,0.7420405417714983,0.09033592933705246,0.9436988883610105,0.056301111638989584,30
Baseline STV + IF,0.6218324782048564,0.02509672423069351,0.573319219045328,0.01594862400366114,0.6021896561431405,0.035605147847640385,0.6021896561431405,0.035605147847640385,0.8885934159281452,0.04690710337274623,0.9436988883610105,0.056301111638989584,30
