train_dataset,test_dataset,method,roc_auc_mean,roc_auc_std,average_precision_mean,f1_mean,pairwise_win_rate_mean,visible_event_ratio_mean,unseen_event_ratio_mean,runs
dataset_1,dataset_2,Global Weighted Residual STV k=1 clip=5.0,0.8906292749658002,0.0,0.8881993939460748,0.8,0.9647058823529411,0.8859111791730475,0.11408882082695253,5
dataset_1,dataset_2,Global Weighted Residual STV k=1 clip=10.0,0.8876196990424077,0.0,0.8855924775457444,0.8,0.9647058823529411,0.8859111791730475,0.11408882082695253,5
dataset_1,dataset_2,Global Residual STV k=1 clip=5.0,0.8841997264021888,0.0,0.8485063224955753,0.8352941176470589,0.9294117647058824,0.8859111791730475,0.11408882082695253,5
dataset_1,dataset_2,Global Residual STV k=1 clip=10.0,0.8772913816689465,0.0,0.8108526407568368,0.8352941176470589,0.9529411764705882,0.8859111791730475,0.11408882082695253,5
dataset_1,dataset_2,Global Weighted Residual STV k=3 clip=10.0,0.83625170998632,0.0,0.8567218462041708,0.7294117647058823,0.9882352941176471,0.8859111791730475,0.11408882082695253,5
dataset_1,dataset_2,Global Residual STV k=3 clip=5.0,0.8333789329685363,0.0,0.8497914849874718,0.7176470588235294,0.9882352941176471,0.8859111791730475,0.11408882082695253,5
dataset_1,dataset_2,Global Weighted Residual STV k=3 clip=5.0,0.8306429548563612,0.0,0.8474563315573178,0.7411764705882353,0.9882352941176471,0.8859111791730475,0.11408882082695253,5
dataset_1,dataset_2,Global Residual STV k=3 clip=10.0,0.8288645690834475,0.0,0.836548048268541,0.7294117647058823,0.9882352941176471,0.8859111791730475,0.11408882082695253,5
dataset_1,dataset_2,Global Weighted Residual STV k=5 clip=10.0,0.8191518467852257,0.0,0.8281547102950879,0.7294117647058823,0.9882352941176471,0.8859111791730475,0.11408882082695253,5
dataset_1,dataset_2,Global Weighted Residual STV k=5 clip=5.0,0.8153214774281805,0.0,0.8235471422702094,0.7176470588235294,0.9882352941176471,0.8859111791730475,0.11408882082695253,5
dataset_1,dataset_2,Global Residual STV k=5 clip=10.0,0.8086183310533516,0.0,0.7877651118371127,0.7411764705882353,0.9882352941176471,0.8859111791730475,0.11408882082695253,5
dataset_1,dataset_2,Global Residual STV k=5 clip=5.0,0.80109439124487,0.0,0.7628802882183967,0.7058823529411765,0.9882352941176471,0.8859111791730475,0.11408882082695253,5
dataset_1,dataset_2,Enhanced STV + IF,0.7115731874145007,0.013896910590259139,0.6301415934920909,0.6729411764705883,0.8164705882352941,0.8859111791730475,0.11408882082695253,5
dataset_1,dataset_2,Baseline STV + IF,0.6075786593707251,0.01650266327500649,0.5769259952722435,0.6094117647058823,0.8635294117647059,0.8859111791730475,0.11408882082695253,5
dataset_1,dataset_3,Global Residual STV k=1 clip=5.0,0.9110608552631578,0.0,0.8879098344879226,0.8289473684210528,0.9210526315789472,0.9187155042649271,0.08128449573507275,5
dataset_1,dataset_3,Global Residual STV k=1 clip=10.0,0.9086348684210528,0.0,0.8702766691290945,0.8289473684210528,0.9342105263157896,0.9187155042649271,0.08128449573507275,5
dataset_1,dataset_3,Global Weighted Residual STV k=1 clip=5.0,0.8913651315789475,0.0,0.8922257919342925,0.7960526315789473,0.9210526315789472,0.9187155042649271,0.08128449573507275,5
dataset_1,dataset_3,Global Weighted Residual STV k=1 clip=10.0,0.8895148026315789,0.0,0.8787990906552281,0.8026315789473685,0.9342105263157896,0.9187155042649271,0.08128449573507275,5
dataset_1,dataset_3,Global Residual STV k=3 clip=10.0,0.8737458881578947,0.0,0.829489811974246,0.8157894736842104,0.9342105263157896,0.9187155042649271,0.08128449573507275,5
dataset_1,dataset_3,Global Residual STV k=3 clip=5.0,0.8708675986842105,0.0,0.8264700336275114,0.8157894736842104,0.9210526315789472,0.9187155042649271,0.08128449573507275,5
dataset_1,dataset_3,Global Residual STV k=5 clip=10.0,0.8590871710526315,0.0,0.7930887844363567,0.7960526315789473,0.9407894736842104,0.9187155042649271,0.08128449573507275,5
dataset_1,dataset_3,Global Residual STV k=5 clip=5.0,0.8548108552631579,0.0,0.7759927649957327,0.7960526315789473,0.9276315789473685,0.9187155042649271,0.08128449573507275,5
dataset_1,dataset_3,Global Weighted Residual STV k=3 clip=10.0,0.8508018092105264,0.0,0.8398361948558628,0.7828947368421053,0.9342105263157896,0.9187155042649271,0.08128449573507275,5
dataset_1,dataset_3,Global Weighted Residual STV k=3 clip=5.0,0.8468955592105264,0.0,0.8491953865255446,0.7697368421052632,0.9210526315789472,0.9187155042649271,0.08128449573507275,5
dataset_1,dataset_3,Global Weighted Residual STV k=5 clip=10.0,0.8378700657894737,0.0,0.8028556245774581,0.7631578947368421,0.9407894736842104,0.9187155042649271,0.08128449573507275,5
dataset_1,dataset_3,Global Weighted Residual STV k=5 clip=5.0,0.831702302631579,0.0,0.7955877257379999,0.756578947368421,0.9407894736842104,0.9187155042649271,0.08128449573507275,5
dataset_1,dataset_3,Enhanced STV + IF,0.7785814144736842,0.019432986235136274,0.6988270317065081,0.7078947368421054,0.8618421052631579,0.9187155042649271,0.08128449573507275,5
dataset_1,dataset_3,Baseline STV + IF,0.6479481907894737,0.01861633618291659,0.5980319915872337,0.6368421052631579,0.9157894736842106,0.9187155042649271,0.08128449573507275,5
dataset_2,dataset_1,Global Weighted Residual STV k=1 clip=5.0,0.6107709954257128,0.0,0.6437078059905322,0.587360594795539,0.550185873605948,0.9778247096092925,0.022175290390707498,5
dataset_2,dataset_1,Global Weighted Residual STV k=3 clip=5.0,0.6003855668108511,0.0,0.6423413308423949,0.5836431226765799,0.5985130111524164,0.9778247096092925,0.022175290390707498,5
dataset_2,dataset_1,Global Weighted Residual STV k=1 clip=10.0,0.5979118585978634,0.0,0.5905424578507666,0.587360594795539,0.5315985130111525,0.9778247096092925,0.022175290390707498,5
dataset_2,dataset_1,Global Residual STV k=3 clip=5.0,0.5950995702104724,0.0,0.5777263076651615,0.5910780669144982,0.5799256505576208,0.9778247096092925,0.022175290390707498,5
dataset_2,dataset_1,Global Residual STV k=1 clip=5.0,0.5949682840203977,0.0,0.562796025076489,0.5650557620817844,0.5204460966542751,0.9778247096092925,0.022175290390707498,5
dataset_2,dataset_1,Global Residual STV k=1 clip=10.0,0.5947540802365915,0.0,0.562050863010569,0.5650557620817844,0.5241635687732342,0.9778247096092925,0.022175290390707498,5
dataset_2,dataset_1,Global Weighted Residual STV k=5 clip=5.0,0.5931510067577839,0.0,0.6017884594878277,0.5724907063197026,0.6133828996282528,0.9778247096092925,0.022175290390707498,5
dataset_2,dataset_1,Global Weighted Residual STV k=3 clip=10.0,0.592750238388082,0.0,0.5938061946719744,0.5836431226765799,0.5947955390334573,0.9778247096092925,0.022175290390707498,5
dataset_2,dataset_1,Global Residual STV k=3 clip=10.0,0.5916930390680062,0.0,0.5681160532152725,0.5910780669144982,0.5799256505576208,0.9778247096092925,0.022175290390707498,5
dataset_2,dataset_1,Global Weighted Residual STV k=5 clip=10.0,0.5899794087975567,0.0,0.5862345426735484,0.5724907063197026,0.6096654275092936,0.9778247096092925,0.022175290390707498,5
dataset_2,dataset_1,Enhanced STV + IF,0.5877585992454499,0.013347928660718286,0.5616312261973657,0.5814126394052044,0.6014869888475837,0.9778247096092925,0.022175290390707498,5
dataset_2,dataset_1,Global Residual STV k=5 clip=5.0,0.5869736460247924,0.0,0.5658650189256615,0.5910780669144982,0.6022304832713755,0.9778247096092925,0.022175290390707498,5
dataset_2,dataset_1,Global Residual STV k=5 clip=10.0,0.585439670540761,0.0,0.562275636318879,0.5910780669144982,0.6022304832713755,0.9778247096092925,0.022175290390707498,5
dataset_2,dataset_1,Baseline STV + IF,0.5838766738989235,0.010116015344202197,0.5575071583253131,0.5776951672862454,0.9315985130111525,0.9778247096092925,0.022175290390707498,5
dataset_2,dataset_3,Global Weighted Residual STV k=1 clip=5.0,0.7941380718954248,0.0,0.789265482779411,0.6797385620915033,0.7647058823529411,0.9919719016557952,0.008028098344204716,5
dataset_2,dataset_3,Global Residual STV k=1 clip=5.0,0.7824754901960784,0.0,0.6736185437298525,0.7189542483660131,0.7516339869281046,0.9919719016557952,0.008028098344204716,5
dataset_2,dataset_3,Global Residual STV k=1 clip=10.0,0.7812704248366013,0.0,0.6667235152450819,0.7189542483660131,0.7581699346405228,0.9919719016557952,0.008028098344204716,5
dataset_2,dataset_3,Global Weighted Residual STV k=1 clip=10.0,0.7756740196078432,0.0,0.7036783818075303,0.6797385620915033,0.7516339869281046,0.9919719016557952,0.008028098344204716,5
dataset_2,dataset_3,Global Residual STV k=3 clip=5.0,0.7608047385620915,0.0,0.6754657609658561,0.7058823529411765,0.7843137254901961,0.9919719016557952,0.008028098344204716,5
dataset_2,dataset_3,Global Residual STV k=3 clip=10.0,0.7563929738562092,0.0,0.6614688098985801,0.7058823529411765,0.7843137254901961,0.9919719016557952,0.008028098344204716,5
dataset_2,dataset_3,Global Residual STV k=5 clip=5.0,0.7548611111111111,0.0,0.6689807629980126,0.6928104575163399,0.803921568627451,0.9919719016557952,0.008028098344204716,5
dataset_2,dataset_3,Global Residual STV k=5 clip=10.0,0.7509803921568627,0.0,0.6556023078459566,0.6928104575163399,0.803921568627451,0.9919719016557952,0.008028098344204716,5
dataset_2,dataset_3,Global Weighted Residual STV k=3 clip=5.0,0.7493055555555557,0.0,0.7549139796185611,0.6601307189542484,0.7973856209150327,0.9919719016557952,0.008028098344204716,5
dataset_2,dataset_3,Global Weighted Residual STV k=5 clip=5.0,0.7398692810457517,0.0,0.7046644931458745,0.6535947712418301,0.8169934640522876,0.9919719016557952,0.008028098344204716,5
dataset_2,dataset_3,Global Weighted Residual STV k=3 clip=10.0,0.7369485294117648,0.0,0.6796713268607051,0.6601307189542484,0.7843137254901961,0.9919719016557952,0.008028098344204716,5
dataset_2,dataset_3,Global Weighted Residual STV k=5 clip=10.0,0.7338031045751634,0.0,0.6785526780713189,0.6535947712418301,0.8104575163398693,0.9919719016557952,0.008028098344204716,5
dataset_2,dataset_3,Enhanced STV + IF,0.6624264705882353,0.021745932275265174,0.6133633002639672,0.6483660130718955,0.6888888888888889,0.9919719016557952,0.008028098344204716,5
dataset_2,dataset_3,Baseline STV + IF,0.619938725490196,0.017669203749052446,0.56955593449698,0.5973856209150327,0.8418300653594771,0.9919719016557952,0.008028098344204716,5
dataset_3,dataset_1,Global Weighted Residual STV k=1 clip=5.0,0.7611828874398197,0.0,0.7516391112786499,0.6844262295081968,0.6147540983606558,0.932946145723337,0.06705385427666315,5
dataset_3,dataset_1,Global Weighted Residual STV k=1 clip=10.0,0.739822658297276,0.0,0.6932719489949541,0.6844262295081968,0.610655737704918,0.932946145723337,0.06705385427666315,5
dataset_3,dataset_1,Global Residual STV k=1 clip=5.0,0.7371869096227679,0.0,0.6418894553665786,0.6967213114754098,0.5983606557377049,0.932946145723337,0.06705385427666315,5
dataset_3,dataset_1,Global Weighted Residual STV k=3 clip=5.0,0.7367679322323114,0.0,0.7415033539663464,0.6639344262295082,0.6926229508196722,0.932946145723337,0.06705385427666315,5
dataset_3,dataset_1,Global Residual STV k=1 clip=10.0,0.7343226278261928,0.0,0.6301601962895188,0.6967213114754098,0.610655737704918,0.932946145723337,0.06705385427666315,5
dataset_3,dataset_1,Global Residual STV k=3 clip=5.0,0.7313516972393199,0.0,0.6748540783834014,0.6557377049180327,0.680327868852459,0.932946145723337,0.06705385427666315,5
dataset_3,dataset_1,Global Weighted Residual STV k=3 clip=10.0,0.7305061246876713,0.0,0.7156704963327831,0.6598360655737705,0.7008196721311475,0.932946145723337,0.06705385427666315,5
dataset_3,dataset_1,Global Weighted Residual STV k=5 clip=5.0,0.7241376683527332,0.0,0.7119527354414654,0.6598360655737705,0.7049180327868853,0.932946145723337,0.06705385427666315,5
dataset_3,dataset_1,Global Residual STV k=3 clip=10.0,0.7200088366140531,0.0,0.6504779030524912,0.6557377049180327,0.6885245901639344,0.932946145723337,0.06705385427666315,5
dataset_3,dataset_1,Global Weighted Residual STV k=5 clip=10.0,0.7185309890913522,0.0,0.6795498426234359,0.6516393442622951,0.7131147540983607,0.932946145723337,0.06705385427666315,5
dataset_3,dataset_1,Global Residual STV k=5 clip=5.0,0.7173502346273386,0.0,0.644178746509291,0.6598360655737705,0.7008196721311475,0.932946145723337,0.06705385427666315,5
dataset_3,dataset_1,Global Residual STV k=5 clip=10.0,0.7085669449692242,0.0,0.6288859286209892,0.6598360655737705,0.7090163934426229,0.932946145723337,0.06705385427666315,5
dataset_3,dataset_1,Enhanced STV + IF,0.667380705710281,0.02216489434794401,0.580298732255713,0.6114754098360656,0.7139344262295082,0.932946145723337,0.06705385427666315,5
dataset_3,dataset_1,Baseline STV + IF,0.6375342799683101,0.006386737803512786,0.5688577038076359,0.5918032786885246,0.9459016393442623,0.932946145723337,0.06705385427666315,5
dataset_3,dataset_2,Global Weighted Residual STV k=1 clip=5.0,0.8719458345599056,0.0,0.8609804148864134,0.7848101265822784,0.8354430379746836,0.9548238897396631,0.0451761102603369,5
dataset_3,dataset_2,Global Weighted Residual STV k=1 clip=10.0,0.8568589932293198,0.0,0.8329582466989407,0.7974683544303798,0.8227848101265824,0.9548238897396631,0.0451761102603369,5
dataset_3,dataset_2,Global Residual STV k=1 clip=5.0,0.855975861053871,0.0,0.779625090523167,0.7974683544303798,0.8227848101265824,0.9548238897396631,0.0451761102603369,5
dataset_3,dataset_2,Global Residual STV k=1 clip=10.0,0.8496467471298205,0.0,0.7441207873372238,0.7974683544303798,0.8227848101265824,0.9548238897396631,0.0451761102603369,5
dataset_3,dataset_2,Global Weighted Residual STV k=3 clip=5.0,0.8296290844863116,0.0,0.8269081758007986,0.7468354430379747,0.860759493670886,0.9548238897396631,0.0451761102603369,5
dataset_3,dataset_2,Global Residual STV k=3 clip=5.0,0.8209449514277303,0.0,0.736115005230868,0.7341772151898734,0.860759493670886,0.9548238897396631,0.0451761102603369,5
dataset_3,dataset_2,Global Residual STV k=3 clip=10.0,0.8195466588166027,0.0,0.7327201816684998,0.7341772151898734,0.8734177215189873,0.9548238897396631,0.0451761102603369,5
dataset_3,dataset_2,Global Weighted Residual STV k=3 clip=10.0,0.8180747718575214,0.0,0.7730711388703632,0.7468354430379747,0.8734177215189873,0.9548238897396631,0.0451761102603369,5
dataset_3,dataset_2,Global Weighted Residual STV k=5 clip=5.0,0.8179275831616131,0.0,0.8079245002682625,0.7088607594936709,0.8987341772151899,0.9548238897396631,0.0451761102603369,5
dataset_3,dataset_2,Global Residual STV k=5 clip=5.0,0.8118928466293788,0.0,0.7282637464749189,0.7341772151898734,0.8987341772151899,0.9548238897396631,0.0451761102603369,5
dataset_3,dataset_2,Global Residual STV k=5 clip=10.0,0.8117456579334708,0.0,0.7343703036677043,0.7341772151898734,0.911392405063291,0.9548238897396631,0.0451761102603369,5
dataset_3,dataset_2,Global Weighted Residual STV k=5 clip=10.0,0.8088018840153076,0.0,0.7446491172422998,0.7215189873417721,0.911392405063291,0.9548238897396631,0.0451761102603369,5
dataset_3,dataset_2,Enhanced STV + IF,0.7296438033559023,0.013273388949414086,0.62600065935265,0.6582278481012659,0.769620253164557,0.9548238897396631,0.0451761102603369,5
dataset_3,dataset_2,Baseline STV + IF,0.6341183397115102,0.009137798582446125,0.5690365307825622,0.6,0.8329113924050633,0.9548238897396631,0.0451761102603369,5
