train_dataset,test_dataset,random_seed,injection_factor,total_events,visible_events,unseen_events,visible_event_ratio,unseen_event_ratio,unique_keys,visible_unique_keys,unseen_unique_keys,visible_unique_key_ratio,unseen_unique_key_ratio
dataset_1,dataset_2,0,30.0,1306,1157,149,0.8859111791730475,0.11408882082695253,190,141,49,0.7421052631578947,0.2578947368421053
dataset_1,dataset_3,0,30.0,1993,1831,162,0.9187155042649272,0.08128449573507275,181,128,53,0.7071823204419889,0.292817679558011
dataset_2,dataset_1,0,30.0,3788,3704,84,0.9778247096092925,0.022175290390707498,150,141,9,0.94,0.06
dataset_2,dataset_3,0,30.0,1993,1977,16,0.9919719016557953,0.008028098344204716,181,175,6,0.9668508287292817,0.03314917127071823
dataset_3,dataset_1,0,30.0,3788,3534,254,0.9329461457233369,0.06705385427666315,150,128,22,0.8533333333333334,0.14666666666666667
dataset_3,dataset_2,0,30.0,1306,1247,59,0.9548238897396631,0.0451761102603369,190,175,15,0.9210526315789473,0.07894736842105263
dataset_1,dataset_2,1,30.0,1306,1157,149,0.8859111791730475,0.11408882082695253,190,141,49,0.7421052631578947,0.2578947368421053
dataset_1,dataset_3,1,30.0,1993,1831,162,0.9187155042649272,0.08128449573507275,181,128,53,0.7071823204419889,0.292817679558011
dataset_2,dataset_1,1,30.0,3788,3704,84,0.9778247096092925,0.022175290390707498,150,141,9,0.94,0.06
dataset_2,dataset_3,1,30.0,1993,1977,16,0.9919719016557953,0.008028098344204716,181,175,6,0.9668508287292817,0.03314917127071823
dataset_3,dataset_1,1,30.0,3788,3534,254,0.9329461457233369,0.06705385427666315,150,128,22,0.8533333333333334,0.14666666666666667
dataset_3,dataset_2,1,30.0,1306,1247,59,0.9548238897396631,0.0451761102603369,190,175,15,0.9210526315789473,0.07894736842105263
dataset_1,dataset_2,2,30.0,1306,1157,149,0.8859111791730475,0.11408882082695253,190,141,49,0.7421052631578947,0.2578947368421053
dataset_1,dataset_3,2,30.0,1993,1831,162,0.9187155042649272,0.08128449573507275,181,128,53,0.7071823204419889,0.292817679558011
dataset_2,dataset_1,2,30.0,3788,3704,84,0.9778247096092925,0.022175290390707498,150,141,9,0.94,0.06
dataset_2,dataset_3,2,30.0,1993,1977,16,0.9919719016557953,0.008028098344204716,181,175,6,0.9668508287292817,0.03314917127071823
dataset_3,dataset_1,2,30.0,3788,3534,254,0.9329461457233369,0.06705385427666315,150,128,22,0.8533333333333334,0.14666666666666667
dataset_3,dataset_2,2,30.0,1306,1247,59,0.9548238897396631,0.0451761102603369,190,175,15,0.9210526315789473,0.07894736842105263
dataset_1,dataset_2,3,30.0,1306,1157,149,0.8859111791730475,0.11408882082695253,190,141,49,0.7421052631578947,0.2578947368421053
dataset_1,dataset_3,3,30.0,1993,1831,162,0.9187155042649272,0.08128449573507275,181,128,53,0.7071823204419889,0.292817679558011
dataset_2,dataset_1,3,30.0,3788,3704,84,0.9778247096092925,0.022175290390707498,150,141,9,0.94,0.06
dataset_2,dataset_3,3,30.0,1993,1977,16,0.9919719016557953,0.008028098344204716,181,175,6,0.9668508287292817,0.03314917127071823
dataset_3,dataset_1,3,30.0,3788,3534,254,0.9329461457233369,0.06705385427666315,150,128,22,0.8533333333333334,0.14666666666666667
dataset_3,dataset_2,3,30.0,1306,1247,59,0.9548238897396631,0.0451761102603369,190,175,15,0.9210526315789473,0.07894736842105263
dataset_1,dataset_2,4,30.0,1306,1157,149,0.8859111791730475,0.11408882082695253,190,141,49,0.7421052631578947,0.2578947368421053
dataset_1,dataset_3,4,30.0,1993,1831,162,0.9187155042649272,0.08128449573507275,181,128,53,0.7071823204419889,0.292817679558011
dataset_2,dataset_1,4,30.0,3788,3704,84,0.9778247096092925,0.022175290390707498,150,141,9,0.94,0.06
dataset_2,dataset_3,4,30.0,1993,1977,16,0.9919719016557953,0.008028098344204716,181,175,6,0.9668508287292817,0.03314917127071823
dataset_3,dataset_1,4,30.0,3788,3534,254,0.9329461457233369,0.06705385427666315,150,128,22,0.8533333333333334,0.14666666666666667
dataset_3,dataset_2,4,30.0,1306,1247,59,0.9548238897396631,0.0451761102603369,190,175,15,0.9210526315789473,0.07894736842105263
