dataset,method,roc_auc_mean,roc_auc_std,average_precision_mean,f1_mean,pairwise_win_rate_mean,pairwise_win_rate_std,runs
dataset_1,Global Weighted Residual STV k=1 clip=5.0,0.8693850415512465,0.00656160127605515,0.8661415522699565,0.7957894736842105,0.8652631578947367,0.044285650458868696,5
dataset_1,Request-Aware Weighted Residual STV k=1 clip=5.0,0.8669695290858727,0.009597880255942862,0.8496017140799472,0.791578947368421,0.8526315789473685,0.04765992177967067,5
dataset_1,Global Weighted Residual STV k=1 clip=10.0,0.8514349030470914,0.014793675426376978,0.83232590697007,0.7873684210526315,0.8821052631578947,0.04428565045886868,5
dataset_1,Request-Aware Weighted Residual STV k=1 clip=10.0,0.8464709141274238,0.01580799807550873,0.8107213042228197,0.7894736842105263,0.8821052631578947,0.04301645629832115,5
dataset_1,Global Residual STV k=1 clip=5.0,0.8405429362880886,0.03708071358932757,0.7849864738625324,0.7768421052631579,0.8252631578947369,0.0629822117964278,5
dataset_1,Global Residual STV k=1 clip=10.0,0.8357008310249308,0.04070604083452899,0.7673028144740203,0.7768421052631579,0.8505263157894737,0.05540083101869792,5
dataset_1,Request-Aware Residual STV k=1 clip=5.0,0.8351246537396122,0.03493174742265939,0.7646487422313364,0.7873684210526315,0.8126315789473685,0.058796800184290336,5
dataset_1,Request-Aware Residual STV k=1 clip=10.0,0.8318005540166205,0.038532244283128785,0.7517113379416057,0.7873684210526315,0.8505263157894737,0.047309905377356264,5
dataset_1,Global Weighted Residual STV k=3 clip=5.0,0.8217396121883656,0.007186708213640898,0.8470475426284498,0.7263157894736842,0.9157894736842106,0.03569647359539613,5
dataset_1,Request-Aware Weighted Residual STV k=3 clip=5.0,0.8208310249307479,0.008740215791018654,0.8386414252610134,0.72,0.9242105263157894,0.0272466928537785,5
dataset_1,Global Residual STV k=3 clip=5.0,0.8166648199445984,0.021250542262689662,0.80245262522633,0.7326315789473684,0.9073684210526316,0.031048170955268666,5
dataset_1,Request-Aware Residual STV k=3 clip=5.0,0.8151246537396123,0.01983491694315168,0.7963534878025162,0.7410526315789474,0.9115789473684212,0.030326021665027212,5
dataset_1,Global Weighted Residual STV k=3 clip=10.0,0.8128531855955679,0.007518415836047343,0.8202799041623084,0.7263157894736842,0.9242105263157894,0.032784024215573526,5
dataset_1,Request-Aware Weighted Residual STV k=3 clip=10.0,0.8100831024930748,0.006272510509188136,0.8095535597770903,0.7221052631578948,0.9284210526315789,0.03278402421557353,5
dataset_1,Global Residual STV k=3 clip=10.0,0.8074903047091413,0.027570869651482987,0.7809504617352384,0.7326315789473684,0.9157894736842106,0.028827503026587657,5
dataset_1,Request-Aware Residual STV k=3 clip=10.0,0.8043213296398891,0.02493797986827882,0.7717510926644695,0.7389473684210527,0.9199999999999999,0.02844053912864482,5
dataset_1,Request-Aware Weighted Residual STV k=5 clip=5.0,0.8035678670360109,0.008819363418538957,0.810989893621606,0.7052631578947368,0.9305263157894738,0.031226098893034397,5
dataset_1,Global Residual STV k=5 clip=5.0,0.802825484764543,0.025331345989660112,0.780463049561231,0.7178947368421053,0.9157894736842106,0.03569647359539613,5
dataset_1,Global Weighted Residual STV k=5 clip=5.0,0.802781163434903,0.0066632332326482645,0.8119234109937551,0.7031578947368421,0.9199999999999999,0.03838859479749572,5
dataset_1,Request-Aware Residual STV k=5 clip=5.0,0.802016620498615,0.02456807926550011,0.7756927663506532,0.7326315789473684,0.9199999999999999,0.03538470802941392,5
dataset_1,Global Weighted Residual STV k=5 clip=10.0,0.7998116343490305,0.00808063201402319,0.7943981662189122,0.7031578947368421,0.9263157894736842,0.03569647359539614,5
dataset_1,Request-Aware Weighted Residual STV k=5 clip=10.0,0.7983268698060941,0.008162152217140457,0.7864122433090978,0.7115789473684211,0.9305263157894738,0.03538470802941391,5
dataset_1,Global Residual STV k=5 clip=10.0,0.7964875346260387,0.028157934932313416,0.7681218981897434,0.7157894736842105,0.9199999999999999,0.031226098893034324,5
dataset_1,Request-Aware Residual STV k=5 clip=10.0,0.793961218836565,0.025517623042107758,0.7598339612086966,0.7284210526315789,0.9242105263157894,0.031048170955268673,5
dataset_1,Enhanced STV + IF,0.7036454293628809,0.01448996552753299,0.6630821390488577,0.6694736842105262,0.7978947368421052,0.046720717939309805,5
dataset_1,Request-Aware Enhanced STV + IF,0.6593684210526316,0.008148433814338819,0.7157780190465003,0.5663157894736842,0.7936842105263158,0.03378275060185519,5
dataset_1,Baseline STV + IF,0.5934182825484765,0.013073172349062741,0.5763715341231868,0.608421052631579,0.8968421052631579,0.024003693159981857,5
dataset_2,Global Weighted Residual STV k=1 clip=5.0,0.7523761077632045,0.05807081825090881,0.7405770560395979,0.6824615384615385,0.6678681318681319,0.10816273123385726,5
dataset_2,Request-Aware Weighted Residual STV k=1 clip=5.0,0.7493807160581355,0.058546368930916484,0.7328213170691957,0.6824615384615385,0.6601758241758242,0.10385277029913312,5
dataset_2,Global Weighted Residual STV k=1 clip=10.0,0.7398039702233251,0.06269512078087056,0.6844370996087846,0.6824615384615385,0.6758681318681319,0.11073307451075763,5
dataset_2,Request-Aware Weighted Residual STV k=1 clip=10.0,0.7374289259127969,0.06385786273061249,0.6844350531527642,0.6824615384615385,0.6758681318681319,0.11073307451075763,5
dataset_2,Global Residual STV k=1 clip=5.0,0.7221839773130095,0.056570221170785,0.6480060360722124,0.6447912087912088,0.6321538461538461,0.11250240105315229,5
dataset_2,Global Weighted Residual STV k=3 clip=5.0,0.7213803615739101,0.04936300716317652,0.7193655563422782,0.6299560439560439,0.7132307692307692,0.10046824920309419,5
dataset_2,Request-Aware Residual STV k=1 clip=5.0,0.7193126550868486,0.05916766267466495,0.643520272250024,0.6447912087912088,0.6244615384615384,0.10514845945969911,5
dataset_2,Request-Aware Weighted Residual STV k=3 clip=5.0,0.7193009571074087,0.05144610839828781,0.7165011463599978,0.6299560439560439,0.7132307692307692,0.10046824920309419,5
dataset_2,Global Weighted Residual STV k=3 clip=10.0,0.7171889400921658,0.05605791191251082,0.6888262338948243,0.6308131868131868,0.7426593406593407,0.07387698859119764,5
dataset_2,Global Residual STV k=1 clip=10.0,0.7148500531726338,0.06021437886376632,0.6229693718703728,0.6447912087912088,0.6544395604395604,0.11180182192424881,5
dataset_2,Request-Aware Weighted Residual STV k=3 clip=10.0,0.7146132577100319,0.05818051231750153,0.6857036893695032,0.6308131868131868,0.7426593406593407,0.07387698859119764,5
dataset_2,Global Weighted Residual STV k=5 clip=5.0,0.7135664657922722,0.048022710109926786,0.691287659821348,0.6228131868131868,0.7346593406593407,0.07369529331301124,5
dataset_2,Request-Aware Residual STV k=1 clip=10.0,0.7129712867777384,0.06326102275122034,0.6213682234327997,0.6447912087912088,0.6544395604395604,0.11180182192424881,5
dataset_2,Global Residual STV k=3 clip=5.0,0.7127029422190713,0.05923671968014033,0.6616644345566984,0.6456483516483517,0.698945054945055,0.09900045680709522,5
dataset_2,Request-Aware Residual STV k=3 clip=5.0,0.7122265154200638,0.059837636067041386,0.6597579474105251,0.6456483516483517,0.698945054945055,0.09900045680709522,5
dataset_2,Request-Aware Weighted Residual STV k=5 clip=5.0,0.7117352002835874,0.05018129594752396,0.6893924277200102,0.6228131868131868,0.7346593406593407,0.07369529331301124,5
dataset_2,Global Weighted Residual STV k=5 clip=10.0,0.7112570010634527,0.05399012336926737,0.6699364708777905,0.6308131868131868,0.7569450549450549,0.05959537315420318,5
dataset_2,Request-Aware Residual STV k=3 clip=10.0,0.7112456575682382,0.0592908683236787,0.6542480474066027,0.6385054945054944,0.7283736263736265,0.07884193808846725,5
dataset_2,Global Residual STV k=3 clip=10.0,0.7112258064516129,0.05855852274540534,0.6547456097671545,0.6385054945054944,0.7283736263736265,0.07884193808846725,5
dataset_2,Request-Aware Weighted Residual STV k=5 clip=10.0,0.7091775965969515,0.05617779200616105,0.6693529044683704,0.6308131868131868,0.7569450549450549,0.05959537315420318,5
dataset_2,Request-Aware Residual STV k=5 clip=10.0,0.7058099964551577,0.05917623164494465,0.6464901554067163,0.6385054945054944,0.7426593406593407,0.06942661118953691,5
dataset_2,Global Residual STV k=5 clip=5.0,0.7056731655441333,0.05911248361385208,0.6442235978726397,0.6456483516483517,0.7203736263736265,0.07683439157706809,5
dataset_2,Global Residual STV k=5 clip=10.0,0.7055242821694435,0.057744232632624716,0.6450024072481229,0.6385054945054944,0.7426593406593407,0.06942661118953691,5
dataset_2,Request-Aware Residual STV k=5 clip=5.0,0.7052144629563984,0.06045990431927929,0.6426562432062446,0.6456483516483517,0.7203736263736265,0.07683439157706809,5
dataset_2,Enhanced STV + IF,0.6301775965969514,0.031068077616990805,0.5864825566541267,0.6153626373626373,0.5287912087912088,0.09621081514869259,5
dataset_2,Baseline STV + IF,0.6255476781283233,0.03290168604878996,0.5758951732078608,0.5554065934065934,0.7318461538461538,0.1268793131343208,5
dataset_2,Request-Aware Enhanced STV + IF,0.5980825948245303,0.02819566246278275,0.584315527074849,0.5702417582417583,0.535934065934066,0.08416786178735523,5
dataset_3,Global Residual STV k=1 clip=5.0,0.8349671058389051,0.030122422305348173,0.7977484786448468,0.7576807155109042,0.805509679000245,0.04428818061251179,5
dataset_3,Global Residual STV k=1 clip=10.0,0.82883242683866,0.03088803103191301,0.7714402371118387,0.7576807155109042,0.8201274197500613,0.03354888367313984,5
dataset_3,Request-Aware Residual STV k=1 clip=5.0,0.825221704676725,0.035361110798521625,0.7884058982381162,0.7466344033325165,0.8020105366331782,0.04995291271760613,5
dataset_3,Global Weighted Residual STV k=1 clip=5.0,0.8208201333706725,0.03013026018613976,0.8283082067629352,0.7360573388875276,0.8348174467042391,0.035476071744450305,5
dataset_3,Request-Aware Residual STV k=1 clip=10.0,0.8195464718906429,0.03588007985487125,0.765303871001442,0.7466344033325165,0.8166282773829943,0.03611224578797125,5
dataset_3,Global Weighted Residual STV k=1 clip=10.0,0.8174244976721392,0.027830960006153573,0.8088620755381836,0.7360573388875276,0.8455966674834599,0.030971358438371874,5
dataset_3,Request-Aware Weighted Residual STV k=1 clip=5.0,0.8106287412048868,0.03794631760521554,0.8183735479623305,0.7250110267091399,0.8276819407008086,0.05249388991742173,5
dataset_3,Request-Aware Weighted Residual STV k=1 clip=10.0,0.8074362901249692,0.037692336901301506,0.794079990866746,0.7250110267091399,0.8420975251163931,0.03922489440599015,5
dataset_3,Global Residual STV k=3 clip=10.0,0.7996132775580215,0.029377905126667582,0.7561525179722685,0.717333986767949,0.8570399411908844,0.048901681677967025,5
dataset_3,Global Residual STV k=5 clip=10.0,0.795553545174502,0.026588396948442474,0.7500314931776833,0.7135604018622888,0.867956383239402,0.042840421602191564,5
dataset_3,Global Residual STV k=3 clip=5.0,0.7941597494486645,0.029198686036563375,0.7602289972773218,0.717333986767949,0.8532663562852243,0.052114182120359454,5
dataset_3,Request-Aware Residual STV k=3 clip=10.0,0.7931736356635278,0.034586488978152564,0.7515436481035185,0.717333986767949,0.8570399411908844,0.048901681677967025,5
dataset_3,Request-Aware Residual STV k=5 clip=10.0,0.7888805046032135,0.031280593775483,0.7443812386928513,0.7135604018622888,0.867956383239402,0.042840421602191564,5
dataset_3,Request-Aware Residual STV k=3 clip=5.0,0.788440409826023,0.034430191705333874,0.7593198733949328,0.7137625581965205,0.8532663562852243,0.052114182120359454,5
dataset_3,Global Residual STV k=5 clip=5.0,0.7878932422025414,0.026101139508952403,0.7382079119862965,0.7135604018622888,0.8568377848566527,0.04665318854095133,5
dataset_3,Request-Aware Residual STV k=5 clip=5.0,0.7816709621241292,0.030866219385404903,0.7356742300198372,0.7099889732908601,0.8568377848566527,0.04665318854095133,5
dataset_3,Global Weighted Residual STV k=3 clip=10.0,0.7814842628732454,0.02955450742696652,0.7828592557950984,0.6883655966674834,0.8717299681450624,0.03937260905719253,5
dataset_3,Global Weighted Residual STV k=3 clip=5.0,0.7807869985472748,0.03192649353207032,0.7997162080176807,0.6881634403332517,0.867956383239402,0.042840421602191564,5
dataset_3,Global Weighted Residual STV k=5 clip=10.0,0.7761225911891343,0.03011365590069949,0.7526974066452193,0.6882283753981867,0.88264641019358,0.03753634127473511,5
dataset_3,Global Weighted Residual STV k=5 clip=5.0,0.7740360162075122,0.030649557196069988,0.7771025400367053,0.6843898554275912,0.8715278118108307,0.03851818196760424,5
dataset_3,Request-Aware Weighted Residual STV k=3 clip=10.0,0.7735605440718312,0.03268832313308354,0.7799768922119436,0.6920019603038471,0.8717299681450624,0.03937260905719253,5
dataset_3,Request-Aware Weighted Residual STV k=3 clip=5.0,0.7723609956418245,0.035339572877977274,0.7948545465887022,0.6880262190639549,0.867956383239402,0.042840421602191564,5
dataset_3,Request-Aware Weighted Residual STV k=5 clip=10.0,0.7674821362936255,0.0346617664902024,0.7491172738236039,0.6845920117618232,0.88264641019358,0.03753634127473511,5
dataset_3,Request-Aware Weighted Residual STV k=5 clip=5.0,0.7666806980081913,0.03427084048368449,0.7745206783244685,0.6769799068855672,0.8715278118108307,0.03851818196760424,5
dataset_3,Enhanced STV + IF,0.6914621656981833,0.04445787922075013,0.6412411760149004,0.6654422935555011,0.7022028914481744,0.12975588857246662,5
dataset_3,Request-Aware Enhanced STV + IF,0.6243754594462142,0.03150697455110921,0.6483162952584088,0.5224320019603038,0.7022825287919627,0.09102741352738962,5
dataset_3,Baseline STV + IF,0.5953243799663948,0.020752969227382352,0.5705533269241863,0.5844743935309973,0.826511884342073,0.07056098743321215,5
