method,roc_auc,average_precision,precision_at_k,precision,recall,f1,pairwise_win_rate,dataset,num_train_traces,num_test_normal,num_test_injected,stv_vocab_size,random_seed
Global Residual STV k=1 clip=5.0,0.8918005540166205,0.846141593267379,0.8421052631578947,0.8421052631578947,0.8421052631578947,0.8421052631578947,0.8947368421052632,dataset_1,174,95,95,150,0
Global Residual STV k=1 clip=10.0,0.8917451523545706,0.8462612609508793,0.8421052631578947,0.8421052631578947,0.8421052631578947,0.8421052631578947,0.9263157894736842,dataset_1,174,95,95,150,0
Request-Aware Residual STV k=1 clip=10.0,0.8857617728531856,0.8266143208800272,0.8421052631578947,0.8421052631578947,0.8421052631578947,0.8421052631578947,0.9157894736842105,dataset_1,174,95,95,150,0
Request-Aware Residual STV k=1 clip=5.0,0.8842659279778393,0.8244195423226268,0.8421052631578947,0.8421052631578947,0.8421052631578947,0.8421052631578947,0.8736842105263158,dataset_1,174,95,95,150,0
Global Weighted Residual STV k=1 clip=5.0,0.8718559556786704,0.8814264158583209,0.8,0.8,0.8,0.8,0.8947368421052632,dataset_1,174,95,95,150,0
Global Weighted Residual STV k=1 clip=10.0,0.8691412742382272,0.8757299126479637,0.8,0.8,0.8,0.8,0.9263157894736842,dataset_1,174,95,95,150,0
Request-Aware Weighted Residual STV k=1 clip=5.0,0.8679778393351801,0.8692375694223712,0.8105263157894737,0.8105263157894737,0.8105263157894737,0.8105263157894737,0.8736842105263158,dataset_1,174,95,95,150,0
Request-Aware Weighted Residual STV k=1 clip=10.0,0.8636565096952908,0.8485583318684401,0.8210526315789474,0.8210526315789474,0.8210526315789474,0.8210526315789474,0.9157894736842105,dataset_1,174,95,95,150,0
Global Residual STV k=3 clip=10.0,0.8477008310249308,0.8298667677689098,0.7368421052631579,0.7368421052631579,0.7368421052631579,0.7368421052631579,0.9473684210526315,dataset_1,174,95,95,150,0
Global Residual STV k=3 clip=5.0,0.8464819944598337,0.8365798992044164,0.7368421052631579,0.7368421052631579,0.7368421052631579,0.7368421052631579,0.9368421052631579,dataset_1,174,95,95,150,0
Request-Aware Residual STV k=3 clip=5.0,0.8412742382271468,0.8278234696019653,0.7578947368421053,0.7578947368421053,0.7578947368421053,0.7578947368421053,0.9368421052631579,dataset_1,174,95,95,150,0
Request-Aware Residual STV k=3 clip=10.0,0.8406094182825484,0.8214523863959109,0.7578947368421053,0.7578947368421053,0.7578947368421053,0.7578947368421053,0.9473684210526315,dataset_1,174,95,95,150,0
Global Residual STV k=5 clip=10.0,0.8372853185595568,0.8231037216767689,0.7157894736842105,0.7157894736842105,0.7157894736842105,0.7157894736842105,0.9473684210526315,dataset_1,174,95,95,150,0
Global Residual STV k=5 clip=5.0,0.8368975069252077,0.8301772911910896,0.7157894736842105,0.7157894736842105,0.7157894736842105,0.7157894736842105,0.9368421052631579,dataset_1,174,95,95,150,0
Request-Aware Residual STV k=5 clip=5.0,0.8333518005540166,0.8252238700469166,0.7368421052631579,0.7368421052631579,0.7368421052631579,0.7368421052631579,0.9368421052631579,dataset_1,174,95,95,150,0
Request-Aware Residual STV k=5 clip=10.0,0.8306371191135734,0.8109925724925753,0.7368421052631579,0.7368421052631579,0.7368421052631579,0.7368421052631579,0.9473684210526315,dataset_1,174,95,95,150,0
Global Weighted Residual STV k=3 clip=10.0,0.8228808864265929,0.8539856144731688,0.6947368421052632,0.6947368421052632,0.6947368421052632,0.6947368421052632,0.9473684210526315,dataset_1,174,95,95,150,0
Global Weighted Residual STV k=3 clip=5.0,0.8206094182825485,0.8508948631361868,0.6947368421052632,0.6947368421052632,0.6947368421052632,0.6947368421052632,0.9368421052631579,dataset_1,174,95,95,150,0
Request-Aware Weighted Residual STV k=3 clip=5.0,0.8158448753462605,0.8422002509016095,0.6947368421052632,0.6947368421052632,0.6947368421052632,0.6947368421052632,0.9368421052631579,dataset_1,174,95,95,150,0
Request-Aware Weighted Residual STV k=3 clip=10.0,0.8147922437673131,0.8355784919761184,0.6947368421052632,0.6947368421052632,0.6947368421052632,0.6947368421052632,0.9473684210526315,dataset_1,174,95,95,150,0
Global Weighted Residual STV k=5 clip=10.0,0.8068144044321329,0.8156093558011288,0.6631578947368421,0.6631578947368421,0.6631578947368421,0.6631578947368421,0.9473684210526315,dataset_1,174,95,95,150,0
Request-Aware Weighted Residual STV k=5 clip=10.0,0.8014958448753462,0.8102164113482703,0.6842105263157895,0.6842105263157895,0.6842105263157895,0.6842105263157895,0.9473684210526315,dataset_1,174,95,95,150,0
Global Weighted Residual STV k=5 clip=5.0,0.8009972299168975,0.8085060210891502,0.6631578947368421,0.6631578947368421,0.6631578947368421,0.6631578947368421,0.9368421052631579,dataset_1,174,95,95,150,0
Request-Aware Weighted Residual STV k=5 clip=5.0,0.799612188365651,0.8100919842455088,0.6842105263157895,0.6842105263157895,0.6842105263157895,0.6842105263157895,0.9473684210526315,dataset_1,174,95,95,150,0
Enhanced STV + IF,0.6890858725761773,0.6654946021761547,0.6631578947368421,0.6631578947368421,0.6631578947368421,0.6631578947368421,0.7368421052631579,dataset_1,174,95,95,150,0
Request-Aware Enhanced STV + IF,0.6474792243767313,0.7019273692577948,0.5578947368421052,0.5578947368421052,0.5578947368421052,0.5578947368421052,0.7789473684210526,dataset_1,174,95,95,150,0
Baseline STV + IF,0.5834349030470913,0.5761748012760388,0.5789473684210527,0.5789473684210527,0.5789473684210527,0.5789473684210527,0.8947368421052632,dataset_1,174,95,95,150,0
Global Weighted Residual STV k=1 clip=5.0,0.6526497695852534,0.7028015441093097,0.6071428571428571,0.6071428571428571,0.6071428571428571,0.6071428571428571,0.5,dataset_2,55,31,28,162,0
Request-Aware Weighted Residual STV k=1 clip=5.0,0.6480414746543779,0.6953539264520648,0.6071428571428571,0.6071428571428571,0.6071428571428571,0.6071428571428571,0.5,dataset_2,55,31,28,162,0
Baseline STV + IF,0.6434331797235023,0.5913206116926301,0.6071428571428571,0.6071428571428571,0.6071428571428571,0.6071428571428571,0.8928571428571429,dataset_2,55,31,28,162,0
Global Weighted Residual STV k=3 clip=5.0,0.6399769585253456,0.6764281245957156,0.5714285714285714,0.5714285714285714,0.5714285714285714,0.5714285714285714,0.5714285714285714,dataset_2,55,31,28,162,0
Request-Aware Weighted Residual STV k=3 clip=5.0,0.6365207373271888,0.6745935601247659,0.5714285714285714,0.5714285714285714,0.5714285714285714,0.5714285714285714,0.5714285714285714,dataset_2,55,31,28,162,0
Global Weighted Residual STV k=5 clip=5.0,0.6353686635944701,0.6588797017177925,0.5714285714285714,0.5714285714285714,0.5714285714285714,0.5714285714285714,0.6428571428571429,dataset_2,55,31,28,162,0
Request-Aware Weighted Residual STV k=5 clip=5.0,0.6319124423963134,0.6570451372468428,0.5714285714285714,0.5714285714285714,0.5714285714285714,0.5714285714285714,0.6428571428571429,dataset_2,55,31,28,162,0
Enhanced STV + IF,0.630184331797235,0.612853427355838,0.6071428571428571,0.6071428571428571,0.6071428571428571,0.6071428571428571,0.5714285714285714,dataset_2,55,31,28,162,0
Global Weighted Residual STV k=1 clip=10.0,0.6296082949308756,0.6245132622920728,0.6071428571428571,0.6071428571428571,0.6071428571428571,0.6071428571428571,0.5,dataset_2,55,31,28,162,0
Global Residual STV k=1 clip=5.0,0.6284562211981566,0.6097905130371657,0.5714285714285714,0.5714285714285714,0.5714285714285714,0.5714285714285714,0.4642857142857143,dataset_2,55,31,28,162,0
Global Weighted Residual STV k=5 clip=10.0,0.6267281105990784,0.6346221218916036,0.5714285714285714,0.5714285714285714,0.5714285714285714,0.5714285714285714,0.6785714285714286,dataset_2,55,31,28,162,0
Global Weighted Residual STV k=3 clip=10.0,0.6261520737327189,0.6267613240637007,0.5714285714285714,0.5714285714285714,0.5714285714285714,0.5714285714285714,0.6428571428571429,dataset_2,55,31,28,162,0
Request-Aware Weighted Residual STV k=1 clip=10.0,0.625,0.6205488966312787,0.6071428571428571,0.6071428571428571,0.6071428571428571,0.6071428571428571,0.5,dataset_2,55,31,28,162,0
Request-Aware Weighted Residual STV k=5 clip=10.0,0.6232718894009217,0.632787557420654,0.5714285714285714,0.5714285714285714,0.5714285714285714,0.5714285714285714,0.6785714285714286,dataset_2,55,31,28,162,0
Request-Aware Weighted Residual STV k=3 clip=10.0,0.6226958525345622,0.624926759592751,0.5714285714285714,0.5714285714285714,0.5714285714285714,0.5714285714285714,0.6428571428571429,dataset_2,55,31,28,162,0
Request-Aware Residual STV k=1 clip=5.0,0.6203917050691244,0.6047165056906227,0.5714285714285714,0.5714285714285714,0.5714285714285714,0.5714285714285714,0.4642857142857143,dataset_2,55,31,28,162,0
Global Residual STV k=3 clip=5.0,0.619815668202765,0.5994199276556346,0.5714285714285714,0.5714285714285714,0.5714285714285714,0.5714285714285714,0.5714285714285714,dataset_2,55,31,28,162,0
Request-Aware Residual STV k=3 clip=5.0,0.619815668202765,0.5994199276556346,0.5714285714285714,0.5714285714285714,0.5714285714285714,0.5714285714285714,0.5714285714285714,dataset_2,55,31,28,162,0
Global Residual STV k=3 clip=10.0,0.6192396313364056,0.6154596768886611,0.5714285714285714,0.5714285714285714,0.5714285714285714,0.5714285714285714,0.6428571428571429,dataset_2,55,31,28,162,0
Request-Aware Residual STV k=3 clip=10.0,0.6192396313364056,0.6154596768886611,0.5714285714285714,0.5714285714285714,0.5714285714285714,0.5714285714285714,0.6428571428571429,dataset_2,55,31,28,162,0
Global Residual STV k=5 clip=10.0,0.6175115207373272,0.6194497344501473,0.5714285714285714,0.5714285714285714,0.5714285714285714,0.5714285714285714,0.6785714285714286,dataset_2,55,31,28,162,0
Global Residual STV k=5 clip=5.0,0.6169354838709677,0.6108480420249254,0.5714285714285714,0.5714285714285714,0.5714285714285714,0.5714285714285714,0.6428571428571429,dataset_2,55,31,28,162,0
Global Residual STV k=1 clip=10.0,0.6169354838709677,0.5712235244701772,0.5714285714285714,0.5714285714285714,0.5714285714285714,0.5714285714285714,0.4642857142857143,dataset_2,55,31,28,162,0
Request-Aware Residual STV k=5 clip=10.0,0.6163594470046082,0.6180921738820604,0.5714285714285714,0.5714285714285714,0.5714285714285714,0.5714285714285714,0.6785714285714286,dataset_2,55,31,28,162,0
Request-Aware Residual STV k=5 clip=5.0,0.6157834101382488,0.6092724117728245,0.5714285714285714,0.5714285714285714,0.5714285714285714,0.5714285714285714,0.6428571428571429,dataset_2,55,31,28,162,0
Request-Aware Residual STV k=1 clip=10.0,0.6088709677419355,0.5661495171236341,0.5714285714285714,0.5714285714285714,0.5714285714285714,0.5714285714285714,0.4642857142857143,dataset_2,55,31,28,162,0
Request-Aware Enhanced STV + IF,0.5892857142857143,0.5943011474515822,0.5714285714285714,0.5714285714285714,0.5714285714285714,0.5714285714285714,0.5714285714285714,dataset_2,55,31,28,162,0
Global Residual STV k=1 clip=5.0,0.7925701530612245,0.7381361379033324,0.7321428571428571,0.7321428571428571,0.7321428571428571,0.7321428571428571,0.7678571428571429,dataset_3,104,56,56,181,0
Request-Aware Residual STV k=1 clip=5.0,0.7884247448979591,0.7368246135360198,0.7321428571428571,0.7321428571428571,0.7321428571428571,0.7321428571428571,0.7678571428571429,dataset_3,104,56,56,181,0
Global Weighted Residual STV k=1 clip=10.0,0.7879464285714286,0.788574688880582,0.6785714285714286,0.6785714285714286,0.6785714285714286,0.6785714285714286,0.8571428571428571,dataset_3,104,56,56,181,0
Global Residual STV k=1 clip=10.0,0.7858737244897959,0.7126859475707734,0.7321428571428571,0.7321428571428571,0.7321428571428571,0.7321428571428571,0.7857142857142857,dataset_3,104,56,56,181,0
Request-Aware Weighted Residual STV k=1 clip=10.0,0.7857142857142857,0.7879356772957493,0.6785714285714286,0.6785714285714286,0.6785714285714286,0.6785714285714286,0.8571428571428571,dataset_3,104,56,56,181,0
Global Weighted Residual STV k=1 clip=5.0,0.7850765306122449,0.7895926461001024,0.6785714285714286,0.6785714285714286,0.6785714285714286,0.6785714285714286,0.8214285714285714,dataset_3,104,56,56,181,0
Request-Aware Weighted Residual STV k=1 clip=5.0,0.7838010204081634,0.7902720324364017,0.6785714285714286,0.6785714285714286,0.6785714285714286,0.6785714285714286,0.8214285714285714,dataset_3,104,56,56,181,0
Request-Aware Residual STV k=1 clip=10.0,0.7817283163265305,0.7113744232034607,0.7321428571428571,0.7321428571428571,0.7321428571428571,0.7321428571428571,0.7857142857142857,dataset_3,104,56,56,181,0
Global Residual STV k=3 clip=10.0,0.764030612244898,0.6978328235286207,0.7142857142857143,0.7142857142857143,0.7142857142857143,0.7142857142857143,0.7857142857142857,dataset_3,104,56,56,181,0
Global Residual STV k=5 clip=10.0,0.7637117346938775,0.7010670935522244,0.7142857142857143,0.7142857142857143,0.7142857142857143,0.7142857142857143,0.8214285714285714,dataset_3,104,56,56,181,0
Request-Aware Residual STV k=3 clip=10.0,0.7608418367346939,0.6975757839604029,0.7142857142857143,0.7142857142857143,0.7142857142857143,0.7142857142857143,0.7857142857142857,dataset_3,104,56,56,181,0
Request-Aware Residual STV k=5 clip=10.0,0.7605229591836734,0.7006895697314318,0.7142857142857143,0.7142857142857143,0.7142857142857143,0.7142857142857143,0.8214285714285714,dataset_3,104,56,56,181,0
Global Residual STV k=3 clip=5.0,0.7600446428571428,0.7128712911052772,0.7142857142857143,0.7142857142857143,0.7142857142857143,0.7142857142857143,0.7857142857142857,dataset_3,104,56,56,181,0
Global Residual STV k=5 clip=5.0,0.7557397959183674,0.6924897519339368,0.7142857142857143,0.7142857142857143,0.7142857142857143,0.7142857142857143,0.8035714285714286,dataset_3,104,56,56,181,0
Request-Aware Residual STV k=3 clip=5.0,0.7533482142857142,0.7098614544895018,0.6964285714285714,0.6964285714285714,0.6964285714285714,0.6964285714285714,0.7857142857142857,dataset_3,104,56,56,181,0
Global Weighted Residual STV k=3 clip=10.0,0.7527104591836734,0.7396352622892894,0.6428571428571429,0.6428571428571429,0.6428571428571429,0.6428571428571429,0.8214285714285714,dataset_3,104,56,56,181,0
Global Weighted Residual STV k=3 clip=5.0,0.7520727040816326,0.7669288048263505,0.6607142857142857,0.6607142857142857,0.6607142857142857,0.6607142857142857,0.8214285714285714,dataset_3,104,56,56,181,0
Request-Aware Residual STV k=5 clip=5.0,0.7490433673469388,0.6894110901341288,0.6964285714285714,0.6964285714285714,0.6964285714285714,0.6964285714285714,0.8035714285714286,dataset_3,104,56,56,181,0
Global Weighted Residual STV k=5 clip=10.0,0.7485650510204082,0.7177812180730703,0.6428571428571429,0.6428571428571429,0.6428571428571429,0.6428571428571429,0.8571428571428571,dataset_3,104,56,56,181,0
Request-Aware Weighted Residual STV k=3 clip=5.0,0.7472895408163265,0.7659478003963893,0.6607142857142857,0.6607142857142857,0.6607142857142857,0.6607142857142857,0.8214285714285714,dataset_3,104,56,56,181,0
Global Weighted Residual STV k=5 clip=5.0,0.745216836734694,0.7190579800520824,0.6607142857142857,0.6607142857142857,0.6607142857142857,0.6607142857142857,0.8392857142857143,dataset_3,104,56,56,181,0
Request-Aware Weighted Residual STV k=3 clip=10.0,0.7447385204081632,0.7351863602669052,0.6428571428571429,0.6428571428571429,0.6428571428571429,0.6428571428571429,0.8214285714285714,dataset_3,104,56,56,181,0
Request-Aware Weighted Residual STV k=5 clip=10.0,0.740593112244898,0.7134528677186578,0.6428571428571429,0.6428571428571429,0.6428571428571429,0.6428571428571429,0.8571428571428571,dataset_3,104,56,56,181,0
Request-Aware Weighted Residual STV k=5 clip=5.0,0.7397959183673469,0.7171338711075883,0.6607142857142857,0.6607142857142857,0.6607142857142857,0.6607142857142857,0.8392857142857143,dataset_3,104,56,56,181,0
Enhanced STV + IF,0.6334502551020409,0.5789181647461837,0.6071428571428571,0.6071428571428571,0.6071428571428571,0.6071428571428571,0.5357142857142857,dataset_3,104,56,56,181,0
Baseline STV + IF,0.5878507653061225,0.5754948689446602,0.5714285714285714,0.5714285714285714,0.5714285714285714,0.5714285714285714,0.8035714285714286,dataset_3,104,56,56,181,0
Request-Aware Enhanced STV + IF,0.5758928571428572,0.6257328305518814,0.48214285714285715,0.48214285714285715,0.48214285714285715,0.48214285714285715,0.5892857142857143,dataset_3,104,56,56,181,0
Global Weighted Residual STV k=1 clip=10.0,0.8632686980609419,0.8622591943786045,0.7894736842105263,0.7894736842105263,0.7894736842105263,0.7894736842105263,0.8947368421052632,dataset_1,174,95,95,150,1
Global Weighted Residual STV k=1 clip=5.0,0.8583933518005541,0.8518341490455053,0.7894736842105263,0.7894736842105263,0.7894736842105263,0.7894736842105263,0.8947368421052632,dataset_1,174,95,95,150,1
Global Residual STV k=1 clip=5.0,0.8547368421052631,0.8517267596028338,0.7894736842105263,0.7894736842105263,0.7894736842105263,0.7894736842105263,0.8842105263157894,dataset_1,174,95,95,150,1
Global Residual STV k=1 clip=10.0,0.8547368421052631,0.8517267596028338,0.7894736842105263,0.7894736842105263,0.7894736842105263,0.7894736842105263,0.8842105263157894,dataset_1,174,95,95,150,1
Request-Aware Weighted Residual STV k=1 clip=10.0,0.8546260387811635,0.8090971951122489,0.7789473684210526,0.7789473684210526,0.7789473684210526,0.7789473684210526,0.8842105263157894,dataset_1,174,95,95,150,1
Request-Aware Weighted Residual STV k=1 clip=5.0,0.8519667590027701,0.8156580888230058,0.7684210526315789,0.7684210526315789,0.7684210526315789,0.7684210526315789,0.8842105263157894,dataset_1,174,95,95,150,1
Request-Aware Residual STV k=1 clip=5.0,0.84797783933518,0.8193096550620501,0.8,0.8,0.8,0.8,0.8736842105263158,dataset_1,174,95,95,150,1
Request-Aware Residual STV k=1 clip=10.0,0.8465373961218836,0.8020640081447394,0.8,0.8,0.8,0.8,0.8736842105263158,dataset_1,174,95,95,150,1
Global Weighted Residual STV k=3 clip=10.0,0.8162880886426591,0.836518421284193,0.7578947368421053,0.7578947368421053,0.7578947368421053,0.7578947368421053,0.9157894736842105,dataset_1,174,95,95,150,1
Global Residual STV k=3 clip=10.0,0.8145152354570636,0.841572937115453,0.7263157894736842,0.7263157894736842,0.7263157894736842,0.7263157894736842,0.9052631578947369,dataset_1,174,95,95,150,1
Global Residual STV k=3 clip=5.0,0.8126315789473683,0.8382276113784393,0.7263157894736842,0.7263157894736842,0.7263157894736842,0.7263157894736842,0.9052631578947369,dataset_1,174,95,95,150,1
Request-Aware Residual STV k=3 clip=10.0,0.812299168975069,0.8158095180852017,0.7263157894736842,0.7263157894736842,0.7263157894736842,0.7263157894736842,0.9157894736842105,dataset_1,174,95,95,150,1
Request-Aware Residual STV k=3 clip=5.0,0.8118559556786704,0.8230923897519837,0.7263157894736842,0.7263157894736842,0.7263157894736842,0.7263157894736842,0.9157894736842105,dataset_1,174,95,95,150,1
Global Weighted Residual STV k=3 clip=5.0,0.8117451523545706,0.8294956172487036,0.7578947368421053,0.7578947368421053,0.7578947368421053,0.7578947368421053,0.9157894736842105,dataset_1,174,95,95,150,1
Request-Aware Weighted Residual STV k=3 clip=10.0,0.8105263157894737,0.8000371676838474,0.7473684210526316,0.7473684210526316,0.7473684210526316,0.7473684210526316,0.9263157894736842,dataset_1,174,95,95,150,1
Request-Aware Weighted Residual STV k=3 clip=5.0,0.8081994459833794,0.8093008232546582,0.7473684210526316,0.7473684210526316,0.7473684210526316,0.7473684210526316,0.9263157894736842,dataset_1,174,95,95,150,1
Global Weighted Residual STV k=5 clip=10.0,0.8037673130193905,0.809315995392651,0.7473684210526316,0.7473684210526316,0.7473684210526316,0.7473684210526316,0.9157894736842105,dataset_1,174,95,95,150,1
Global Residual STV k=5 clip=10.0,0.8036565096952909,0.8186709418800747,0.7052631578947368,0.7052631578947368,0.7052631578947368,0.7052631578947368,0.9052631578947369,dataset_1,174,95,95,150,1
Global Residual STV k=5 clip=5.0,0.8004432132963989,0.8072518864790678,0.7052631578947368,0.7052631578947368,0.7052631578947368,0.7052631578947368,0.9052631578947369,dataset_1,174,95,95,150,1
Request-Aware Residual STV k=5 clip=10.0,0.8003324099722992,0.7964191681321701,0.7263157894736842,0.7263157894736842,0.7263157894736842,0.7263157894736842,0.9157894736842105,dataset_1,174,95,95,150,1
Global Weighted Residual STV k=5 clip=5.0,0.7995567867036011,0.8021436399140638,0.7473684210526316,0.7473684210526316,0.7473684210526316,0.7473684210526316,0.9157894736842105,dataset_1,174,95,95,150,1
Request-Aware Residual STV k=5 clip=5.0,0.7994459833795013,0.796374543782036,0.7263157894736842,0.7263157894736842,0.7263157894736842,0.7263157894736842,0.9157894736842105,dataset_1,174,95,95,150,1
Request-Aware Weighted Residual STV k=5 clip=10.0,0.7981163434903047,0.779605379896283,0.7368421052631579,0.7368421052631579,0.7368421052631579,0.7368421052631579,0.9263157894736842,dataset_1,174,95,95,150,1
Request-Aware Weighted Residual STV k=5 clip=5.0,0.7959002770083102,0.7891005887199104,0.7368421052631579,0.7368421052631579,0.7368421052631579,0.7368421052631579,0.9263157894736842,dataset_1,174,95,95,150,1
Enhanced STV + IF,0.7249307479224376,0.6922993326985932,0.6947368421052632,0.6947368421052632,0.6947368421052632,0.6947368421052632,0.8315789473684211,dataset_1,174,95,95,150,1
Request-Aware Enhanced STV + IF,0.6685872576177285,0.7556037675721058,0.5368421052631579,0.5368421052631579,0.5368421052631579,0.5368421052631579,0.7894736842105263,dataset_1,174,95,95,150,1
Baseline STV + IF,0.5911911357340721,0.5832270747377327,0.6,0.6,0.6,0.6,0.9368421052631579,dataset_1,174,95,95,150,1
Global Weighted Residual STV k=1 clip=10.0,0.7574884792626728,0.7307783584985672,0.6785714285714286,0.6785714285714286,0.6785714285714286,0.6785714285714286,0.6428571428571429,dataset_2,55,31,28,182,1
Request-Aware Weighted Residual STV k=1 clip=10.0,0.7574884792626728,0.7307783584985672,0.6785714285714286,0.6785714285714286,0.6785714285714286,0.6785714285714286,0.6428571428571429,dataset_2,55,31,28,182,1
Global Weighted Residual STV k=1 clip=5.0,0.7540322580645161,0.7257322339881571,0.6785714285714286,0.6785714285714286,0.6785714285714286,0.6785714285714286,0.6428571428571429,dataset_2,55,31,28,182,1
Request-Aware Weighted Residual STV k=1 clip=5.0,0.7540322580645161,0.7257322339881571,0.6785714285714286,0.6785714285714286,0.6785714285714286,0.6785714285714286,0.6428571428571429,dataset_2,55,31,28,182,1
Global Weighted Residual STV k=3 clip=5.0,0.7309907834101383,0.7146833363955396,0.6785714285714286,0.6785714285714286,0.6785714285714286,0.6785714285714286,0.6785714285714286,dataset_2,55,31,28,182,1
Request-Aware Weighted Residual STV k=3 clip=5.0,0.7298387096774194,0.7140148871976786,0.6785714285714286,0.6785714285714286,0.6785714285714286,0.6785714285714286,0.6785714285714286,dataset_2,55,31,28,182,1
Global Weighted Residual STV k=3 clip=10.0,0.7275345622119817,0.6976659347239467,0.6428571428571429,0.6428571428571429,0.6428571428571429,0.6428571428571429,0.7142857142857143,dataset_2,55,31,28,182,1
Request-Aware Weighted Residual STV k=3 clip=10.0,0.7263824884792627,0.6970423519575067,0.6428571428571429,0.6428571428571429,0.6428571428571429,0.6428571428571429,0.7142857142857143,dataset_2,55,31,28,182,1
Global Weighted Residual STV k=5 clip=5.0,0.7200460829493087,0.6917807905358969,0.6428571428571429,0.6428571428571429,0.6428571428571429,0.6428571428571429,0.7142857142857143,dataset_2,55,31,28,182,1
Request-Aware Weighted Residual STV k=5 clip=5.0,0.7188940092165899,0.6911505384350566,0.6428571428571429,0.6428571428571429,0.6428571428571429,0.6428571428571429,0.7142857142857143,dataset_2,55,31,28,182,1
Global Residual STV k=1 clip=5.0,0.7183179723502303,0.6301959603011005,0.6428571428571429,0.6428571428571429,0.6428571428571429,0.6428571428571429,0.5714285714285714,dataset_2,55,31,28,182,1
Request-Aware Residual STV k=1 clip=5.0,0.7183179723502303,0.6301959603011005,0.6428571428571429,0.6428571428571429,0.6428571428571429,0.6428571428571429,0.5714285714285714,dataset_2,55,31,28,182,1
Global Residual STV k=3 clip=10.0,0.711405529953917,0.634794471394624,0.6071428571428571,0.6071428571428571,0.6071428571428571,0.6071428571428571,0.7142857142857143,dataset_2,55,31,28,182,1
Global Residual STV k=3 clip=5.0,0.7102534562211982,0.6263227627901709,0.6428571428571429,0.6428571428571429,0.6428571428571429,0.6428571428571429,0.6785714285714286,dataset_2,55,31,28,182,1
Global Weighted Residual STV k=5 clip=10.0,0.7096774193548387,0.6442200008668608,0.6428571428571429,0.6428571428571429,0.6428571428571429,0.6428571428571429,0.75,dataset_2,55,31,28,182,1
Request-Aware Residual STV k=3 clip=10.0,0.7091013824884792,0.6335542005114959,0.6071428571428571,0.6071428571428571,0.6071428571428571,0.6071428571428571,0.7142857142857143,dataset_2,55,31,28,182,1
Request-Aware Weighted Residual STV k=5 clip=10.0,0.7085253456221199,0.6435964181004208,0.6428571428571429,0.6428571428571429,0.6428571428571429,0.6428571428571429,0.75,dataset_2,55,31,28,182,1
Global Residual STV k=1 clip=10.0,0.7085253456221198,0.6070658074302355,0.6428571428571429,0.6428571428571429,0.6428571428571429,0.6428571428571429,0.6428571428571429,dataset_2,55,31,28,182,1
Request-Aware Residual STV k=1 clip=10.0,0.7085253456221198,0.6070658074302355,0.6428571428571429,0.6428571428571429,0.6428571428571429,0.6428571428571429,0.6428571428571429,dataset_2,55,31,28,182,1
Request-Aware Residual STV k=3 clip=5.0,0.7079493087557603,0.6250824919070429,0.6428571428571429,0.6428571428571429,0.6428571428571429,0.6428571428571429,0.6785714285714286,dataset_2,55,31,28,182,1
Global Residual STV k=5 clip=10.0,0.6981566820276498,0.6256716979778703,0.6071428571428571,0.6071428571428571,0.6071428571428571,0.6071428571428571,0.75,dataset_2,55,31,28,182,1
Request-Aware Residual STV k=5 clip=10.0,0.695852534562212,0.6244975915406059,0.6071428571428571,0.6071428571428571,0.6071428571428571,0.6071428571428571,0.75,dataset_2,55,31,28,182,1
Global Residual STV k=5 clip=5.0,0.6952764976958525,0.6095695858797074,0.6428571428571429,0.6428571428571429,0.6428571428571429,0.6428571428571429,0.7142857142857143,dataset_2,55,31,28,182,1
Request-Aware Residual STV k=5 clip=5.0,0.6929723502304147,0.6083954794424431,0.6428571428571429,0.6428571428571429,0.6428571428571429,0.6428571428571429,0.7142857142857143,dataset_2,55,31,28,182,1
Enhanced STV + IF,0.6094470046082949,0.5741716980352776,0.6071428571428571,0.6071428571428571,0.6071428571428571,0.6071428571428571,0.4642857142857143,dataset_2,55,31,28,182,1
Request-Aware Enhanced STV + IF,0.5812211981566819,0.5572264517157528,0.5714285714285714,0.5714285714285714,0.5714285714285714,0.5714285714285714,0.42857142857142855,dataset_2,55,31,28,182,1
Baseline STV + IF,0.5800691244239631,0.527650985783456,0.5,0.5,0.5,0.5,0.5714285714285714,dataset_2,55,31,28,182,1
Global Residual STV k=1 clip=5.0,0.869777628032345,0.8329755249440529,0.8113207547169812,0.8113207547169812,0.8113207547169812,0.8113207547169812,0.8679245283018868,dataset_3,104,56,53,180,1
Global Weighted Residual STV k=1 clip=5.0,0.8640498652291105,0.8656315712052338,0.8113207547169812,0.8113207547169812,0.8113207547169812,0.8113207547169812,0.8867924528301887,dataset_3,104,56,53,180,1
Request-Aware Residual STV k=1 clip=5.0,0.8623652291105122,0.8279211112531251,0.7924528301886793,0.7924528301886793,0.7924528301886793,0.7924528301886793,0.8679245283018868,dataset_3,104,56,53,180,1
Global Residual STV k=1 clip=10.0,0.8611859838274933,0.783190830246415,0.8113207547169812,0.8113207547169812,0.8113207547169812,0.8113207547169812,0.8679245283018868,dataset_3,104,56,53,180,1
Request-Aware Weighted Residual STV k=1 clip=5.0,0.860343665768194,0.8621723018583975,0.8113207547169812,0.8113207547169812,0.8113207547169812,0.8113207547169812,0.8867924528301887,dataset_3,104,56,53,180,1
Request-Aware Residual STV k=1 clip=10.0,0.8537735849056602,0.7781364165554872,0.7924528301886793,0.7924528301886793,0.7924528301886793,0.7924528301886793,0.8679245283018868,dataset_3,104,56,53,180,1
Global Weighted Residual STV k=1 clip=10.0,0.8532681940700809,0.8088976082563474,0.8113207547169812,0.8113207547169812,0.8113207547169812,0.8113207547169812,0.8867924528301887,dataset_3,104,56,53,180,1
Request-Aware Weighted Residual STV k=1 clip=10.0,0.8502358490566038,0.8062660548070729,0.8113207547169812,0.8113207547169812,0.8113207547169812,0.8113207547169812,0.8867924528301887,dataset_3,104,56,53,180,1
Global Residual STV k=3 clip=5.0,0.8350741239892183,0.8077772922349556,0.7735849056603774,0.7735849056603774,0.7735849056603774,0.7735849056603774,0.9056603773584906,dataset_3,104,56,53,180,1
Request-Aware Residual STV k=3 clip=5.0,0.8347371967654985,0.8087990002144564,0.7735849056603774,0.7735849056603774,0.7735849056603774,0.7735849056603774,0.9056603773584906,dataset_3,104,56,53,180,1
Global Residual STV k=3 clip=10.0,0.8344002695417789,0.7923503906549775,0.7735849056603774,0.7735849056603774,0.7735849056603774,0.7735849056603774,0.9056603773584906,dataset_3,104,56,53,180,1
Request-Aware Residual STV k=3 clip=10.0,0.8344002695417789,0.7936988429541164,0.7735849056603774,0.7735849056603774,0.7735849056603774,0.7735849056603774,0.9056603773584906,dataset_3,104,56,53,180,1
Global Weighted Residual STV k=3 clip=5.0,0.831367924528302,0.8526073968120266,0.7735849056603774,0.7735849056603774,0.7735849056603774,0.7735849056603774,0.9245283018867925,dataset_3,104,56,53,180,1
Request-Aware Weighted Residual STV k=3 clip=5.0,0.8263140161725068,0.8511323863495699,0.7735849056603774,0.7735849056603774,0.7735849056603774,0.7735849056603774,0.9245283018867925,dataset_3,104,56,53,180,1
Global Residual STV k=5 clip=10.0,0.8251347708894878,0.7858173552118761,0.7547169811320755,0.7547169811320755,0.7547169811320755,0.7547169811320755,0.9245283018867925,dataset_3,104,56,53,180,1
Request-Aware Residual STV k=5 clip=10.0,0.8244609164420486,0.7859931746734014,0.7547169811320755,0.7547169811320755,0.7547169811320755,0.7547169811320755,0.9245283018867925,dataset_3,104,56,53,180,1
Global Weighted Residual STV k=3 clip=10.0,0.8242924528301887,0.8243480090543471,0.7735849056603774,0.7735849056603774,0.7735849056603774,0.7735849056603774,0.9245283018867925,dataset_3,104,56,53,180,1
Global Residual STV k=5 clip=5.0,0.8232816711590297,0.7733289331028296,0.7547169811320755,0.7547169811320755,0.7547169811320755,0.7547169811320755,0.9056603773584906,dataset_3,104,56,53,180,1
Request-Aware Residual STV k=5 clip=5.0,0.8222708894878706,0.7729426107624965,0.7547169811320755,0.7547169811320755,0.7547169811320755,0.7547169811320755,0.9056603773584906,dataset_3,104,56,53,180,1
Global Weighted Residual STV k=5 clip=5.0,0.8219339622641509,0.8313511814225358,0.7547169811320755,0.7547169811320755,0.7547169811320755,0.7547169811320755,0.9245283018867925,dataset_3,104,56,53,180,1
Global Weighted Residual STV k=5 clip=10.0,0.8200808625336928,0.802051769325618,0.7547169811320755,0.7547169811320755,0.7547169811320755,0.7547169811320755,0.9433962264150944,dataset_3,104,56,53,180,1
Request-Aware Weighted Residual STV k=3 clip=10.0,0.8185646900269543,0.8213297011799898,0.7735849056603774,0.7735849056603774,0.7735849056603774,0.7735849056603774,0.9245283018867925,dataset_3,104,56,53,180,1
Request-Aware Weighted Residual STV k=5 clip=5.0,0.8172169811320755,0.8290583355208432,0.7547169811320755,0.7547169811320755,0.7547169811320755,0.7547169811320755,0.9245283018867925,dataset_3,104,56,53,180,1
Request-Aware Weighted Residual STV k=5 clip=10.0,0.8153638814016172,0.7997536377214608,0.7547169811320755,0.7547169811320755,0.7547169811320755,0.7547169811320755,0.9433962264150944,dataset_3,104,56,53,180,1
Enhanced STV + IF,0.6822776280323449,0.6655694364656791,0.6415094339622641,0.6415094339622641,0.6415094339622641,0.6415094339622641,0.6415094339622641,dataset_3,104,56,53,180,1
Request-Aware Enhanced STV + IF,0.6398247978436657,0.6495060688366994,0.5471698113207547,0.5471698113207547,0.5471698113207547,0.5471698113207547,0.6981132075471698,dataset_3,104,56,53,180,1
Baseline STV + IF,0.5987196765498652,0.5635067457717937,0.5849056603773585,0.5849056603773585,0.5849056603773585,0.5849056603773585,0.8113207547169812,dataset_3,104,56,53,180,1
Request-Aware Weighted Residual STV k=1 clip=5.0,0.8774515235457064,0.8555290924743725,0.8105263157894737,0.8105263157894737,0.8105263157894737,0.8105263157894737,0.8736842105263158,dataset_1,174,95,95,150,2
Global Weighted Residual STV k=1 clip=5.0,0.8753462603878116,0.8707406178796723,0.8,0.8,0.8,0.8,0.8842105263157894,dataset_1,174,95,95,150,2
Request-Aware Weighted Residual STV k=1 clip=10.0,0.847590027700831,0.7968688267826621,0.8105263157894737,0.8105263157894737,0.8105263157894737,0.8105263157894737,0.9157894736842105,dataset_1,174,95,95,150,2
Global Weighted Residual STV k=1 clip=10.0,0.8463157894736842,0.7914602227065267,0.8,0.8,0.8,0.8,0.9052631578947369,dataset_1,174,95,95,150,2
Global Residual STV k=1 clip=5.0,0.8451523545706371,0.7733555412294351,0.7894736842105263,0.7894736842105263,0.7894736842105263,0.7894736842105263,0.8105263157894737,dataset_1,174,95,95,150,2
Request-Aware Residual STV k=1 clip=5.0,0.8402770083102493,0.7486979686512338,0.8210526315789474,0.8210526315789474,0.8210526315789474,0.8210526315789474,0.8,dataset_1,174,95,95,150,2
Global Residual STV k=1 clip=10.0,0.837562326869806,0.7408530479743132,0.7894736842105263,0.7894736842105263,0.7894736842105263,0.7894736842105263,0.8421052631578947,dataset_1,174,95,95,150,2
Request-Aware Residual STV k=1 clip=10.0,0.8373407202216067,0.7394936508504091,0.8210526315789474,0.8210526315789474,0.8210526315789474,0.8210526315789474,0.8526315789473684,dataset_1,174,95,95,150,2
Global Weighted Residual STV k=3 clip=5.0,0.8300277008310251,0.8564632251884619,0.7578947368421053,0.7578947368421053,0.7578947368421053,0.7578947368421053,0.9052631578947369,dataset_1,174,95,95,150,2
Request-Aware Weighted Residual STV k=3 clip=5.0,0.8289196675900277,0.8451914290652912,0.7473684210526316,0.7473684210526316,0.7473684210526316,0.7473684210526316,0.9157894736842105,dataset_1,174,95,95,150,2
Global Residual STV k=3 clip=5.0,0.8277008310249306,0.8011349503831912,0.7473684210526316,0.7473684210526316,0.7473684210526316,0.7473684210526316,0.8947368421052632,dataset_1,174,95,95,150,2
Request-Aware Residual STV k=3 clip=5.0,0.8233240997229917,0.7893322572371738,0.7578947368421053,0.7578947368421053,0.7578947368421053,0.7578947368421053,0.9052631578947369,dataset_1,174,95,95,150,2
Request-Aware Weighted Residual STV k=5 clip=5.0,0.8165096952908586,0.8230210676340255,0.7368421052631579,0.7368421052631579,0.7368421052631579,0.7368421052631579,0.9263157894736842,dataset_1,174,95,95,150,2
Global Residual STV k=5 clip=5.0,0.815623268698061,0.7921417087521945,0.7473684210526316,0.7473684210526316,0.7473684210526316,0.7473684210526316,0.9157894736842105,dataset_1,174,95,95,150,2
Global Weighted Residual STV k=5 clip=5.0,0.8146260387811635,0.8256232606468906,0.7263157894736842,0.7263157894736842,0.7263157894736842,0.7263157894736842,0.9157894736842105,dataset_1,174,95,95,150,2
Global Weighted Residual STV k=3 clip=10.0,0.8141828254847645,0.8069844097785251,0.7578947368421053,0.7578947368421053,0.7578947368421053,0.7578947368421053,0.9263157894736842,dataset_1,174,95,95,150,2
Request-Aware Residual STV k=5 clip=5.0,0.8133518005540167,0.7844580216515319,0.7578947368421053,0.7578947368421053,0.7578947368421053,0.7578947368421053,0.9263157894736842,dataset_1,174,95,95,150,2
Request-Aware Weighted Residual STV k=3 clip=10.0,0.8122991689750693,0.8031412454120787,0.7473684210526316,0.7473684210526316,0.7473684210526316,0.7473684210526316,0.9368421052631579,dataset_1,174,95,95,150,2
Global Residual STV k=3 clip=10.0,0.8118559556786703,0.759642569816354,0.7473684210526316,0.7473684210526316,0.7473684210526316,0.7473684210526316,0.9157894736842105,dataset_1,174,95,95,150,2
Request-Aware Residual STV k=3 clip=10.0,0.8066481994459834,0.7508591065395255,0.7578947368421053,0.7578947368421053,0.7578947368421053,0.7578947368421053,0.9263157894736842,dataset_1,174,95,95,150,2
Global Weighted Residual STV k=5 clip=10.0,0.8054293628808864,0.7907618362525344,0.7263157894736842,0.7263157894736842,0.7263157894736842,0.7263157894736842,0.9263157894736842,dataset_1,174,95,95,150,2
Request-Aware Weighted Residual STV k=5 clip=10.0,0.8046537396121883,0.7873883398695647,0.7473684210526316,0.7473684210526316,0.7473684210526316,0.7473684210526316,0.9368421052631579,dataset_1,174,95,95,150,2
Global Residual STV k=5 clip=10.0,0.8018836565096953,0.7561894613704867,0.7473684210526316,0.7473684210526316,0.7473684210526316,0.7473684210526316,0.9263157894736842,dataset_1,174,95,95,150,2
Request-Aware Residual STV k=5 clip=10.0,0.7984487534626039,0.7517629049762412,0.7578947368421053,0.7578947368421053,0.7578947368421053,0.7578947368421053,0.9368421052631579,dataset_1,174,95,95,150,2
Enhanced STV + IF,0.7110803324099721,0.7009483393230824,0.6736842105263158,0.6736842105263158,0.6736842105263158,0.6736842105263158,0.7578947368421053,dataset_1,174,95,95,150,2
Request-Aware Enhanced STV + IF,0.6602770083102493,0.6935761676430052,0.5578947368421052,0.5578947368421052,0.5578947368421052,0.5578947368421052,0.7789473684210526,dataset_1,174,95,95,150,2
Baseline STV + IF,0.6107479224376731,0.590478553905988,0.6421052631578947,0.6421052631578947,0.6421052631578947,0.6421052631578947,0.8736842105263158,dataset_1,174,95,95,150,2
Global Weighted Residual STV k=1 clip=5.0,0.793424317617866,0.752161648383463,0.6923076923076923,0.6923076923076923,0.6923076923076923,0.6923076923076923,0.7307692307692307,dataset_2,55,31,26,181,2
Request-Aware Weighted Residual STV k=1 clip=5.0,0.7853598014888338,0.723794502708625,0.6923076923076923,0.6923076923076923,0.6923076923076923,0.6923076923076923,0.6923076923076923,dataset_2,55,31,26,181,2
Global Weighted Residual STV k=1 clip=10.0,0.7785359801488834,0.6661847796011644,0.6923076923076923,0.6923076923076923,0.6923076923076923,0.6923076923076923,0.7307692307692307,dataset_2,55,31,26,181,2
Request-Aware Weighted Residual STV k=1 clip=10.0,0.7735732009925559,0.6731028445017847,0.6923076923076923,0.6923076923076923,0.6923076923076923,0.6923076923076923,0.7307692307692307,dataset_2,55,31,26,181,2
Global Residual STV k=1 clip=5.0,0.7506203473945409,0.6469081834403607,0.6153846153846154,0.6153846153846154,0.6153846153846154,0.6153846153846154,0.7307692307692307,dataset_2,55,31,26,181,2
Global Residual STV k=1 clip=10.0,0.7462779156327543,0.6313442601841299,0.6153846153846154,0.6153846153846154,0.6153846153846154,0.6153846153846154,0.7307692307692307,dataset_2,55,31,26,181,2
Request-Aware Residual STV k=1 clip=10.0,0.7437965260545906,0.6281862662173123,0.6153846153846154,0.6153846153846154,0.6153846153846154,0.6153846153846154,0.7307692307692307,dataset_2,55,31,26,181,2
Request-Aware Residual STV k=1 clip=5.0,0.7431761786600496,0.6293271125504664,0.6153846153846154,0.6153846153846154,0.6153846153846154,0.6153846153846154,0.6923076923076923,dataset_2,55,31,26,181,2
Global Residual STV k=3 clip=5.0,0.7295285359801489,0.7043295727558481,0.6153846153846154,0.6153846153846154,0.6153846153846154,0.6153846153846154,0.8461538461538461,dataset_2,55,31,26,181,2
Global Weighted Residual STV k=3 clip=5.0,0.7295285359801489,0.7212012047434452,0.5769230769230769,0.5769230769230769,0.5769230769230769,0.5769230769230769,0.8461538461538461,dataset_2,55,31,26,181,2
Global Residual STV k=3 clip=10.0,0.7258064516129032,0.6811766460604113,0.6153846153846154,0.6153846153846154,0.6153846153846154,0.6153846153846154,0.8461538461538461,dataset_2,55,31,26,181,2
Global Weighted Residual STV k=3 clip=10.0,0.7258064516129032,0.6985957178188807,0.5769230769230769,0.5769230769230769,0.5769230769230769,0.5769230769230769,0.8461538461538461,dataset_2,55,31,26,181,2
Request-Aware Residual STV k=3 clip=5.0,0.7245657568238213,0.6941269548609226,0.6153846153846154,0.6153846153846154,0.6153846153846154,0.6153846153846154,0.8461538461538461,dataset_2,55,31,26,181,2
Request-Aware Residual STV k=3 clip=10.0,0.7233250620347396,0.6780186520935937,0.6153846153846154,0.6153846153846154,0.6153846153846154,0.6153846153846154,0.8461538461538461,dataset_2,55,31,26,181,2
Request-Aware Weighted Residual STV k=3 clip=5.0,0.7233250620347395,0.7097185634531116,0.5769230769230769,0.5769230769230769,0.5769230769230769,0.5769230769230769,0.8461538461538461,dataset_2,55,31,26,181,2
Request-Aware Residual STV k=5 clip=10.0,0.7196029776674939,0.666600582983217,0.6153846153846154,0.6153846153846154,0.6153846153846154,0.6153846153846154,0.8461538461538461,dataset_2,55,31,26,181,2
Global Residual STV k=5 clip=10.0,0.7196029776674938,0.6585406282320857,0.6153846153846154,0.6153846153846154,0.6153846153846154,0.6153846153846154,0.8461538461538461,dataset_2,55,31,26,181,2
Global Weighted Residual STV k=5 clip=10.0,0.7196029776674938,0.670125256656112,0.5769230769230769,0.5769230769230769,0.5769230769230769,0.5769230769230769,0.8461538461538461,dataset_2,55,31,26,181,2
Global Weighted Residual STV k=5 clip=5.0,0.718362282878412,0.6824191534613939,0.5769230769230769,0.5769230769230769,0.5769230769230769,0.5769230769230769,0.8461538461538461,dataset_2,55,31,26,181,2
Global Residual STV k=5 clip=5.0,0.71712158808933,0.6509870819133573,0.6153846153846154,0.6153846153846154,0.6153846153846154,0.6153846153846154,0.8461538461538461,dataset_2,55,31,26,181,2
Request-Aware Weighted Residual STV k=3 clip=10.0,0.71712158808933,0.685777537381922,0.5769230769230769,0.5769230769230769,0.5769230769230769,0.5769230769230769,0.8461538461538461,dataset_2,55,31,26,181,2
Request-Aware Residual STV k=5 clip=5.0,0.7133995037220844,0.6439895922235599,0.6153846153846154,0.6153846153846154,0.6153846153846154,0.6153846153846154,0.8461538461538461,dataset_2,55,31,26,181,2
Request-Aware Weighted Residual STV k=5 clip=5.0,0.7133995037220844,0.6757442044787526,0.5769230769230769,0.5769230769230769,0.5769230769230769,0.5769230769230769,0.8461538461538461,dataset_2,55,31,26,181,2
Request-Aware Weighted Residual STV k=5 clip=10.0,0.7133995037220844,0.6700019667986592,0.5769230769230769,0.5769230769230769,0.5769230769230769,0.5769230769230769,0.8461538461538461,dataset_2,55,31,26,181,2
Enhanced STV + IF,0.6569478908188585,0.5917137801000091,0.6153846153846154,0.6153846153846154,0.6153846153846154,0.6153846153846154,0.6153846153846154,dataset_2,55,31,26,181,2
Baseline STV + IF,0.6544665012406948,0.6106339483889024,0.5384615384615384,0.5384615384615384,0.5384615384615384,0.5384615384615384,0.7692307692307693,dataset_2,55,31,26,181,2
Request-Aware Enhanced STV + IF,0.6296526054590571,0.5847781089235468,0.5769230769230769,0.5769230769230769,0.5769230769230769,0.5769230769230769,0.6153846153846154,dataset_2,55,31,26,181,2
Global Residual STV k=1 clip=5.0,0.8540584415584416,0.8615493941392125,0.7818181818181819,0.7818181818181819,0.7818181818181819,0.7818181818181819,0.8363636363636363,dataset_3,104,56,55,178,2
Global Residual STV k=1 clip=10.0,0.8540584415584416,0.8615493941392126,0.7818181818181819,0.7818181818181819,0.7818181818181819,0.7818181818181819,0.8363636363636363,dataset_3,104,56,55,178,2
Request-Aware Residual STV k=1 clip=5.0,0.849512987012987,0.8576655952368434,0.7636363636363637,0.7636363636363637,0.7636363636363637,0.7636363636363637,0.8363636363636363,dataset_3,104,56,55,178,2
Request-Aware Residual STV k=1 clip=10.0,0.849512987012987,0.8576655952368435,0.7636363636363637,0.7636363636363637,0.7636363636363637,0.7636363636363637,0.8363636363636363,dataset_3,104,56,55,178,2
Global Weighted Residual STV k=1 clip=10.0,0.8303571428571429,0.8603832531440847,0.7636363636363637,0.7636363636363637,0.7636363636363637,0.7636363636363637,0.8545454545454545,dataset_3,104,56,55,178,2
Global Weighted Residual STV k=1 clip=5.0,0.8297077922077921,0.8590003767612083,0.7636363636363637,0.7636363636363637,0.7636363636363637,0.7636363636363637,0.8545454545454545,dataset_3,104,56,55,178,2
Request-Aware Weighted Residual STV k=1 clip=10.0,0.8274350649350649,0.8572034766456766,0.7636363636363637,0.7636363636363637,0.7636363636363637,0.7636363636363637,0.8545454545454545,dataset_3,104,56,55,178,2
Request-Aware Weighted Residual STV k=1 clip=5.0,0.8267857142857142,0.8557984002406002,0.7636363636363637,0.7636363636363637,0.7636363636363637,0.7636363636363637,0.8545454545454545,dataset_3,104,56,55,178,2
Global Residual STV k=3 clip=10.0,0.8090909090909091,0.8339099930985086,0.7090909090909091,0.7090909090909091,0.7090909090909091,0.7090909090909091,0.8909090909090909,dataset_3,104,56,55,178,2
Request-Aware Residual STV k=3 clip=10.0,0.8087662337662338,0.833132558430724,0.7090909090909091,0.7090909090909091,0.7090909090909091,0.7090909090909091,0.8909090909090909,dataset_3,104,56,55,178,2
Global Residual STV k=3 clip=5.0,0.8064935064935064,0.8296187515261083,0.7090909090909091,0.7090909090909091,0.7090909090909091,0.7090909090909091,0.8909090909090909,dataset_3,104,56,55,178,2
Request-Aware Residual STV k=3 clip=5.0,0.8061688311688311,0.8287901736337719,0.7090909090909091,0.7090909090909091,0.7090909090909091,0.7090909090909091,0.8909090909090909,dataset_3,104,56,55,178,2
Global Residual STV k=5 clip=10.0,0.8,0.8072525557274209,0.7090909090909091,0.7090909090909091,0.7090909090909091,0.7090909090909091,0.8909090909090909,dataset_3,104,56,55,178,2
Request-Aware Residual STV k=5 clip=10.0,0.7993506493506494,0.8059875569050302,0.7090909090909091,0.7090909090909091,0.7090909090909091,0.7090909090909091,0.8909090909090909,dataset_3,104,56,55,178,2
Global Residual STV k=5 clip=5.0,0.7944805194805195,0.7867812542216941,0.7090909090909091,0.7090909090909091,0.7090909090909091,0.7090909090909091,0.8909090909090909,dataset_3,104,56,55,178,2
Request-Aware Residual STV k=5 clip=5.0,0.7938311688311688,0.7854589927630934,0.7090909090909091,0.7090909090909091,0.7090909090909091,0.7090909090909091,0.8909090909090909,dataset_3,104,56,55,178,2
Global Weighted Residual STV k=3 clip=10.0,0.7769480519480518,0.8162346903135457,0.6545454545454545,0.6545454545454545,0.6545454545454545,0.6545454545454545,0.8909090909090909,dataset_3,104,56,55,178,2
Request-Aware Weighted Residual STV k=3 clip=10.0,0.7762987012987013,0.8156482461026392,0.6727272727272727,0.6727272727272727,0.6727272727272727,0.6727272727272727,0.8909090909090909,dataset_3,104,56,55,178,2
Global Weighted Residual STV k=5 clip=10.0,0.7746753246753246,0.8111074831003645,0.6727272727272727,0.6727272727272727,0.6727272727272727,0.6727272727272727,0.8909090909090909,dataset_3,104,56,55,178,2
Request-Aware Weighted Residual STV k=5 clip=10.0,0.7737012987012987,0.8102894917888267,0.6727272727272727,0.6727272727272727,0.6727272727272727,0.6727272727272727,0.8909090909090909,dataset_3,104,56,55,178,2
Global Weighted Residual STV k=3 clip=5.0,0.7701298701298701,0.8083170996996024,0.6545454545454545,0.6545454545454545,0.6545454545454545,0.6545454545454545,0.8909090909090909,dataset_3,104,56,55,178,2
Request-Aware Weighted Residual STV k=3 clip=5.0,0.7698051948051947,0.8079260082255506,0.6727272727272727,0.6727272727272727,0.6727272727272727,0.6727272727272727,0.8909090909090909,dataset_3,104,56,55,178,2
Global Weighted Residual STV k=5 clip=5.0,0.7665584415584414,0.8029332422433931,0.6545454545454545,0.6545454545454545,0.6545454545454545,0.6545454545454545,0.8909090909090909,dataset_3,104,56,55,178,2
Request-Aware Weighted Residual STV k=5 clip=5.0,0.7659090909090909,0.8022802539465268,0.6545454545454545,0.6545454545454545,0.6545454545454545,0.6545454545454545,0.8909090909090909,dataset_3,104,56,55,178,2
Enhanced STV + IF,0.7462662337662339,0.6810710438771805,0.7636363636363637,0.7636363636363637,0.7636363636363637,0.7636363636363637,0.8727272727272727,dataset_3,104,56,55,178,2
Request-Aware Enhanced STV + IF,0.6603896103896103,0.6783139245319146,0.5272727272727272,0.5272727272727272,0.5272727272727272,0.5272727272727272,0.8363636363636363,dataset_3,104,56,55,178,2
Baseline STV + IF,0.6272727272727273,0.592320699325359,0.6181818181818182,0.6181818181818182,0.6181818181818182,0.6181818181818182,0.9272727272727272,dataset_3,104,56,55,178,2
Global Weighted Residual STV k=1 clip=5.0,0.8688642659279778,0.8717776142448878,0.8105263157894737,0.8105263157894737,0.8105263157894737,0.8105263157894737,0.7894736842105263,dataset_1,174,95,95,137,3
Request-Aware Weighted Residual STV k=1 clip=5.0,0.8650969529085872,0.8567699976173325,0.8,0.8,0.8,0.8,0.7684210526315789,dataset_1,174,95,95,137,3
Global Weighted Residual STV k=1 clip=10.0,0.8322437673130194,0.8073777400581659,0.7789473684210526,0.7789473684210526,0.7789473684210526,0.7789473684210526,0.8105263157894737,dataset_1,174,95,95,137,3
Global Weighted Residual STV k=3 clip=5.0,0.827202216066482,0.8465239307887276,0.7263157894736842,0.7263157894736842,0.7263157894736842,0.7263157894736842,0.8631578947368421,dataset_1,174,95,95,137,3
Request-Aware Weighted Residual STV k=3 clip=5.0,0.8233240997229916,0.8381570814064017,0.7052631578947368,0.7052631578947368,0.7052631578947368,0.7052631578947368,0.8842105263157894,dataset_1,174,95,95,137,3
Request-Aware Weighted Residual STV k=1 clip=10.0,0.8212742382271467,0.7796107203241305,0.7789473684210526,0.7789473684210526,0.7789473684210526,0.7789473684210526,0.8105263157894737,dataset_1,174,95,95,137,3
Global Residual STV k=1 clip=5.0,0.8154016620498614,0.7338375423494219,0.7684210526315789,0.7684210526315789,0.7684210526315789,0.7684210526315789,0.7894736842105263,dataset_1,174,95,95,137,3
Global Residual STV k=1 clip=10.0,0.8062049861495845,0.7014045746106219,0.7684210526315789,0.7684210526315789,0.7684210526315789,0.7684210526315789,0.8105263157894737,dataset_1,174,95,95,137,3
Request-Aware Residual STV k=1 clip=5.0,0.8047091412742382,0.7135180485308521,0.7789473684210526,0.7789473684210526,0.7789473684210526,0.7789473684210526,0.7684210526315789,dataset_1,174,95,95,137,3
Global Weighted Residual STV k=3 clip=10.0,0.8043213296398892,0.7721300281186361,0.7263157894736842,0.7263157894736842,0.7263157894736842,0.7263157894736842,0.8736842105263158,dataset_1,174,95,95,137,3
Request-Aware Weighted Residual STV k=3 clip=10.0,0.7992243767313019,0.7733127531066437,0.7052631578947368,0.7052631578947368,0.7052631578947368,0.7052631578947368,0.8736842105263158,dataset_1,174,95,95,137,3
Global Weighted Residual STV k=5 clip=5.0,0.7989473684210526,0.7918514425852216,0.7052631578947368,0.7052631578947368,0.7052631578947368,0.7052631578947368,0.8631578947368421,dataset_1,174,95,95,137,3
Request-Aware Residual STV k=1 clip=10.0,0.7981163434903047,0.6945172231101259,0.7789473684210526,0.7789473684210526,0.7789473684210526,0.7789473684210526,0.8105263157894737,dataset_1,174,95,95,137,3
Request-Aware Weighted Residual STV k=5 clip=5.0,0.7970637119113573,0.7949294840641171,0.6842105263157895,0.6842105263157895,0.6842105263157895,0.6842105263157895,0.8842105263157894,dataset_1,174,95,95,137,3
Global Residual STV k=3 clip=5.0,0.7911357340720222,0.72403450700778,0.7368421052631579,0.7368421052631579,0.7368421052631579,0.7368421052631579,0.8631578947368421,dataset_1,174,95,95,137,3
Global Weighted Residual STV k=5 clip=10.0,0.7878116343490305,0.7342629356614548,0.7052631578947368,0.7052631578947368,0.7052631578947368,0.7052631578947368,0.8736842105263158,dataset_1,174,95,95,137,3
Request-Aware Residual STV k=3 clip=5.0,0.7867590027700831,0.7242398408169377,0.7263157894736842,0.7263157894736842,0.7263157894736842,0.7263157894736842,0.8631578947368421,dataset_1,174,95,95,137,3
Global Residual STV k=3 clip=10.0,0.785152354570637,0.6989901445961219,0.7368421052631579,0.7368421052631579,0.7368421052631579,0.7368421052631579,0.8736842105263158,dataset_1,174,95,95,137,3
Request-Aware Weighted Residual STV k=5 clip=10.0,0.784376731301939,0.7278122761434204,0.6842105263157895,0.6842105263157895,0.6842105263157895,0.6842105263157895,0.8736842105263158,dataset_1,174,95,95,137,3
Request-Aware Residual STV k=3 clip=10.0,0.7781717451523547,0.6931690532480468,0.7263157894736842,0.7263157894736842,0.7263157894736842,0.7263157894736842,0.8736842105263158,dataset_1,174,95,95,137,3
Global Residual STV k=5 clip=5.0,0.7694736842105263,0.6873981744877802,0.7052631578947368,0.7052631578947368,0.7052631578947368,0.7052631578947368,0.8631578947368421,dataset_1,174,95,95,137,3
Global Residual STV k=5 clip=10.0,0.7686426592797784,0.682284609123478,0.7052631578947368,0.7052631578947368,0.7052631578947368,0.7052631578947368,0.8736842105263158,dataset_1,174,95,95,137,3
Request-Aware Residual STV k=5 clip=5.0,0.7662603878116343,0.6848860795363539,0.7052631578947368,0.7052631578947368,0.7052631578947368,0.7052631578947368,0.8631578947368421,dataset_1,174,95,95,137,3
Request-Aware Residual STV k=5 clip=10.0,0.7643213296398892,0.6783629873527529,0.7052631578947368,0.7052631578947368,0.7052631578947368,0.7052631578947368,0.8736842105263158,dataset_1,174,95,95,137,3
Enhanced STV + IF,0.6996675900277007,0.6379051780174663,0.6842105263157895,0.6842105263157895,0.6842105263157895,0.6842105263157895,0.8315789473684211,dataset_1,174,95,95,137,3
Request-Aware Enhanced STV + IF,0.6645429362880887,0.6989625279633602,0.6210526315789474,0.6210526315789474,0.6210526315789474,0.6210526315789474,0.7684210526315789,dataset_1,174,95,95,137,3
Baseline STV + IF,0.5793351800554016,0.560135519332814,0.5789473684210527,0.5789473684210527,0.5789473684210527,0.5789473684210527,0.8842105263157894,dataset_1,174,95,95,137,3
Global Weighted Residual STV k=1 clip=5.0,0.7701612903225807,0.7783568809626298,0.7142857142857143,0.7142857142857143,0.7142857142857143,0.7142857142857143,0.7857142857142857,dataset_2,55,31,28,136,3
Request-Aware Weighted Residual STV k=1 clip=5.0,0.7678571428571429,0.7753929494427015,0.7142857142857143,0.7142857142857143,0.7142857142857143,0.7142857142857143,0.7857142857142857,dataset_2,55,31,28,136,3
Global Weighted Residual STV k=1 clip=10.0,0.7540322580645161,0.7261427608955134,0.7142857142857143,0.7142857142857143,0.7142857142857143,0.7142857142857143,0.7857142857142857,dataset_2,55,31,28,136,3
Request-Aware Weighted Residual STV k=1 clip=10.0,0.7517281105990783,0.7231788293755851,0.7142857142857143,0.7142857142857143,0.7142857142857143,0.7142857142857143,0.7857142857142857,dataset_2,55,31,28,136,3
Request-Aware Residual STV k=1 clip=5.0,0.7379032258064516,0.6906024321339344,0.7142857142857143,0.7142857142857143,0.7142857142857143,0.7142857142857143,0.7142857142857143,dataset_2,55,31,28,136,3
Global Residual STV k=1 clip=5.0,0.7367511520737327,0.6903761730084392,0.7142857142857143,0.7142857142857143,0.7142857142857143,0.7142857142857143,0.7142857142857143,dataset_2,55,31,28,136,3
Global Weighted Residual STV k=3 clip=5.0,0.7315668202764977,0.7385520938556369,0.6428571428571429,0.6428571428571429,0.6428571428571429,0.6428571428571429,0.75,dataset_2,55,31,28,136,3
Request-Aware Weighted Residual STV k=3 clip=5.0,0.728110599078341,0.7365239859091616,0.6428571428571429,0.6428571428571429,0.6428571428571429,0.6428571428571429,0.75,dataset_2,55,31,28,136,3
Request-Aware Residual STV k=1 clip=10.0,0.7275345622119815,0.6474012880399332,0.7142857142857143,0.7142857142857143,0.7142857142857143,0.7142857142857143,0.7142857142857143,dataset_2,55,31,28,136,3
Global Weighted Residual STV k=5 clip=5.0,0.7269585253456221,0.716443250318222,0.6428571428571429,0.6428571428571429,0.6428571428571429,0.6428571428571429,0.75,dataset_2,55,31,28,136,3
Global Residual STV k=1 clip=10.0,0.7263824884792627,0.6471750289144381,0.7142857142857143,0.7142857142857143,0.7142857142857143,0.7142857142857143,0.7142857142857143,dataset_2,55,31,28,136,3
Global Weighted Residual STV k=3 clip=10.0,0.7258064516129031,0.7005204495739927,0.6428571428571429,0.6428571428571429,0.6428571428571429,0.6428571428571429,0.75,dataset_2,55,31,28,136,3
Request-Aware Weighted Residual STV k=5 clip=5.0,0.7235023041474654,0.7144151423717466,0.6428571428571429,0.6428571428571429,0.6428571428571429,0.6428571428571429,0.75,dataset_2,55,31,28,136,3
Global Weighted Residual STV k=5 clip=10.0,0.7235023041474654,0.6954879820415252,0.6428571428571429,0.6428571428571429,0.6428571428571429,0.6428571428571429,0.75,dataset_2,55,31,28,136,3
Request-Aware Weighted Residual STV k=3 clip=10.0,0.7223502304147466,0.6984923416275174,0.6428571428571429,0.6428571428571429,0.6428571428571429,0.6428571428571429,0.75,dataset_2,55,31,28,136,3
Request-Aware Residual STV k=3 clip=5.0,0.7223502304147464,0.6675722833004152,0.6785714285714286,0.6785714285714286,0.6785714285714286,0.6785714285714286,0.6785714285714286,dataset_2,55,31,28,136,3
Request-Aware Weighted Residual STV k=5 clip=10.0,0.7200460829493087,0.6934598740950498,0.6428571428571429,0.6428571428571429,0.6428571428571429,0.6428571428571429,0.75,dataset_2,55,31,28,136,3
Global Residual STV k=3 clip=5.0,0.7200460829493087,0.6667802971521829,0.6785714285714286,0.6785714285714286,0.6785714285714286,0.6785714285714286,0.6785714285714286,dataset_2,55,31,28,136,3
Request-Aware Residual STV k=5 clip=5.0,0.7200460829493087,0.6583689865971185,0.6785714285714286,0.6785714285714286,0.6785714285714286,0.6785714285714286,0.6785714285714286,dataset_2,55,31,28,136,3
Request-Aware Residual STV k=3 clip=10.0,0.7200460829493087,0.6582221096645273,0.6785714285714286,0.6785714285714286,0.6785714285714286,0.6785714285714286,0.6785714285714286,dataset_2,55,31,28,136,3
Global Residual STV k=5 clip=5.0,0.717741935483871,0.6575770004488862,0.6785714285714286,0.6785714285714286,0.6785714285714286,0.6785714285714286,0.6785714285714286,dataset_2,55,31,28,136,3
Global Residual STV k=3 clip=10.0,0.717741935483871,0.657430123516295,0.6785714285714286,0.6785714285714286,0.6785714285714286,0.6785714285714286,0.6785714285714286,dataset_2,55,31,28,136,3
Request-Aware Residual STV k=5 clip=10.0,0.716589861751152,0.6486557831339151,0.6785714285714286,0.6785714285714286,0.6785714285714286,0.6785714285714286,0.6785714285714286,dataset_2,55,31,28,136,3
Global Residual STV k=5 clip=10.0,0.7142857142857143,0.6478637969856829,0.6785714285714286,0.6785714285714286,0.6785714285714286,0.6785714285714286,0.6785714285714286,dataset_2,55,31,28,136,3
Baseline STV + IF,0.6013824884792627,0.566258987062982,0.5714285714285714,0.5714285714285714,0.5714285714285714,0.5714285714285714,0.7857142857142857,dataset_2,55,31,28,136,3
Enhanced STV + IF,0.5904377880184332,0.554046757773079,0.6071428571428571,0.6071428571428571,0.6071428571428571,0.6071428571428571,0.39285714285714285,dataset_2,55,31,28,136,3
Request-Aware Enhanced STV + IF,0.5650921658986174,0.5709900568318328,0.5714285714285714,0.5714285714285714,0.5714285714285714,0.5714285714285714,0.4642857142857143,dataset_2,55,31,28,136,3
Global Residual STV k=1 clip=5.0,0.8194805194805195,0.7740986126499967,0.7272727272727273,0.7272727272727273,0.7272727272727273,0.7272727272727273,0.7818181818181819,dataset_3,104,56,55,176,3
Global Residual STV k=1 clip=10.0,0.812012987012987,0.7484670815557639,0.7272727272727273,0.7272727272727273,0.7272727272727273,0.7272727272727273,0.8181818181818182,dataset_3,104,56,55,176,3
Global Weighted Residual STV k=1 clip=5.0,0.800974025974026,0.8039131502433752,0.6909090909090909,0.6909090909090909,0.6909090909090909,0.6909090909090909,0.8,dataset_3,104,56,55,176,3
Global Weighted Residual STV k=1 clip=10.0,0.7905844155844155,0.7806905603141233,0.6909090909090909,0.6909090909090909,0.6909090909090909,0.6909090909090909,0.8181818181818182,dataset_3,104,56,55,176,3
Request-Aware Residual STV k=1 clip=5.0,0.7866883116883118,0.7344578753840447,0.7090909090909091,0.7090909090909091,0.7090909090909091,0.7090909090909091,0.7454545454545455,dataset_3,104,56,55,176,3
Request-Aware Residual STV k=1 clip=10.0,0.7808441558441558,0.7211800530077231,0.7090909090909091,0.7090909090909091,0.7090909090909091,0.7090909090909091,0.7818181818181819,dataset_3,104,56,55,176,3
Global Residual STV k=3 clip=10.0,0.7746753246753247,0.7284979080852454,0.6727272727272727,0.6727272727272727,0.6727272727272727,0.6727272727272727,0.8727272727272727,dataset_3,104,56,55,176,3
Global Residual STV k=3 clip=5.0,0.7737012987012987,0.7356326222688423,0.6727272727272727,0.6727272727272727,0.6727272727272727,0.6727272727272727,0.8727272727272727,dataset_3,104,56,55,176,3
Global Residual STV k=5 clip=10.0,0.773051948051948,0.7278865531210021,0.6727272727272727,0.6727272727272727,0.6727272727272727,0.6727272727272727,0.8727272727272727,dataset_3,104,56,55,176,3
Global Residual STV k=5 clip=5.0,0.7698051948051948,0.7266182081078134,0.6727272727272727,0.6727272727272727,0.6727272727272727,0.6727272727272727,0.8727272727272727,dataset_3,104,56,55,176,3
Request-Aware Weighted Residual STV k=1 clip=5.0,0.7633116883116883,0.758841335812573,0.6545454545454545,0.6545454545454545,0.6545454545454545,0.6545454545454545,0.7454545454545455,dataset_3,104,56,55,176,3
Global Weighted Residual STV k=3 clip=5.0,0.7590909090909091,0.7842549631934169,0.6727272727272727,0.6727272727272727,0.6727272727272727,0.6727272727272727,0.8727272727272727,dataset_3,104,56,55,176,3
Global Weighted Residual STV k=3 clip=10.0,0.7571428571428572,0.7771815750374624,0.6727272727272727,0.6727272727272727,0.6727272727272727,0.6727272727272727,0.8727272727272727,dataset_3,104,56,55,176,3
Request-Aware Residual STV k=3 clip=5.0,0.7561688311688312,0.725647823964544,0.6727272727272727,0.6727272727272727,0.6727272727272727,0.6727272727272727,0.8727272727272727,dataset_3,104,56,55,176,3
Request-Aware Weighted Residual STV k=1 clip=10.0,0.7542207792207791,0.7194088530931165,0.6545454545454545,0.6545454545454545,0.6545454545454545,0.6545454545454545,0.7818181818181819,dataset_3,104,56,55,176,3
Request-Aware Residual STV k=3 clip=10.0,0.7535714285714286,0.7086578839829367,0.6727272727272727,0.6727272727272727,0.6727272727272727,0.6727272727272727,0.8727272727272727,dataset_3,104,56,55,176,3
Request-Aware Residual STV k=5 clip=5.0,0.7522727272727273,0.7158017983264388,0.6727272727272727,0.6727272727272727,0.6727272727272727,0.6727272727272727,0.8727272727272727,dataset_3,104,56,55,176,3
Global Weighted Residual STV k=5 clip=5.0,0.7522727272727273,0.7667573561458068,0.6727272727272727,0.6727272727272727,0.6727272727272727,0.6727272727272727,0.8727272727272727,dataset_3,104,56,55,176,3
Request-Aware Residual STV k=5 clip=10.0,0.751948051948052,0.7081688475336789,0.6727272727272727,0.6727272727272727,0.6727272727272727,0.6727272727272727,0.8727272727272727,dataset_3,104,56,55,176,3
Global Weighted Residual STV k=5 clip=10.0,0.7483766233766234,0.7252676773447506,0.6727272727272727,0.6727272727272727,0.6727272727272727,0.6727272727272727,0.8727272727272727,dataset_3,104,56,55,176,3
Request-Aware Weighted Residual STV k=3 clip=10.0,0.7392857142857143,0.7694777578593539,0.6727272727272727,0.6727272727272727,0.6727272727272727,0.6727272727272727,0.8727272727272727,dataset_3,104,56,55,176,3
Request-Aware Weighted Residual STV k=3 clip=5.0,0.7357142857142858,0.7666076554669771,0.6727272727272727,0.6727272727272727,0.6727272727272727,0.6727272727272727,0.8727272727272727,dataset_3,104,56,55,176,3
Request-Aware Weighted Residual STV k=5 clip=5.0,0.7311688311688311,0.7522598685165964,0.6545454545454545,0.6545454545454545,0.6545454545454545,0.6545454545454545,0.8727272727272727,dataset_3,104,56,55,176,3
Request-Aware Weighted Residual STV k=5 clip=10.0,0.7275974025974026,0.7091723539592707,0.6545454545454545,0.6545454545454545,0.6545454545454545,0.6545454545454545,0.8727272727272727,dataset_3,104,56,55,176,3
Enhanced STV + IF,0.6714285714285715,0.6285438767742388,0.6545454545454545,0.6545454545454545,0.6545454545454545,0.6545454545454545,0.7818181818181819,dataset_3,104,56,55,176,3
Request-Aware Enhanced STV + IF,0.6165584415584415,0.6427014925067037,0.5272727272727272,0.5272727272727272,0.5272727272727272,0.5272727272727272,0.7272727272727273,dataset_3,104,56,55,176,3
Baseline STV + IF,0.5702922077922078,0.5705464777550908,0.5818181818181818,0.5818181818181818,0.5818181818181818,0.5818181818181818,0.8545454545454545,dataset_3,104,56,55,176,3
Global Weighted Residual STV k=1 clip=5.0,0.8724653739612188,0.8549289643213965,0.7789473684210526,0.7789473684210526,0.7789473684210526,0.7789473684210526,0.8631578947368421,dataset_1,174,95,95,136,4
Request-Aware Weighted Residual STV k=1 clip=5.0,0.8723545706371192,0.850813822062654,0.7684210526315789,0.7684210526315789,0.7684210526315789,0.7684210526315789,0.8631578947368421,dataset_1,174,95,95,136,4
Global Weighted Residual STV k=1 clip=10.0,0.8462049861495845,0.8248024650590897,0.7684210526315789,0.7684210526315789,0.7684210526315789,0.7684210526315789,0.8736842105263158,dataset_1,174,95,95,136,4
Request-Aware Weighted Residual STV k=1 clip=10.0,0.845207756232687,0.8194714470266174,0.7578947368421053,0.7578947368421053,0.7578947368421053,0.7578947368421053,0.8842105263157894,dataset_1,174,95,95,136,4
Request-Aware Weighted Residual STV k=3 clip=5.0,0.8278670360110802,0.858357541677106,0.7052631578947368,0.7052631578947368,0.7052631578947368,0.7052631578947368,0.9578947368421052,dataset_1,174,95,95,136,4
Global Weighted Residual STV k=3 clip=5.0,0.8191135734072023,0.8518600767801693,0.6947368421052632,0.6947368421052632,0.6947368421052632,0.6947368421052632,0.9578947368421052,dataset_1,174,95,95,136,4
Request-Aware Weighted Residual STV k=3 clip=10.0,0.813573407202216,0.8356981407067631,0.7157894736842105,0.7157894736842105,0.7157894736842105,0.7157894736842105,0.9578947368421052,dataset_1,174,95,95,136,4
Request-Aware Residual STV k=3 clip=5.0,0.8124099722991689,0.817279481604521,0.7368421052631579,0.7368421052631579,0.7368421052631579,0.7368421052631579,0.9368421052631579,dataset_1,174,95,95,136,4
Request-Aware Weighted Residual STV k=5 clip=5.0,0.8087534626038781,0.8378063434444687,0.6842105263157895,0.6842105263157895,0.6842105263157895,0.6842105263157895,0.968421052631579,dataset_1,174,95,95,136,4
Global Weighted Residual STV k=3 clip=10.0,0.8065927977839334,0.8317810471570187,0.6947368421052632,0.6947368421052632,0.6947368421052632,0.6947368421052632,0.9578947368421052,dataset_1,174,95,95,136,4
Global Residual STV k=3 clip=5.0,0.8053739612188365,0.8122861581578229,0.7157894736842105,0.7157894736842105,0.7157894736842105,0.7157894736842105,0.9368421052631579,dataset_1,174,95,95,136,4
Request-Aware Weighted Residual STV k=5 clip=10.0,0.8029916897506926,0.8270388092879504,0.7052631578947368,0.7052631578947368,0.7052631578947368,0.7052631578947368,0.968421052631579,dataset_1,174,95,95,136,4
Global Weighted Residual STV k=5 clip=5.0,0.7997783933518006,0.8314926907334498,0.6736842105263158,0.6736842105263158,0.6736842105263158,0.6736842105263158,0.968421052631579,dataset_1,174,95,95,136,4
Request-Aware Residual STV k=1 clip=5.0,0.7983933518005542,0.7172984965899192,0.6947368421052632,0.6947368421052632,0.6947368421052632,0.6947368421052632,0.7473684210526316,dataset_1,174,95,95,136,4
Request-Aware Residual STV k=5 clip=5.0,0.7976731301939058,0.7875213167364278,0.7368421052631579,0.7368421052631579,0.7368421052631579,0.7368421052631579,0.9578947368421052,dataset_1,174,95,95,136,4
Global Residual STV k=1 clip=5.0,0.7956232686980609,0.7198709328635919,0.6947368421052632,0.6947368421052632,0.6947368421052632,0.6947368421052632,0.7473684210526316,dataset_1,174,95,95,136,4
Global Weighted Residual STV k=5 clip=10.0,0.795235457063712,0.8220407079867922,0.6736842105263158,0.6736842105263158,0.6736842105263158,0.6736842105263158,0.968421052631579,dataset_1,174,95,95,136,4
Global Residual STV k=5 clip=5.0,0.7916897506925208,0.7853461868960232,0.7157894736842105,0.7157894736842105,0.7157894736842105,0.7157894736842105,0.9578947368421052,dataset_1,174,95,95,136,4
Request-Aware Residual STV k=1 clip=10.0,0.7912465373961219,0.6958674867227269,0.6947368421052632,0.6947368421052632,0.6947368421052632,0.6947368421052632,0.8,dataset_1,174,95,95,136,4
Global Residual STV k=1 clip=10.0,0.7882548476454293,0.6962684292314529,0.6947368421052632,0.6947368421052632,0.6947368421052632,0.6947368421052632,0.7894736842105263,dataset_1,174,95,95,136,4
Request-Aware Residual STV k=3 clip=10.0,0.7838781163434902,0.7774653990536626,0.7263157894736842,0.7263157894736842,0.7263157894736842,0.7263157894736842,0.9368421052631579,dataset_1,174,95,95,136,4
Global Residual STV k=3 clip=10.0,0.7782271468144044,0.7746798893793533,0.7157894736842105,0.7157894736842105,0.7157894736842105,0.7157894736842105,0.9368421052631579,dataset_1,174,95,95,136,4
Request-Aware Residual STV k=5 clip=10.0,0.7760664819944598,0.7616321730897436,0.7157894736842105,0.7157894736842105,0.7157894736842105,0.7157894736842105,0.9473684210526315,dataset_1,174,95,95,136,4
Global Residual STV k=5 clip=10.0,0.7709695290858726,0.7603607568979086,0.7052631578947368,0.7052631578947368,0.7052631578947368,0.7052631578947368,0.9473684210526315,dataset_1,174,95,95,136,4
Enhanced STV + IF,0.6934626038781164,0.6187632430289922,0.631578947368421,0.631578947368421,0.631578947368421,0.631578947368421,0.8315789473684211,dataset_1,174,95,95,136,4
Request-Aware Enhanced STV + IF,0.6559556786703601,0.7288202627962352,0.5578947368421052,0.5578947368421052,0.5578947368421052,0.5578947368421052,0.8526315789473684,dataset_1,174,95,95,136,4
Baseline STV + IF,0.602382271468144,0.57184172136336,0.6421052631578947,0.6421052631578947,0.6421052631578947,0.6421052631578947,0.8947368421052632,dataset_1,174,95,95,136,4
Global Weighted Residual STV k=1 clip=5.0,0.7916129032258065,0.74383297275443,0.72,0.72,0.72,0.72,0.68,dataset_2,55,31,25,132,4
Request-Aware Weighted Residual STV k=1 clip=5.0,0.7916129032258065,0.74383297275443,0.72,0.72,0.72,0.72,0.68,dataset_2,55,31,25,132,4
Request-Aware Residual STV k=3 clip=5.0,0.7864516129032257,0.7125880793286102,0.72,0.72,0.72,0.72,0.72,dataset_2,55,31,25,132,4
Request-Aware Residual STV k=3 clip=10.0,0.7845161290322581,0.6859855978747356,0.72,0.72,0.72,0.72,0.76,dataset_2,55,31,25,132,4
Request-Aware Weighted Residual STV k=3 clip=10.0,0.784516129032258,0.7222794562878188,0.72,0.72,0.72,0.72,0.76,dataset_2,55,31,25,132,4
Global Residual STV k=3 clip=5.0,0.7838709677419355,0.7114696124296556,0.72,0.72,0.72,0.72,0.72,dataset_2,55,31,25,132,4
Request-Aware Residual STV k=5 clip=5.0,0.7838709677419354,0.6932547459952769,0.72,0.72,0.72,0.72,0.72,dataset_2,55,31,25,132,4
Global Residual STV k=3 clip=10.0,0.7819354838709678,0.6848671309757809,0.72,0.72,0.72,0.72,0.76,dataset_2,55,31,25,132,4
Global Residual STV k=5 clip=5.0,0.7812903225806451,0.6921362790963221,0.72,0.72,0.72,0.72,0.72,dataset_2,55,31,25,132,4
Global Weighted Residual STV k=3 clip=10.0,0.7806451612903226,0.720587743293601,0.72,0.72,0.72,0.72,0.76,dataset_2,55,31,25,132,4
Request-Aware Residual STV k=5 clip=10.0,0.7806451612903226,0.6746046454937832,0.72,0.72,0.72,0.72,0.76,dataset_2,55,31,25,132,4
Request-Aware Weighted Residual STV k=5 clip=10.0,0.7806451612903226,0.7069187059270683,0.72,0.72,0.72,0.72,0.76,dataset_2,55,31,25,132,4
Global Weighted Residual STV k=1 clip=10.0,0.7793548387096775,0.6745663367566053,0.72,0.72,0.72,0.72,0.72,dataset_2,55,31,25,132,4
Request-Aware Weighted Residual STV k=1 clip=10.0,0.7793548387096775,0.6745663367566053,0.72,0.72,0.72,0.72,0.72,dataset_2,55,31,25,132,4
Request-Aware Weighted Residual STV k=3 clip=5.0,0.7787096774193549,0.7476547351152716,0.68,0.68,0.68,0.68,0.72,dataset_2,55,31,25,132,4
Global Residual STV k=5 clip=10.0,0.7780645161290323,0.6734861785948285,0.72,0.72,0.72,0.72,0.76,dataset_2,55,31,25,132,4
Global Residual STV k=1 clip=5.0,0.7767741935483872,0.6627593505739958,0.68,0.68,0.68,0.68,0.68,dataset_2,55,31,25,132,4
Request-Aware Residual STV k=1 clip=5.0,0.7767741935483872,0.6627593505739958,0.68,0.68,0.68,0.68,0.68,dataset_2,55,31,25,132,4
Global Weighted Residual STV k=5 clip=10.0,0.7767741935483871,0.7052269929328506,0.72,0.72,0.72,0.72,0.76,dataset_2,55,31,25,132,4
Global Residual STV k=1 clip=10.0,0.7761290322580645,0.6580382383528837,0.68,0.68,0.68,0.68,0.72,dataset_2,55,31,25,132,4
Request-Aware Residual STV k=1 clip=10.0,0.7761290322580645,0.6580382383528837,0.68,0.68,0.68,0.68,0.72,dataset_2,55,31,25,132,4
Global Weighted Residual STV k=3 clip=5.0,0.7748387096774194,0.7459630221210538,0.68,0.68,0.68,0.68,0.72,dataset_2,55,31,25,132,4
Request-Aware Weighted Residual STV k=5 clip=5.0,0.7709677419354839,0.7086071160676525,0.68,0.68,0.68,0.68,0.72,dataset_2,55,31,25,132,4
Global Weighted Residual STV k=5 clip=5.0,0.7670967741935484,0.7069154030734348,0.68,0.68,0.68,0.68,0.72,dataset_2,55,31,25,132,4
Enhanced STV + IF,0.6638709677419354,0.5996271200064303,0.64,0.64,0.64,0.64,0.6,dataset_2,55,31,25,132,4
Baseline STV + IF,0.6483870967741936,0.5836113331113331,0.56,0.56,0.56,0.56,0.64,dataset_2,55,31,25,132,4
Request-Aware Enhanced STV + IF,0.6251612903225807,0.61428187045153,0.56,0.56,0.56,0.56,0.6,dataset_2,55,31,25,132,4
Request-Aware Residual STV k=1 clip=5.0,0.8391172506738545,0.7851602957805484,0.7358490566037735,0.7358490566037735,0.7358490566037735,0.7358490566037735,0.7924528301886793,dataset_3,104,56,53,175,4
Global Residual STV k=1 clip=5.0,0.8389487870619945,0.7819827235876393,0.7358490566037735,0.7358490566037735,0.7358490566037735,0.7358490566037735,0.7735849056603774,dataset_3,104,56,53,175,4
Request-Aware Residual STV k=1 clip=10.0,0.8318733153638813,0.7581628670036957,0.7358490566037735,0.7358490566037735,0.7358490566037735,0.7358490566037735,0.8113207547169812,dataset_3,104,56,53,175,4
Global Residual STV k=1 clip=10.0,0.8310309973045822,0.7513079320470287,0.7358490566037735,0.7358490566037735,0.7358490566037735,0.7358490566037735,0.7924528301886793,dataset_3,104,56,53,175,4
Global Weighted Residual STV k=1 clip=10.0,0.8249663072776281,0.8057642670957801,0.7358490566037735,0.7358490566037735,0.7358490566037735,0.7358490566037735,0.8113207547169812,dataset_3,104,56,53,175,4
Global Weighted Residual STV k=1 clip=5.0,0.8242924528301887,0.823403289504756,0.7358490566037735,0.7358490566037735,0.7358490566037735,0.7358490566037735,0.8113207547169812,dataset_3,104,56,53,175,4
Request-Aware Weighted Residual STV k=1 clip=10.0,0.8195754716981132,0.7995858924921146,0.7169811320754716,0.7169811320754716,0.7169811320754716,0.7169811320754716,0.8301886792452831,dataset_3,104,56,53,175,4
Request-Aware Weighted Residual STV k=1 clip=5.0,0.8189016172506739,0.8247836694636799,0.7169811320754716,0.7169811320754716,0.7169811320754716,0.7169811320754716,0.8301886792452831,dataset_3,104,56,53,175,4
Global Residual STV k=3 clip=10.0,0.8158692722371967,0.7281714744939899,0.7169811320754716,0.7169811320754716,0.7169811320754716,0.7169811320754716,0.8301886792452831,dataset_3,104,56,53,175,4
Global Residual STV k=5 clip=10.0,0.8158692722371967,0.7281339082758925,0.7169811320754716,0.7169811320754716,0.7169811320754716,0.7169811320754716,0.8301886792452831,dataset_3,104,56,53,175,4
Request-Aware Residual STV k=3 clip=10.0,0.808288409703504,0.724653171189412,0.7169811320754716,0.7169811320754716,0.7169811320754716,0.7169811320754716,0.8301886792452831,dataset_3,104,56,53,175,4
Request-Aware Residual STV k=5 clip=10.0,0.8081199460916442,0.7210670446207147,0.7169811320754716,0.7169811320754716,0.7169811320754716,0.7169811320754716,0.8301886792452831,dataset_3,104,56,53,175,4
Global Weighted Residual STV k=3 clip=10.0,0.7963274932614556,0.7568967422808475,0.6981132075471698,0.6981132075471698,0.6981132075471698,0.6981132075471698,0.8490566037735849,dataset_3,104,56,53,175,4
Global Residual STV k=5 clip=5.0,0.7961590296495957,0.7118214125652087,0.7169811320754716,0.7169811320754716,0.7169811320754716,0.7169811320754716,0.8113207547169812,dataset_3,104,56,53,175,4
Global Residual STV k=3 clip=5.0,0.7954851752021563,0.7152450292514257,0.7169811320754716,0.7169811320754716,0.7169811320754716,0.7169811320754716,0.8113207547169812,dataset_3,104,56,53,175,4
Request-Aware Residual STV k=3 clip=5.0,0.7917789757412399,0.7235009146723899,0.7169811320754716,0.7169811320754716,0.7169811320754716,0.7169811320754716,0.8113207547169812,dataset_3,104,56,53,175,4
Global Weighted Residual STV k=3 clip=5.0,0.7912735849056604,0.7864727755570075,0.6792452830188679,0.6792452830188679,0.6792452830188679,0.6792452830188679,0.8301886792452831,dataset_3,104,56,53,175,4
Request-Aware Residual STV k=5 clip=5.0,0.7909366576819407,0.7147566581130289,0.7169811320754716,0.7169811320754716,0.7169811320754716,0.7169811320754716,0.8113207547169812,dataset_3,104,56,53,175,4
Request-Aware Weighted Residual STV k=3 clip=10.0,0.7889150943396226,0.7582423956508297,0.6981132075471698,0.6981132075471698,0.6981132075471698,0.6981132075471698,0.8490566037735849,dataset_3,104,56,53,175,4
Global Weighted Residual STV k=5 clip=10.0,0.7889150943396226,0.7072788853822933,0.6981132075471698,0.6981132075471698,0.6981132075471698,0.6981132075471698,0.8490566037735849,dataset_3,104,56,53,175,4
Global Weighted Residual STV k=5 clip=5.0,0.7841981132075473,0.7654129403197083,0.6792452830188679,0.6792452830188679,0.6792452830188679,0.6792452830188679,0.8301886792452831,dataset_3,104,56,53,175,4
Request-Aware Weighted Residual STV k=3 clip=5.0,0.7826819407008087,0.7826588825050244,0.660377358490566,0.660377358490566,0.660377358490566,0.660377358490566,0.8301886792452831,dataset_3,104,56,53,175,4
Request-Aware Weighted Residual STV k=5 clip=10.0,0.780154986522911,0.7129180179298035,0.6981132075471698,0.6981132075471698,0.6981132075471698,0.6981132075471698,0.8490566037735849,dataset_3,104,56,53,175,4
Request-Aware Weighted Residual STV k=5 clip=5.0,0.7793126684636118,0.7718710625307875,0.660377358490566,0.660377358490566,0.660377358490566,0.660377358490566,0.8301886792452831,dataset_3,104,56,53,175,4
Enhanced STV + IF,0.723888140161725,0.6521033582112195,0.660377358490566,0.660377358490566,0.660377358490566,0.660377358490566,0.6792452830188679,dataset_3,104,56,53,175,4
Request-Aware Enhanced STV + IF,0.6292115902964961,0.645327159864845,0.5283018867924528,0.5283018867924528,0.5283018867924528,0.5283018867924528,0.660377358490566,dataset_3,104,56,53,175,4
Baseline STV + IF,0.5924865229110512,0.5508978428240275,0.5660377358490566,0.5660377358490566,0.5660377358490566,0.5660377358490566,0.7358490566037735,dataset_3,104,56,53,175,4
