method,roc_auc_mean,roc_auc_std,average_precision_mean,average_precision_std,f1_mean,f1_std,precision_at_k_mean,precision_at_k_std,pairwise_win_rate_mean,pairwise_win_rate_std,runs
Global Weighted Residual STV k=1 clip=5.0,0.8141937608950411,0.06085666476414153,0.8116756050241632,0.059630104819982585,0.7381027836777588,0.06134837756663166,0.7381027836777588,0.06134837756663166,0.789316245489036,0.11103907719939625,15
Request-Aware Weighted Residual STV k=1 clip=5.0,0.8089929954496317,0.06235083251551674,0.8002655263704912,0.05936695436402789,0.7330171708463665,0.06349547318140189,0.7330171708463665,0.06349547318140189,0.7801631146080005,0.11109302189640313,15
Global Weighted Residual STV k=1 clip=10.0,0.8028877903141852,0.06119926774345646,0.7752083607056794,0.0756299877544822,0.7352957661338991,0.05870420235460056,0.7352957661338991,0.05870420235460056,0.8011900208364955,0.11397150128980951,15
Global Residual STV k=1 clip=5.0,0.7992313398133344,0.06893582082607533,0.7435803295265305,0.08348052834047476,0.7264380098550903,0.07565807026415196,0.7264380098550903,0.07565807026415196,0.7543088943496093,0.11564396935321741,15
Request-Aware Weighted Residual STV k=1 clip=10.0,0.7971120433883967,0.061828414816220166,0.7630787827474433,0.06942733219979885,0.7323154164604015,0.0632586130825332,0.7323154164604015,0.0632586130825332,0.8000236400474733,0.11408463678948688,15
Request-Aware Residual STV k=1 clip=5.0,0.7932196711677285,0.06818976329770375,0.7321916375731589,0.07949091169454042,0.7262646777254523,0.07714474912869995,0.7262646777254523,0.07714474912869995,0.7463678846806949,0.11331842575677573,15
Global Residual STV k=1 clip=10.0,0.7931277703454082,0.07122436358694827,0.7205708078187439,0.08960122031724425,0.7264380098550903,0.07565807026415196,0.7264380098550903,0.07565807026415196,0.7750310986596985,0.11280683034465556,15
Request-Aware Residual STV k=1 clip=10.0,0.7881061042283339,0.0706151522537839,0.7127944774586158,0.08313570152384243,0.7262646777254523,0.07714474912869995,0.7262646777254523,0.07714474912869995,0.7738647178706761,0.11148617132001985,15
Global Weighted Residual STV k=3 clip=5.0,0.7746356574365169,0.053113332602670885,0.7887097689961363,0.05940515750243782,0.68147842458766,0.05874132432271217,0.68147842458766,0.05874132432271217,0.8323255420514606,0.10853254429478258,15
Global Residual STV k=3 clip=5.0,0.7745091705374446,0.05926262404505284,0.7414486856867835,0.07666644714939279,0.6985379724545564,0.053729949480073536,0.6985379724545564,0.053729949480073536,0.8198599440943036,0.11048417179722927,15
Global Residual STV k=3 clip=10.0,0.7727764629062585,0.05902663001513507,0.7306161964915537,0.07262852039897857,0.696157020073604,0.057061610124755704,0.696157020073604,0.057061610124755704,0.8337343470829072,0.09622859032614968,15
Request-Aware Residual STV k=3 clip=5.0,0.7719305263285663,0.059252491181334105,0.7384771028693248,0.07479044037122938,0.7001545138079398,0.05593541504450744,0.7001545138079398,0.05593541504450744,0.8212634528662334,0.11163105951768702,15
Request-Aware Weighted Residual STV k=3 clip=5.0,0.7708309925599937,0.05456081725381384,0.7833323727365712,0.05849108104318895,0.6793274210066663,0.05604780997023502,0.6793274210066663,0.05604780997023502,0.8351325595953203,0.1102101507538457,15
Global Weighted Residual STV k=3 clip=10.0,0.7705087961869931,0.05350067828835466,0.7639884646174104,0.06572627926866956,0.6818315243181182,0.06129716621576619,0.6818315243181182,0.06129716621576619,0.8461999450400642,0.09243594857884259,15
Request-Aware Residual STV k=3 clip=10.0,0.7695802076238851,0.05804352811482251,0.7258475960581968,0.06966998922014205,0.6982622832314987,0.05894398179277315,0.6982622832314987,0.05894398179277315,0.835137855854837,0.09749160677870843,15
Request-Aware Weighted Residual STV k=3 clip=10.0,0.7660856347583126,0.05423273699005621,0.7584113804528456,0.06298297784870477,0.6816401367583096,0.058868094883166515,0.6816401367583096,0.058868094883166515,0.847603453811994,0.09371896263955769,15
Global Residual STV k=5 clip=10.0,0.7658551206566614,0.05771703796608803,0.7210519328718499,0.06933109194421222,0.6892851233506646,0.05233060532883179,0.6892851233506646,0.05233060532883179,0.8435385746329143,0.09008634557729259,15
Global Residual STV k=5 clip=5.0,0.7654639641704059,0.05771754241985498,0.7209648531400558,0.07170945050629832,0.692367830117582,0.04931801598926948,0.692367830117582,0.04931801598926948,0.8310002949714966,0.09924440624964924,15
Global Weighted Residual STV k=5 clip=5.0,0.7634612151448957,0.04920565639591436,0.7601045369506029,0.05907590828680353,0.6701203123258733,0.05210501680694371,0.6701203123258733,0.05210501680694371,0.8420623841567239,0.09484679712560432,15
Request-Aware Residual STV k=5 clip=5.0,0.7629673485263808,0.0578774500667052,0.7180077465255784,0.07064427429085708,0.6960896346288601,0.05243616040298209,0.6960896346288601,0.05243616040298209,0.8324038037434264,0.10051043070795586,15
Request-Aware Residual STV k=5 clip=10.0,0.7628839066316454,0.05670794376924633,0.7169017851027547,0.06558659981540786,0.693495649666454,0.05511605596840588,0.693495649666454,0.05511605596840588,0.844942083404844,0.09135953208757727,15
Global Weighted Residual STV k=5 clip=10.0,0.7623970755338725,0.05110631794071285,0.7390106812473074,0.06485506172744476,0.6740664856494052,0.054304178896685894,0.6740664856494052,0.054304178896685894,0.8553024182041064,0.08546641491613498,15
Request-Aware Weighted Residual STV k=5 clip=5.0,0.7606612551092632,0.05101581405338427,0.7583009998886949,0.059947305636306444,0.668352083864497,0.05160799974151855,0.668352083864497,0.05160799974151855,0.8455711560865483,0.09729250928885914,15
Request-Aware Weighted Residual STV k=5 clip=10.0,0.7583288675655571,0.05223119083613874,0.7349608072003574,0.06320932024810709,0.6756613819811437,0.05537133340867512,0.6756613819811437,0.05537133340867512,0.8567059269760363,0.08669470334479114,15
Enhanced STV + IF,0.6750950638860052,0.0448088572093637,0.6302686239059617,0.04543749973682811,0.6500928717095549,0.043097771058737445,0.6500928717095549,0.043097771058737445,0.6762962790271628,0.14618461041225925,15
Request-Aware Enhanced STV + IF,0.6272754917744586,0.03471237413194256,0.649469947126586,0.059342049823106834,0.5529965165585822,0.031159464796254102,0.5529965165585822,0.031159464796254102,0.6773002684174482,0.13005896064923786,15
Baseline STV + IF,0.6047634468810649,0.026706637858618213,0.5742733447517446,0.01980869587142636,0.5827673465230565,0.036927298258824647,0.5827673465230565,0.036927298258824647,0.8184000478171283,0.10527726504188278,15
