method,roc_auc_mean,roc_auc_std,average_precision_mean,average_precision_std,f1_mean,f1_std,precision_at_k_mean,precision_at_k_std,pairwise_win_rate_mean,pairwise_win_rate_std
Request-Aware Weighted Residual STV k=1 clip=5.0,0.8046401100295227,0.060150100533167085,0.8073721370806245,0.04207299102544203,0.725471085120208,0.03698690221904475,0.725471085120208,0.03698690221904475,0.8290448343079921,0.10557836712790296
Global Weighted Residual STV k=1 clip=5.0,0.8039002731077837,0.05875046712648413,0.8057444790364645,0.04084934564550162,0.725471085120208,0.03698690221904475,0.725471085120208,0.03698690221904475,0.8317089018843404,0.09673749920790954
Request-Aware Residual STV k=1 clip=5.0,0.8027439040678473,0.047006992566337426,0.7767770423390394,0.07259342061041621,0.7281351526965562,0.02229165083029659,0.7281351526965562,0.02229165083029659,0.8158544509421702,0.11490749962084403
Global Residual STV k=1 clip=5.0,0.8026694611379104,0.0465945151301342,0.776356183800068,0.07294790739843132,0.7281351526965562,0.02229165083029659,0.7281351526965562,0.02229165083029659,0.8158544509421702,0.11490749962084403
Global Weighted Residual STV k=1 clip=10.0,0.8024853300799002,0.06133214237304388,0.802119180295823,0.03181243114745934,0.725471085120208,0.03698690221904475,0.725471085120208,0.03698690221904475,0.8607537361923328,0.06887862120212998
Request-Aware Weighted Residual STV k=1 clip=10.0,0.8022273630375377,0.06138112711092683,0.8012823675927359,0.03021805561806127,0.725471085120208,0.03698690221904475,0.725471085120208,0.03698690221904475,0.8545808966861599,0.07779609627599872
Global Residual STV k=1 clip=10.0,0.795051939846157,0.0546284957804472,0.7551158345678832,0.08747410567309315,0.7281351526965562,0.02229165083029659,0.7281351526965562,0.02229165083029659,0.848408057179987,0.08711385893344534
Request-Aware Residual STV k=1 clip=10.0,0.7943138250660292,0.05404166107686238,0.7514813679657658,0.08349087068649771,0.7281351526965562,0.02229165083029659,0.7281351526965562,0.02229165083029659,0.8448992852501624,0.08707066518509902
Global Residual STV k=3 clip=10.0,0.7826138713443989,0.043885289912773705,0.7817955173743968,0.07789813283683053,0.7003248862897986,0.015304730705205754,0.7003248862897986,0.015304730705205754,0.8844704353476284,0.061934746234620836
Global Residual STV k=3 clip=5.0,0.7822204892458147,0.027515382138041444,0.7886057648737671,0.05153558447035494,0.7003248862897986,0.015304730705205754,0.7003248862897986,0.015304730705205754,0.8712800519818064,0.06942755400306792
Request-Aware Residual STV k=3 clip=10.0,0.7813534933825793,0.046125943189305185,0.7810033244594461,0.07849545199125195,0.7003248862897986,0.015304730705205754,0.7003248862897986,0.015304730705205754,0.8844704353476284,0.061934746234620836
Request-Aware Residual STV k=3 clip=5.0,0.7812925212562942,0.029935093176340303,0.7882784642459814,0.05212993037717163,0.7003248862897986,0.015304730705205754,0.7003248862897986,0.015304730705205754,0.8712800519818064,0.06942755400306792
Request-Aware Weighted Residual STV k=3 clip=10.0,0.7801505948027335,0.05118958015330983,0.8091946276562804,0.03729592125955047,0.7025990903183885,0.04728625918674133,0.7025990903183885,0.04728625918674133,0.8879792072774529,0.06396653809740863
Global Weighted Residual STV k=3 clip=10.0,0.779958376849815,0.05086523879090668,0.8090422649380385,0.03757229452906667,0.7087719298245614,0.03663265441723003,0.7087719298245614,0.03663265441723003,0.8844704353476284,0.061934746234620836
Request-Aware Weighted Residual STV k=3 clip=5.0,0.7750569327172551,0.04846412033742656,0.8080079948281315,0.0352490199647858,0.7114359974009097,0.024367511348842144,0.7114359974009097,0.024367511348842144,0.8747888239116309,0.07066279043713655
Global Weighted Residual STV k=3 clip=5.0,0.7741254518898012,0.04744835860507751,0.8063720955314388,0.03528832553979802,0.7114359974009097,0.024367511348842144,0.7114359974009097,0.024367511348842144,0.8712800519818064,0.06942755400306792
Global Residual STV k=5 clip=10.0,0.774019338653494,0.0414631564835213,0.7770151059994189,0.07035808404672048,0.7003248862897986,0.015304730705205754,0.7003248862897986,0.015304730705205754,0.8976608187134504,0.05581962479229319
Request-Aware Weighted Residual STV k=5 clip=10.0,0.7732841498593368,0.052337438578000404,0.7928995959010764,0.055363972644887266,0.6774528914879792,0.02657824028159361,0.6774528914879792,0.02657824028159361,0.8976608187134504,0.05581962479229319
Global Weighted Residual STV k=5 clip=10.0,0.7731831199154272,0.051521918569782055,0.7917623854814823,0.05584026914552154,0.6809616634178037,0.02853892597874309,0.6809616634178037,0.02853892597874309,0.8976608187134504,0.05581962479229319
Request-Aware Residual STV k=5 clip=10.0,0.7730527140809956,0.043190152572642505,0.7762625819402055,0.07081797541875845,0.696816114359974,0.010410768120458139,0.696816114359974,0.010410768120458139,0.8976608187134504,0.05581962479229319
Global Residual STV k=5 clip=5.0,0.7703380655389337,0.024213015414335706,0.7683144773266495,0.05307987115133438,0.6821962313190384,0.014271792851595883,0.6821962313190384,0.014271792851595883,0.8782975958414555,0.07238883569038523
Request-Aware Residual STV k=5 clip=5.0,0.769760400695192,0.026547339609724295,0.7690644024001992,0.052886745571031055,0.6821962313190384,0.014271792851595883,0.6821962313190384,0.014271792851595883,0.8782975958414555,0.07238883569038523
Request-Aware Weighted Residual STV k=5 clip=5.0,0.7662384989623025,0.04796573311438583,0.7906586523855665,0.049443934218313945,0.6959714100064978,0.010352204797577255,0.6959714100064978,0.010352204797577255,0.8818063677712801,0.07457161655475665
Global Weighted Residual STV k=5 clip=5.0,0.765583452397894,0.04698831698151625,0.7897844988563882,0.04992736920131684,0.6959714100064978,0.010352204797577255,0.6959714100064978,0.010352204797577255,0.8818063677712801,0.07457161655475665
Enhanced STV + IF,0.6488218252431682,0.0190146829304286,0.6544806898734917,0.06644257757048337,0.6119558154645874,0.041495445577413845,0.6119558154645874,0.041495445577413845,0.6627680311890839,0.12987767383785093
Request-Aware Enhanced STV + IF,0.6301195030744817,0.0489403572528232,0.6766441978437457,0.07211238603741936,0.5849902534113061,0.0447371606200997,0.5849902534113061,0.0447371606200997,0.6592592592592593,0.123894286545761
Baseline STV + IF,0.5839013059593586,0.00643294567197176,0.5578180800785172,0.004408701636533715,0.5864197530864197,0.017503020837972602,0.5864197530864197,0.017503020837972602,0.7326185834957766,0.18739061556924447
