method_score,complexity_measure,abs_correlation_mean,abs_correlation_std,abs_correlation_median,runs
Baseline STV + IF,max_span_duration,0.5792508344009641,0.21619658573866304,0.638761310898134,15
Baseline STV + IF,mean_span_duration,0.0830325545663536,0.07366046633509442,0.05225027658976307,15
Baseline STV + IF,num_services,0.8677743807420867,0.24301632454612532,0.9545284084348964,15
Baseline STV + IF,num_spans,0.8319797767243167,0.22133574378877102,0.9240443531409852,15
Baseline STV + IF,total_duration,0.706222559022518,0.21258996951581896,0.7839965931731888,15
Enhanced STV + IF,max_span_duration,0.5618895141651241,0.24726072845587174,0.5929562752897024,15
Enhanced STV + IF,mean_span_duration,0.09064466203023035,0.0824155307539613,0.053441288962404326,15
Enhanced STV + IF,num_services,0.8354968098909633,0.19895820731848213,0.881459262693595,15
Enhanced STV + IF,num_spans,0.7793805743474618,0.23431816113130932,0.870407711307555,15
Enhanced STV + IF,total_duration,0.6908517603941721,0.21210111270260618,0.6742792364885373,15
Global Residual STV k=1,max_span_duration,0.42518946545296993,0.10184027636524777,0.43689126768098724,15
Global Residual STV k=1,mean_span_duration,0.30870218772458163,0.13949097175164263,0.2877243345638136,15
Global Residual STV k=1,num_services,0.38883408586917945,0.12947966688214377,0.3655425329591868,15
Global Residual STV k=1,num_spans,0.33880036442865497,0.12008668198239912,0.35168784924753255,15
Global Residual STV k=1,total_duration,0.38501241977807044,0.1109283127375284,0.36780044407606216,15
Global Weighted Residual STV k=1,max_span_duration,0.33765659853386737,0.0909427965048896,0.3230411380884182,15
Global Weighted Residual STV k=1,mean_span_duration,0.26179947577974877,0.13100087233649654,0.28634189604039023,15
Global Weighted Residual STV k=1,num_services,0.2962738603151724,0.11415765421052712,0.30526645349151177,15
Global Weighted Residual STV k=1,num_spans,0.25117053365721853,0.09627799533691647,0.23327798469991412,15
Global Weighted Residual STV k=1,total_duration,0.30122191694112066,0.09337174914768132,0.24374295796164472,15
Request-Aware Weighted Residual STV k=1,max_span_duration,0.3269535554428148,0.07719384644863998,0.3243807847285981,15
Request-Aware Weighted Residual STV k=1,mean_span_duration,0.26746554254815036,0.12703551310879133,0.30783602678844896,15
Request-Aware Weighted Residual STV k=1,num_services,0.2739238474032437,0.10884595107936773,0.2675904313509652,15
Request-Aware Weighted Residual STV k=1,num_spans,0.2308923272931774,0.09621835889199566,0.22941199601890963,15
Request-Aware Weighted Residual STV k=1,total_duration,0.2855333859637141,0.09515578316859519,0.23824791103359585,15
