method_score,complexity_measure,correlation_mean,correlation_std,correlation_median,runs
Baseline STV + IF,max_span_duration,0.5698510956459318,0.24148238042363823,0.638761310898134,15
Baseline STV + IF,mean_span_duration,0.028033879132364208,0.10941066195399114,0.007925645574729575,15
Baseline STV + IF,num_services,0.8677743807420867,0.24301632454612532,0.9545284084348964,15
Baseline STV + IF,num_spans,0.8201619151571315,0.2644029511073483,0.9240443531409852,15
Baseline STV + IF,total_duration,0.7003749074933459,0.2323947241428952,0.7839965931731888,15
Enhanced STV + IF,max_span_duration,0.5618895141651241,0.24726072845587174,0.5929562752897024,15
Enhanced STV + IF,mean_span_duration,0.03645585863090121,0.11904496534121539,-0.03787656248163838,15
Enhanced STV + IF,num_services,0.8354968098909633,0.19895820731848213,0.881459262693595,15
Enhanced STV + IF,num_spans,0.7793805743474618,0.23431816113130932,0.870407711307555,15
Enhanced STV + IF,total_duration,0.6908517603941721,0.21210111270260618,0.6742792364885373,15
Global Residual STV k=1,max_span_duration,0.42518946545296993,0.10184027636524777,0.43689126768098724,15
Global Residual STV k=1,mean_span_duration,0.30870218772458163,0.13949097175164263,0.2877243345638136,15
Global Residual STV k=1,num_services,0.3826584187019442,0.14788436405720917,0.3655425329591868,15
Global Residual STV k=1,num_spans,0.3236289996590187,0.15870923985253443,0.35168784924753255,15
Global Residual STV k=1,total_duration,0.38501241977807044,0.1109283127375284,0.36780044407606216,15
Global Weighted Residual STV k=1,max_span_duration,0.33765659853386737,0.0909427965048896,0.3230411380884182,15
Global Weighted Residual STV k=1,mean_span_duration,0.26003441147786027,0.13471484572703782,0.28634189604039023,15
Global Weighted Residual STV k=1,num_services,0.2962738603151724,0.11415765421052712,0.30526645349151177,15
Global Weighted Residual STV k=1,num_spans,0.23819869367064775,0.12677105997879667,0.23327798469991412,15
Global Weighted Residual STV k=1,total_duration,0.30122191694112066,0.09337174914768132,0.24374295796164472,15
Request-Aware Weighted Residual STV k=1,max_span_duration,0.3269535554428148,0.07719384644863998,0.3243807847285981,15
Request-Aware Weighted Residual STV k=1,mean_span_duration,0.26462385130318156,0.13325936280483677,0.30783602678844896,15
Request-Aware Weighted Residual STV k=1,num_services,0.2739238474032437,0.10884595107936773,0.2675904313509652,15
Request-Aware Weighted Residual STV k=1,num_spans,0.21816183297718045,0.12402817587537263,0.22941199601890963,15
Request-Aware Weighted Residual STV k=1,total_duration,0.2855333859637141,0.09515578316859519,0.23824791103359585,15
