method,injection_factor,roc_auc_mean,roc_auc_std,average_precision_mean,average_precision_std,f1_mean,f1_std,precision_at_k_mean,pairwise_win_rate_mean,runs
Baseline STV + IF,5.0,0.5805213866949209,0.02405918710154922,0.5541794226180067,0.014326804653136701,0.5568733447948939,0.02976273715543562,0.5568733447948939,0.787968559411459,15
Baseline STV + IF,10.0,0.594060474047109,0.024582624255832918,0.5648094863811867,0.016601707772821328,0.5741272213387406,0.03613266418580996,0.5741272213387406,0.8061242567429261,15
Baseline STV + IF,20.0,0.6014555181273606,0.026350114716400492,0.5714187752316252,0.01881058191074196,0.5795498688666514,0.03816253641499848,0.5795498688666514,0.8151341908670608,15
Baseline STV + IF,30.0,0.6047634468810649,0.026706637858618213,0.5742733447517446,0.01980869587142636,0.5827673465230565,0.036927298258824647,0.5827673465230565,0.8184000478171283,15
Enhanced STV + IF,5.0,0.5882869641616287,0.033172998509236815,0.5630343712743006,0.034230674832551766,0.5663101063120924,0.03455225848820368,0.5663101063120924,0.5234416427663696,15
Enhanced STV + IF,10.0,0.6301861191545929,0.042294278745911996,0.5926934593057946,0.043718220127404006,0.5955100609420371,0.048508122959018234,0.5955100609420371,0.601684983669095,15
Enhanced STV + IF,20.0,0.6646344879855269,0.04608103466960081,0.6211236738963275,0.04670711335959844,0.6363451282249692,0.04528789059871415,0.6363451282249692,0.6558919147717559,15
Enhanced STV + IF,30.0,0.6750950638860052,0.0448088572093637,0.6302686239059617,0.04543749973682811,0.6500928717095549,0.043097771058737445,0.6500928717095549,0.6762962790271628,15
Global Residual STV k=1 clip=10.0,5.0,0.6377209518530801,0.05058233523695503,0.5911541086162712,0.05055161745231835,0.5928265855296639,0.05384154528594147,0.5928265855296639,0.5984762986103601,15
Global Residual STV k=1 clip=10.0,10.0,0.7037546302977051,0.0689883138847974,0.6461606433906624,0.07206981786689977,0.650390336244358,0.0766587766349129,0.650390336244358,0.6923043431246013,15
Global Residual STV k=1 clip=10.0,20.0,0.7626416708683009,0.07460481994838127,0.6957985147047456,0.08704334696227671,0.7002971431084639,0.0845827868491608,0.7002971431084639,0.7566840137684229,15
Global Residual STV k=1 clip=10.0,30.0,0.7931277703454082,0.07122436358694827,0.7205708078187439,0.08960122031724425,0.7264380098550903,0.07565807026415196,0.7264380098550903,0.7750310986596985,15
Global Residual STV k=1 clip=5.0,5.0,0.6382875277876967,0.049838403949079464,0.5938003915289388,0.04924153824327336,0.5928265855296639,0.05384154528594147,0.5928265855296639,0.5801350466812234,15
Global Residual STV k=1 clip=5.0,10.0,0.707223351358257,0.06718166711857942,0.6589774043758371,0.06710496566451786,0.650390336244358,0.0766587766349129,0.650390336244358,0.6739630911954646,15
Global Residual STV k=1 clip=5.0,20.0,0.7670973605038179,0.07249578524070699,0.7131430125854596,0.08095612499122731,0.7002971431084639,0.0845827868491608,0.7002971431084639,0.7359618094583339,15
Global Residual STV k=1 clip=5.0,30.0,0.7992313398133344,0.06893582082607533,0.7435803295265305,0.08348052834047476,0.7264380098550903,0.07565807026415196,0.7264380098550903,0.7543088943496093,15
Global Residual STV k=3 clip=10.0,5.0,0.6294299452088435,0.04283158486546352,0.6042969834321024,0.046552546363520374,0.5752727051167965,0.049750052841850106,0.5752727051167965,0.6604592398663898,15
Global Residual STV k=3 clip=10.0,10.0,0.686923766627737,0.055730996584199485,0.6551506648264216,0.06322307789268633,0.6320845926665192,0.044525873666936375,0.6320845926665192,0.7507980675398749,15
Global Residual STV k=3 clip=10.0,20.0,0.7449664058103777,0.058622233625726244,0.706563360634197,0.07021980512733916,0.677736762740735,0.05272132799352337,0.677736762740735,0.8084660354541189,15
Global Residual STV k=3 clip=10.0,30.0,0.7727764629062585,0.05902663001513507,0.7306161964915537,0.07262852039897857,0.696157020073604,0.057061610124755704,0.696157020073604,0.8337343470829072,15
Global Residual STV k=3 clip=5.0,5.0,0.6317118035009012,0.04320873632951643,0.6083688034022541,0.04828994177078993,0.5776536574977488,0.04856205412615231,0.5776536574977488,0.64539436068731,15
Global Residual STV k=3 clip=5.0,10.0,0.690806299506325,0.055204669303377356,0.6638363426096446,0.06538470764991014,0.6297036402855667,0.04684913224469762,0.6297036402855667,0.7369236645512713,15
Global Residual STV k=3 clip=5.0,20.0,0.7476505424437356,0.05813525824866345,0.7160057380362511,0.07342150902033483,0.6801177151216873,0.0500439751744587,0.6801177151216873,0.7945916324655152,15
Global Residual STV k=3 clip=5.0,30.0,0.7745091705374446,0.05926262404505284,0.7414486856867835,0.07666644714939279,0.6985379724545564,0.053729949480073536,0.6985379724545564,0.8198599440943036,15
Global Residual STV k=5 clip=10.0,5.0,0.6269724523032161,0.04122862313108358,0.6009096952787416,0.040924327242060556,0.5759744595027614,0.04843055893566205,0.5759744595027614,0.6741128636342142,15
Global Residual STV k=5 clip=10.0,10.0,0.6820740340465026,0.05494490181778513,0.6490769452507771,0.05736129890898322,0.6281087439538283,0.04508418304131165,0.6281087439538283,0.7608153276713356,15
Global Residual STV k=5 clip=10.0,20.0,0.7381120262719966,0.05745041263751924,0.6969178421844177,0.06734327596444327,0.6675474816477796,0.045208326580469665,0.6675474816477796,0.8197411572207998,15
Global Residual STV k=5 clip=10.0,30.0,0.7658551206566614,0.05771703796608803,0.7210519328718499,0.06933109194421222,0.6892851233506646,0.05233060532883179,0.6892851233506646,0.8435385746329143,15
Global Residual STV k=5 clip=5.0,5.0,0.628684891444244,0.04222003076175564,0.601896638150233,0.04468831057778583,0.5783554118837138,0.04717143205887305,0.5783554118837138,0.6596823533963554,15
Global Residual STV k=5 clip=5.0,10.0,0.685359789847929,0.054991894252192045,0.6530637005959362,0.06189514631986546,0.6304896963347807,0.0427601803130862,0.6304896963347807,0.747575293623953,15
Global Residual STV k=5 clip=5.0,20.0,0.7392843454345855,0.057172689675441916,0.6989547721871793,0.06924390450113697,0.6706301884146968,0.04282142709640884,0.6706301884146968,0.8065011231734172,15
Global Residual STV k=5 clip=5.0,30.0,0.7654639641704059,0.05771754241985498,0.7209648531400558,0.07170945050629832,0.692367830117582,0.04931801598926948,0.692367830117582,0.8310002949714966,15
Global Weighted Residual STV k=1 clip=10.0,5.0,0.6405449933581485,0.048174805468169615,0.611145096635831,0.051662444288270604,0.6033505921420519,0.0370129583232408,0.6033505921420519,0.6179861746991836,15
Global Weighted Residual STV k=1 clip=10.0,10.0,0.7120059086246011,0.06045211992711856,0.6762285932643596,0.06955129807584601,0.6601884930693273,0.056907327608627996,0.6601884930693273,0.7238270177356573,15
Global Weighted Residual STV k=1 clip=10.0,20.0,0.7711020379373953,0.06224818423807702,0.7368780349292698,0.08149144272946435,0.7151215576875954,0.05684659392413463,0.7151215576875954,0.7771686945957055,15
Global Weighted Residual STV k=1 clip=10.0,30.0,0.8028877903141852,0.06119926774345646,0.7752083607056794,0.0756299877544822,0.7352957661338991,0.05870420235460056,0.7352957661338991,0.8011900208364955,15
Global Weighted Residual STV k=1 clip=5.0,5.0,0.6458148887527939,0.04827836980129511,0.625076793382933,0.051578379267594204,0.6033505921420519,0.0370129583232408,0.6033505921420519,0.6105312294458273,15
Global Weighted Residual STV k=1 clip=5.0,10.0,0.7240251471675737,0.05907144157744581,0.7112098366386796,0.061673833741298575,0.6601884930693273,0.056907327608627996,0.6601884930693273,0.7137780875198949,15
Global Weighted Residual STV k=1 clip=5.0,20.0,0.7844438549613858,0.05990570672670795,0.7803177363096409,0.061120484967173906,0.7151215576875954,0.05614614865933066,0.7151215576875954,0.7683776260151632,15
Global Weighted Residual STV k=1 clip=5.0,30.0,0.8141937608950411,0.06085666476414153,0.8116756050241632,0.059630104819982585,0.7381027836777588,0.06134837756663166,0.7381027836777588,0.789316245489036,15
Global Weighted Residual STV k=3 clip=10.0,5.0,0.6293274601680937,0.040860428397113784,0.6220761423920828,0.04992110914972215,0.5811800083398891,0.04077664452342006,0.5811800083398891,0.6704524045963967,15
Global Weighted Residual STV k=3 clip=10.0,10.0,0.6869696309972863,0.0508241143595252,0.6809614059618856,0.06348301363371765,0.6197519779128517,0.04399470420711215,0.6197519779128517,0.766424633955915,15
Global Weighted Residual STV k=3 clip=10.0,20.0,0.7406024922278417,0.05384620075912942,0.7327522095830835,0.0674558854607288,0.6577760776132177,0.060560982107113935,0.6577760776132177,0.8173385598182024,15
Global Weighted Residual STV k=3 clip=10.0,30.0,0.7705087961869931,0.05350067828835466,0.7639884646174104,0.06572627926866956,0.6818315243181182,0.06129716621576619,0.6818315243181182,0.8461999450400642,15
Global Weighted Residual STV k=3 clip=5.0,5.0,0.6349401969077595,0.0429362213534545,0.6454660350430039,0.05434337629132602,0.5787990559589368,0.037856168512591375,0.5787990559589368,0.6601494301792216,15
Global Weighted Residual STV k=3 clip=5.0,10.0,0.6940869931005159,0.05128938995423636,0.7103974232833984,0.06233199507924455,0.6218572410707465,0.045336196820584165,0.6218572410707465,0.7525502309673114,15
Global Weighted Residual STV k=3 clip=5.0,20.0,0.7470464829501913,0.05291677603327739,0.7641611593971691,0.05967760524521327,0.6577086921684736,0.05940368902137932,0.6577086921684736,0.8071029708457712,15
Global Weighted Residual STV k=3 clip=5.0,30.0,0.7746356574365169,0.053113332602670885,0.7887097689961363,0.05940515750243782,0.68147842458766,0.05874132432271217,0.68147842458766,0.8323255420514606,15
Global Weighted Residual STV k=5 clip=10.0,5.0,0.625763394532058,0.04001889147570295,0.6142104976424615,0.048644699745379785,0.5786076683991281,0.035263277398976334,0.5786076683991281,0.6816817859399786,15
Global Weighted Residual STV k=5 clip=10.0,10.0,0.6833844708247283,0.04852532255127839,0.6700769543288948,0.05922333607488714,0.6177923618916668,0.040268949703234656,0.6177923618916668,0.776296246950666,15
Global Weighted Residual STV k=5 clip=10.0,20.0,0.7342961344662532,0.05205757177261518,0.7137441984435172,0.06620269800116056,0.6525833788852657,0.05207384497884015,0.6525833788852657,0.8259523111777333,15
Global Weighted Residual STV k=5 clip=10.0,30.0,0.7623970755338725,0.05110631794071285,0.7390106812473074,0.06485506172744476,0.6740664856494052,0.054304178896685894,0.6740664856494052,0.8553024182041064,15
Global Weighted Residual STV k=5 clip=5.0,5.0,0.6292273944005657,0.04153671682028747,0.6228074928134283,0.049786923033282936,0.579309422785093,0.03537508230790577,0.579309422785093,0.6720131804640245,15
Global Weighted Residual STV k=5 clip=5.0,10.0,0.6858302773683005,0.05001328627017761,0.6800954742542136,0.06399461879421903,0.6177923618916668,0.040268949703234656,0.6177923618916668,0.7630562129032834,15
Global Weighted Residual STV k=5 clip=5.0,20.0,0.7361832474346588,0.05088382495638738,0.7316677868069845,0.06452999919489875,0.6465419674664957,0.05366754515612471,0.6465419674664957,0.816351091146523,15
Global Weighted Residual STV k=5 clip=5.0,30.0,0.7634612151448957,0.04920565639591436,0.7601045369506029,0.05907590828680353,0.6701203123258733,0.05210501680694371,0.6701203123258733,0.8420623841567239,15
Request-Aware Enhanced STV + IF,5.0,0.579760649157037,0.03556991077874193,0.5905450167821675,0.05520661126724787,0.5249786780581219,0.03836813863916203,0.5249786780581219,0.5577667989078118,15
Request-Aware Enhanced STV + IF,10.0,0.6048337836140522,0.03509020432527704,0.6195166858934292,0.062327395653758964,0.5404450362613223,0.030888386717232142,0.5404450362613223,0.6219690121199555,15
Request-Aware Enhanced STV + IF,20.0,0.621850983645372,0.03555676729156906,0.6413511278910247,0.06020706745689873,0.5498247793252758,0.03380977882593229,0.5498247793252758,0.6608745987544399,15
Request-Aware Enhanced STV + IF,30.0,0.6272754917744586,0.03471237413194256,0.649469947126586,0.059342049823106834,0.5529965165585822,0.031159464796254102,0.5529965165585822,0.6773002684174482,15
Request-Aware Residual STV k=1 clip=10.0,5.0,0.6315966035524088,0.05116924436019173,0.5860522433702143,0.04743855191097423,0.588634114644045,0.05128022378977863,0.588634114644045,0.5891957645135402,15
Request-Aware Residual STV k=1 clip=10.0,10.0,0.6994795036669271,0.06816680690036774,0.6399431452487436,0.06708099491500823,0.6479203533970168,0.07631530680093006,0.6479203533970168,0.6846247453308029,15
Request-Aware Residual STV k=1 clip=10.0,20.0,0.7579711743581964,0.07492242396739418,0.6885360080876223,0.08078782259425507,0.7006341778049822,0.08560943470544868,0.7006341778049822,0.7528562625722507,15
Request-Aware Residual STV k=1 clip=10.0,30.0,0.7881061042283339,0.0706151522537839,0.7127944774586158,0.08313570152384243,0.7262646777254523,0.07714474912869995,0.7262646777254523,0.7738647178706761,15
Request-Aware Residual STV k=1 clip=5.0,5.0,0.6318432527142659,0.05034907356344137,0.5878646120466916,0.04716769046348002,0.588634114644045,0.05128022378977863,0.588634114644045,0.5653377453397314,15
Request-Aware Residual STV k=1 clip=5.0,10.0,0.7025609776143217,0.06638311575115441,0.6513383959065896,0.06389491266386776,0.6479203533970168,0.07631530680093006,0.6479203533970168,0.6607667261569943,15
Request-Aware Residual STV k=1 clip=5.0,20.0,0.7615545874901278,0.07296200960063913,0.7033109850588021,0.0779028251135426,0.7006341778049822,0.08560943470544868,0.7006341778049822,0.7253594293822695,15
Request-Aware Residual STV k=1 clip=5.0,30.0,0.7932196711677285,0.06818976329770375,0.7321916375731589,0.07949091169454042,0.7262646777254523,0.07714474912869995,0.7262646777254523,0.7463678846806949,15
Request-Aware Residual STV k=3 clip=10.0,5.0,0.6260478304839083,0.04418936717360878,0.6010810155366606,0.04352953251866846,0.5789728646064296,0.05060982231060743,0.5789728646064296,0.6555625642149973,15
Request-Aware Residual STV k=3 clip=10.0,10.0,0.6826547164599785,0.05652016092764665,0.6504201313520098,0.05966964567254498,0.6362951189823086,0.045847366859892824,0.6362951189823086,0.7458231301965165,15
Request-Aware Residual STV k=3 clip=10.0,20.0,0.7415362438008185,0.05823994865758604,0.7014574331794365,0.06646307060979333,0.6791402715126648,0.05348096892103878,0.6791402715126648,0.8100043151155366,15
Request-Aware Residual STV k=3 clip=10.0,30.0,0.7695802076238851,0.05804352811482251,0.7258475960581968,0.06966998922014205,0.6982622832314987,0.05894398179277315,0.6982622832314987,0.835137855854837,15
Request-Aware Residual STV k=3 clip=5.0,5.0,0.6285459259255727,0.044914451699925965,0.6045666168340741,0.04697636429626292,0.5813538169873821,0.04925120397262081,0.5813538169873821,0.6404976850359174,15
Request-Aware Residual STV k=3 clip=5.0,10.0,0.6868428145769668,0.0563566528002592,0.6591009912579163,0.06284306542362185,0.6339141666013562,0.048329608847829095,0.6339141666013562,0.7319487272079129,15
Request-Aware Residual STV k=3 clip=5.0,20.0,0.7446349697890168,0.058483977767760646,0.7116451692374579,0.07129078586768495,0.682222978279582,0.05104090812201365,0.682222978279582,0.794872050491713,15
Request-Aware Residual STV k=3 clip=5.0,30.0,0.7719305263285663,0.059252491181334105,0.7384771028693248,0.07479044037122938,0.7001545138079398,0.05593541504450744,0.7001545138079398,0.8212634528662334,15
Request-Aware Residual STV k=5 clip=10.0,5.0,0.6235142340976846,0.042274843320377835,0.5977903435431444,0.039434856118804096,0.57616584706257,0.04844881541274949,0.57616584706257,0.6692161879828215,15
Request-Aware Residual STV k=5 clip=10.0,10.0,0.6778164061978244,0.05542481973556166,0.64423573547728,0.0540134966703613,0.6290018858996018,0.044832831589828204,0.6290018858996018,0.7558403903279772,15
Request-Aware Residual STV k=5 clip=10.0,20.0,0.7353620709773442,0.057116432112504514,0.6933892898422981,0.06309339874909127,0.6717580079635691,0.04830560691895451,0.6717580079635691,0.8212794368822175,15
Request-Aware Residual STV k=5 clip=10.0,30.0,0.7628839066316454,0.05670794376924633,0.7169017851027547,0.06558659981540786,0.693495649666454,0.05511605596840588,0.693495649666454,0.844942083404844,15
Request-Aware Residual STV k=5 clip=5.0,5.0,0.6252529095194692,0.04349431182692705,0.5980042600246315,0.04327349744096752,0.5785467994435224,0.04717982843780838,0.5785467994435224,0.6547856777449628,15
Request-Aware Residual STV k=5 clip=5.0,10.0,0.6812921764440834,0.05581088098546039,0.6481975141454719,0.0592078881966349,0.6313828382805543,0.04244143496166145,0.6313828382805543,0.7426003562805946,15
Request-Aware Residual STV k=5 clip=5.0,20.0,0.7367726237655334,0.05774259320218553,0.6955248084475371,0.0676505131355016,0.6748407147304863,0.04612111970815285,0.6748407147304863,0.8067815411996146,15
Request-Aware Residual STV k=5 clip=5.0,30.0,0.7629673485263808,0.0578774500667052,0.7180077465255784,0.07064427429085708,0.6960896346288601,0.05243616040298209,0.6960896346288601,0.8324038037434264,15
Request-Aware Weighted Residual STV k=1 clip=10.0,5.0,0.6342885320384539,0.04827196444714051,0.6066970630219051,0.04386375277527722,0.6016228078442577,0.040101120020744126,0.6016228078442577,0.6080038862163986,15
Request-Aware Weighted Residual STV k=1 clip=10.0,10.0,0.7055351321041264,0.06254809049621178,0.6699890186971694,0.062222925671875165,0.660334140206037,0.056947018259589234,0.660334140206037,0.7150243291961266,15
Request-Aware Weighted Residual STV k=1 clip=10.0,20.0,0.765314082203733,0.06465018127267612,0.7267903184198576,0.07446093424479808,0.7077548991888615,0.059784808803527635,0.7077548991888615,0.7709599910185808,15
Request-Aware Weighted Residual STV k=1 clip=10.0,30.0,0.7971120433883967,0.061828414816220166,0.7630787827474433,0.06942733219979885,0.7323154164604015,0.0632586130825332,0.7323154164604015,0.8000236400474733,15
Request-Aware Weighted Residual STV k=1 clip=5.0,5.0,0.6390669436860302,0.04890117444447418,0.6175024271374969,0.04842405354023549,0.6016228078442577,0.040101120020744126,0.6016228078442577,0.5950779141414693,15
Request-Aware Weighted Residual STV k=1 clip=5.0,10.0,0.7170452229580105,0.06273510898299481,0.6997195113040353,0.06280516726100038,0.659632385820072,0.055993751485472344,0.659632385820072,0.6982465105235711,15
Request-Aware Weighted Residual STV k=1 clip=5.0,20.0,0.779056225061165,0.06328984040163498,0.7693792691099218,0.061867807618681145,0.7084566535748263,0.059416968398414004,0.7084566535748263,0.7541821723460254,15
Request-Aware Weighted Residual STV k=1 clip=5.0,30.0,0.8089929954496317,0.06235083251551674,0.8002655263704912,0.05936695436402789,0.7330171708463665,0.06349547318140189,0.7330171708463665,0.7801631146080005,15
Request-Aware Weighted Residual STV k=3 clip=10.0,5.0,0.6251386195632181,0.04227038858449499,0.618654444019802,0.04638916663826737,0.5822404424440174,0.041489958546576465,0.5822404424440174,0.664853974559039,15
Request-Aware Weighted Residual STV k=3 clip=10.0,10.0,0.6839079520065208,0.052837450682667673,0.6760624040540903,0.058793479593763125,0.6248556461744148,0.04854441922530374,0.6248556461744148,0.7590687442316042,15
Request-Aware Weighted Residual STV k=3 clip=10.0,20.0,0.7374994597245474,0.05516260752330238,0.7284268396952706,0.06466472413440812,0.6579891101946713,0.060543043274065615,0.6579891101946713,0.81887683947962,15
Request-Aware Weighted Residual STV k=3 clip=10.0,30.0,0.7660856347583126,0.05423273699005621,0.7584113804528456,0.06298297784870477,0.6816401367583096,0.058868094883166515,0.6816401367583096,0.847603453811994,15
Request-Aware Weighted Residual STV k=3 clip=5.0,5.0,0.6308224704705092,0.044850825463941715,0.6399461579135699,0.05286139072908525,0.5805612444490299,0.03917722761407144,0.5805612444490299,0.6545510001418642,15
Request-Aware Weighted Residual STV k=3 clip=5.0,10.0,0.6907754986497332,0.053669103899890706,0.7041796385100938,0.059877663356651276,0.6224746937934623,0.05031864489567926,0.6224746937934623,0.7451943412430005,15
Request-Aware Weighted Residual STV k=3 clip=5.0,20.0,0.7440704271932364,0.0547614821177424,0.7591441839255472,0.058303220791992315,0.6567312485594511,0.06026523924214741,0.6567312485594511,0.8080851432579337,15
Request-Aware Weighted Residual STV k=3 clip=5.0,30.0,0.7708309925599937,0.05456081725381384,0.7833323727365712,0.05849108104318895,0.6793274210066663,0.05604780997023502,0.6793274210066663,0.8351325595953203,15
Request-Aware Weighted Residual STV k=5 clip=10.0,5.0,0.6217406985904517,0.04096165245630847,0.6101017249082378,0.04469774821368089,0.5751385969211192,0.0375716194507535,0.5751385969211192,0.676083355902621,15
Request-Aware Weighted Residual STV k=5 clip=10.0,10.0,0.6798290365404863,0.050376907517797505,0.665968825016461,0.054924916483766184,0.6198976250495615,0.041839300475054846,0.6198976250495615,0.7689403572263552,15
Request-Aware Weighted Residual STV k=5 clip=10.0,20.0,0.7313852552089307,0.05339802195726491,0.7103098889702508,0.06387845453170798,0.6549016746246141,0.05403779353748161,0.6549016746246141,0.8274905908391509,15
Request-Aware Weighted Residual STV k=5 clip=10.0,30.0,0.7583288675655571,0.05223119083613874,0.7349608072003574,0.06320932024810709,0.6756613819811437,0.05537133340867512,0.6756613819811437,0.8567059269760363,15
Request-Aware Weighted Residual STV k=5 clip=5.0,5.0,0.6250650671763275,0.04314606590851725,0.6181991456107668,0.04707641949045819,0.5758403513070841,0.037535475300911565,0.5758403513070841,0.666414750426667,15
Request-Aware Weighted Residual STV k=5 clip=5.0,10.0,0.6819556281421388,0.05231741786760963,0.6750912820260919,0.061840995373069106,0.6213011338214913,0.04260523927620736,0.6213011338214913,0.7557003231789726,15
Request-Aware Weighted Residual STV k=5 clip=5.0,20.0,0.7337484627577097,0.052788767793232313,0.7283857228032876,0.06403109719046564,0.6500507393963203,0.05548879229002376,0.6500507393963203,0.8173332635586856,15
Request-Aware Weighted Residual STV k=5 clip=5.0,30.0,0.7606612551092632,0.05101581405338427,0.7583009998886949,0.059947305636306444,0.668352083864497,0.05160799974151855,0.668352083864497,0.8455711560865483,15
